[16Oct2025 02:43:34.046] [main/INFO] [cpw.mods.modlauncher.Launcher/MODLAUNCHER]: ModLauncher running: args [--launchTarget, forgeserver, --fml.forgeVersion, 47.3.7, --fml.mcVersion, 1.20.1, --fml.forgeGroup, net.minecraftforge, --fml.mcpVersion, 20230612.114412, nogui]
[16Oct2025 02:43:34.053] [main/INFO] [cpw.mods.modlauncher.Launcher/MODLAUNCHER]: ModLauncher 10.0.9+10.0.9+main.dcd20f30 starting: java version 17.0.16 by Ubuntu; OS Linux arch amd64 version 6.8.0-1030-azure
[16Oct2025 02:43:34.089] [main/DEBUG] [cpw.mods.modlauncher.LaunchServiceHandler/MODLAUNCHER]: Found launch services [fmlclientdev,forgeclient,minecraft,forgegametestserverdev,fmlserveruserdev,fmlclient,fmldatauserdev,forgeserverdev,forgeserveruserdev,forgeclientdev,forgeclientuserdev,forgeserver,forgedatadev,fmlserver,fmlclientuserdev,fmlserverdev,forgedatauserdev,testharness,forgegametestserveruserdev]
[16Oct2025 02:43:34.105] [main/DEBUG] [cpw.mods.modlauncher.NameMappingServiceHandler/MODLAUNCHER]: Found naming services : [srgtomcp]
[16Oct2025 02:43:34.126] [main/DEBUG] [cpw.mods.modlauncher.LaunchPluginHandler/MODLAUNCHER]: Found launch plugins: [mixin,eventbus,slf4jfixer,object_holder_definalize,runtime_enum_extender,capability_token_subclass,accesstransformer,runtimedistcleaner]
[16Oct2025 02:43:34.138] [main/DEBUG] [cpw.mods.modlauncher.TransformationServicesHandler/MODLAUNCHER]: Discovering transformation services
[16Oct2025 02:43:34.143] [main/DEBUG] [net.minecraftforge.fml.loading.FMLPaths/CORE]: Path GAMEDIR is /workspaces/MI-server/servidor_minecraft
[16Oct2025 02:43:34.144] [main/DEBUG] [net.minecraftforge.fml.loading.FMLPaths/CORE]: Path MODSDIR is /workspaces/MI-server/servidor_minecraft/mods
[16Oct2025 02:43:34.144] [main/DEBUG] [net.minecraftforge.fml.loading.FMLPaths/CORE]: Path CONFIGDIR is /workspaces/MI-server/servidor_minecraft/config
[16Oct2025 02:43:34.144] [main/DEBUG] [net.minecraftforge.fml.loading.FMLPaths/CORE]: Path FMLCONFIG is /workspaces/MI-server/servidor_minecraft/config/fml.toml
[16Oct2025 02:43:35.990] [main/DEBUG] [cpw.mods.modlauncher.TransformationServicesHandler/MODLAUNCHER]: Found additional transformation services from discovery services: 
[16Oct2025 02:43:35.997] [main/INFO] [net.minecraftforge.fml.loading.ImmediateWindowHandler/]: ImmediateWindowProvider not loading because launch target is forgeserver
[16Oct2025 02:43:36.006] [main/DEBUG] [cpw.mods.modlauncher.TransformationServicesHandler/MODLAUNCHER]: Found transformer services : [mixin,fml]
[16Oct2025 02:43:36.009] [main/DEBUG] [cpw.mods.modlauncher.TransformationServicesHandler/MODLAUNCHER]: Transformation services loading
[16Oct2025 02:43:36.009] [main/DEBUG] [cpw.mods.modlauncher.TransformationServiceDecorator/MODLAUNCHER]: Loading service mixin
[16Oct2025 02:43:36.009] [main/DEBUG] [cpw.mods.modlauncher.TransformationServiceDecorator/MODLAUNCHER]: Loaded service mixin
[16Oct2025 02:43:36.010] [main/DEBUG] [cpw.mods.modlauncher.TransformationServiceDecorator/MODLAUNCHER]: Loading service fml
[16Oct2025 02:43:36.012] [main/DEBUG] [net.minecraftforge.fml.loading.LauncherVersion/CORE]: Found FMLLauncher version 1.0
[16Oct2025 02:43:36.013] [main/DEBUG] [net.minecraftforge.fml.loading.FMLLoader/CORE]: FML 1.0 loading
[16Oct2025 02:43:36.013] [main/DEBUG] [net.minecraftforge.fml.loading.FMLLoader/CORE]: FML found ModLauncher version : 10.0.9+10.0.9+main.dcd20f30
[16Oct2025 02:43:36.013] [main/DEBUG] [net.minecraftforge.fml.loading.FMLLoader/CORE]: FML found AccessTransformer version : 8.0.4+66+master.c09db6d7
[16Oct2025 02:43:36.014] [main/DEBUG] [net.minecraftforge.fml.loading.FMLLoader/CORE]: FML found EventBus version : 6.0.5+6.0.5+master.eb8e549b
[16Oct2025 02:43:36.014] [main/DEBUG] [net.minecraftforge.fml.loading.FMLLoader/CORE]: Found Runtime Dist Cleaner
[16Oct2025 02:43:36.017] [main/DEBUG] [net.minecraftforge.fml.loading.FMLLoader/CORE]: FML found CoreMod version : 5.1.6
[16Oct2025 02:43:36.017] [main/DEBUG] [net.minecraftforge.fml.loading.FMLLoader/CORE]: Found ForgeSPI package implementation version 7.0.1+7.0.1+master.d2b38bf6
[16Oct2025 02:43:36.018] [main/DEBUG] [net.minecraftforge.fml.loading.FMLLoader/CORE]: Found ForgeSPI package specification 5
[16Oct2025 02:43:36.018] [main/DEBUG] [cpw.mods.modlauncher.TransformationServiceDecorator/MODLAUNCHER]: Loaded service fml
[16Oct2025 02:43:36.019] [main/DEBUG] [cpw.mods.modlauncher.TransformationServicesHandler/MODLAUNCHER]: Configuring option handling for services
[16Oct2025 02:43:36.029] [main/DEBUG] [cpw.mods.modlauncher.TransformationServicesHandler/MODLAUNCHER]: Transformation services initializing
[16Oct2025 02:43:36.030] [main/DEBUG] [cpw.mods.modlauncher.TransformationServiceDecorator/MODLAUNCHER]: Initializing transformation service mixin
[16Oct2025 02:43:36.048] [main/DEBUG] [mixin/]: MixinService [ModLauncher] was successfully booted in cpw.mods.cl.ModuleClassLoader@7a3d45bd
[16Oct2025 02:43:36.073] [main/INFO] [mixin/]: SpongePowered MIXIN Subsystem Version=0.8.5 Source=union:/workspaces/MI-server/servidor_minecraft/libraries/org/spongepowered/mixin/0.8.5/mixin-0.8.5.jar%2365!/ Service=ModLauncher Env=SERVER
[16Oct2025 02:43:36.078] [main/DEBUG] [mixin/]: Initialising Mixin Platform Manager
[16Oct2025 02:43:36.078] [main/DEBUG] [mixin/]: Adding mixin platform agents for container ModLauncher Root Container(ModLauncher:4f56a0a2)
[16Oct2025 02:43:36.079] [main/DEBUG] [mixin/]: Instancing new MixinPlatformAgentMinecraftForge for ModLauncher Root Container(ModLauncher:4f56a0a2)
[16Oct2025 02:43:36.079] [main/DEBUG] [mixin/]: MixinPlatformAgentMinecraftForge rejected container ModLauncher Root Container(ModLauncher:4f56a0a2)
[16Oct2025 02:43:36.082] [main/DEBUG] [mixin/]: Instancing new MixinPlatformAgentDefault for ModLauncher Root Container(ModLauncher:4f56a0a2)
[16Oct2025 02:43:36.082] [main/DEBUG] [mixin/]: MixinPlatformAgentDefault accepted container ModLauncher Root Container(ModLauncher:4f56a0a2)
[16Oct2025 02:43:36.085] [main/DEBUG] [cpw.mods.modlauncher.TransformationServiceDecorator/MODLAUNCHER]: Initialized transformation service mixin
[16Oct2025 02:43:36.085] [main/DEBUG] [cpw.mods.modlauncher.TransformationServiceDecorator/MODLAUNCHER]: Initializing transformation service fml
[16Oct2025 02:43:36.085] [main/DEBUG] [net.minecraftforge.fml.loading.FMLServiceProvider/CORE]: Setting up basic FML game directories
[16Oct2025 02:43:36.086] [main/DEBUG] [net.minecraftforge.fml.loading.FMLPaths/CORE]: Path GAMEDIR is /workspaces/MI-server/servidor_minecraft
[16Oct2025 02:43:36.086] [main/DEBUG] [net.minecraftforge.fml.loading.FMLPaths/CORE]: Path MODSDIR is /workspaces/MI-server/servidor_minecraft/mods
[16Oct2025 02:43:36.086] [main/DEBUG] [net.minecraftforge.fml.loading.FMLPaths/CORE]: Path CONFIGDIR is /workspaces/MI-server/servidor_minecraft/config
[16Oct2025 02:43:36.086] [main/DEBUG] [net.minecraftforge.fml.loading.FMLPaths/CORE]: Path FMLCONFIG is /workspaces/MI-server/servidor_minecraft/config/fml.toml
[16Oct2025 02:43:36.087] [main/DEBUG] [net.minecraftforge.fml.loading.FMLServiceProvider/CORE]: Loading configuration
[16Oct2025 02:43:36.091] [main/DEBUG] [net.minecraftforge.fml.loading.FMLServiceProvider/CORE]: Preparing ModFile
[16Oct2025 02:43:36.094] [main/DEBUG] [net.minecraftforge.fml.loading.FMLServiceProvider/CORE]: Preparing launch handler
[16Oct2025 02:43:36.094] [main/DEBUG] [net.minecraftforge.fml.loading.FMLLoader/CORE]: Using forgeserver as launch service
[16Oct2025 02:43:36.111] [main/DEBUG] [net.minecraftforge.fml.loading.FMLLoader/CORE]: Received command line version data  : VersionInfo[forgeVersion=47.3.7, mcVersion=1.20.1, mcpVersion=20230612.114412, forgeGroup=net.minecraftforge]
[16Oct2025 02:43:36.114] [main/DEBUG] [cpw.mods.modlauncher.TransformationServiceDecorator/MODLAUNCHER]: Initialized transformation service fml
[16Oct2025 02:43:36.115] [main/DEBUG] [cpw.mods.modlauncher.NameMappingServiceHandler/MODLAUNCHER]: Current naming domain is 'srg'
[16Oct2025 02:43:36.115] [main/DEBUG] [cpw.mods.modlauncher.NameMappingServiceHandler/MODLAUNCHER]: Identified name mapping providers {}
[16Oct2025 02:43:36.115] [main/DEBUG] [cpw.mods.modlauncher.TransformationServicesHandler/MODLAUNCHER]: Transformation services begin scanning
[16Oct2025 02:43:36.116] [main/DEBUG] [cpw.mods.modlauncher.TransformationServiceDecorator/MODLAUNCHER]: Beginning scan trigger - transformation service mixin
[16Oct2025 02:43:36.116] [main/DEBUG] [cpw.mods.modlauncher.TransformationServiceDecorator/MODLAUNCHER]: End scan trigger - transformation service mixin
[16Oct2025 02:43:36.117] [main/DEBUG] [cpw.mods.modlauncher.TransformationServiceDecorator/MODLAUNCHER]: Beginning scan trigger - transformation service fml
[16Oct2025 02:43:36.117] [main/DEBUG] [net.minecraftforge.fml.loading.FMLServiceProvider/CORE]: Initiating mod scan
[16Oct2025 02:43:36.128] [main/DEBUG] [net.minecraftforge.fml.loading.moddiscovery.ModListHandler/CORE]: Found mod coordinates from lists: []
[16Oct2025 02:43:36.139] [main/DEBUG] [net.minecraftforge.fml.loading.moddiscovery.ModDiscoverer/CORE]: Found Mod Locators : (mods folder:null),(maven libs:null),(exploded directory:null),(minecraft:null),(userdev classpath:null)
[16Oct2025 02:43:36.139] [main/DEBUG] [net.minecraftforge.fml.loading.moddiscovery.ModDiscoverer/CORE]: Found Dependency Locators : (JarInJar:null)
[16Oct2025 02:43:36.152] [main/DEBUG] [net.minecraftforge.fml.loading.moddiscovery.ModFileParser/LOADING]: Considering mod file candidate /workspaces/MI-server/servidor_minecraft/mods/[1.20.1] SecurityCraft v1.10.0.1.jar
[16Oct2025 02:43:36.202] [main/DEBUG] [net.minecraftforge.fml.loading.moddiscovery.ModFileInfo/LOADING]: Found valid mod file [1.20.1] SecurityCraft v1.10.0.1.jar with {securitycraft} mods - versions {1.10.0.1}
[16Oct2025 02:43:36.204] [main/DEBUG] [net.minecraftforge.fml.loading.moddiscovery.ModFileParser/LOADING]: Considering mod file candidate /workspaces/MI-server/servidor_minecraft/mods/ancient_scribes-2.0.0-forge-1.20.1.jar
[16Oct2025 02:43:36.206] [main/DEBUG] [net.minecraftforge.fml.loading.moddiscovery.ModFileInfo/LOADING]: Found valid mod file ancient_scribes-2.0.0-forge-1.20.1.jar with {ancient_scribes} mods - versions {2.0.0}
[16Oct2025 02:43:36.207] [main/DEBUG] [net.minecraftforge.fml.loading.moddiscovery.ModFileParser/LOADING]: Considering mod file candidate /workspaces/MI-server/servidor_minecraft/mods/ancore-2025.3.2.1-forge-1.20.1.jar
[16Oct2025 02:43:36.210] [main/DEBUG] [net.minecraftforge.fml.loading.moddiscovery.ModFileInfo/LOADING]: Found valid mod file ancore-2025.3.2.1-forge-1.20.1.jar with {ancore} mods - versions {2025.3.2.1}
[16Oct2025 02:43:36.235] [main/DEBUG] [net.minecraftforge.fml.loading.moddiscovery.ModFileParser/LOADING]: Considering mod file candidate /workspaces/MI-server/servidor_minecraft/mods/Aquaculture-1.20.1-2.5.5.jar
[16Oct2025 02:43:36.237] [main/DEBUG] [net.minecraftforge.fml.loading.moddiscovery.ModFileInfo/LOADING]: Found valid mod file Aquaculture-1.20.1-2.5.5.jar with {aquaculture} mods - versions {2.5.5}
[16Oct2025 02:43:36.238] [main/DEBUG] [net.minecraftforge.fml.loading.moddiscovery.ModFileParser/LOADING]: Considering mod file candidate /workspaces/MI-server/servidor_minecraft/mods/architectury-9.2.14-forge.jar
[16Oct2025 02:43:36.240] [main/DEBUG] [net.minecraftforge.fml.loading.moddiscovery.ModFileInfo/LOADING]: Found valid mod file architectury-9.2.14-forge.jar with {architectury} mods - versions {9.2.14}
[16Oct2025 02:43:36.242] [main/DEBUG] [net.minecraftforge.fml.loading.moddiscovery.ModFileParser/LOADING]: Considering mod file candidate /workspaces/MI-server/servidor_minecraft/mods/azurelib-neo-1.20.1-3.0.25.jar
[16Oct2025 02:43:36.244] [main/DEBUG] [net.minecraftforge.fml.loading.moddiscovery.ModFileInfo/LOADING]: Found valid mod file azurelib-neo-1.20.1-3.0.25.jar with {azurelib} mods - versions {3.0.25}
[16Oct2025 02:43:36.245] [main/DEBUG] [net.minecraftforge.fml.loading.moddiscovery.ModFileParser/LOADING]: Considering mod file candidate /workspaces/MI-server/servidor_minecraft/mods/bettercombat-forge-1.8.6+1.20.1.jar
[16Oct2025 02:43:36.249] [main/DEBUG] [net.minecraftforge.fml.loading.moddiscovery.ModFileInfo/LOADING]: Found valid mod file bettercombat-forge-1.8.6+1.20.1.jar with {bettercombat} mods - versions {1.8.6+1.20.1}
[16Oct2025 02:43:36.252] [main/DEBUG] [net.minecraftforge.fml.loading.moddiscovery.ModFileParser/LOADING]: Considering mod file candidate /workspaces/MI-server/servidor_minecraft/mods/born_in_chaos_[Forge]1.20.1_1.7.2.jar
[16Oct2025 02:43:36.253] [main/DEBUG] [net.minecraftforge.fml.loading.moddiscovery.ModFileInfo/LOADING]: Found valid mod file born_in_chaos_[Forge]1.20.1_1.7.2.jar with {born_in_chaos_v1} mods - versions {1.7.2}
[16Oct2025 02:43:36.255] [main/DEBUG] [net.minecraftforge.fml.loading.moddiscovery.ModFileParser/LOADING]: Considering mod file candidate /workspaces/MI-server/servidor_minecraft/mods/bossesrise-1.20.1-forge-1.0.9.2b.jar
[16Oct2025 02:43:36.256] [main/DEBUG] [net.minecraftforge.fml.loading.moddiscovery.ModFileInfo/LOADING]: Found valid mod file bossesrise-1.20.1-forge-1.0.9.2b.jar with {block_factorys_bosses} mods - versions {1.0.9.2.}
[16Oct2025 02:43:36.257] [main/DEBUG] [net.minecraftforge.fml.loading.moddiscovery.ModFileParser/LOADING]: Considering mod file candidate /workspaces/MI-server/servidor_minecraft/mods/citadel-2.6.2-1.20.1.jar
[16Oct2025 02:43:36.259] [main/DEBUG] [net.minecraftforge.fml.loading.moddiscovery.ModFileInfo/LOADING]: Found valid mod file citadel-2.6.2-1.20.1.jar with {citadel} mods - versions {2.6.2}
[16Oct2025 02:43:36.260] [main/DEBUG] [net.minecraftforge.fml.loading.moddiscovery.ModFileParser/LOADING]: Considering mod file candidate /workspaces/MI-server/servidor_minecraft/mods/cloth-config-11.1.136-forge.jar
[16Oct2025 02:43:36.261] [main/DEBUG] [net.minecraftforge.fml.loading.moddiscovery.ModFileInfo/LOADING]: Found valid mod file cloth-config-11.1.136-forge.jar with {cloth_config} mods - versions {11.1.136}
[16Oct2025 02:43:36.264] [main/DEBUG] [net.minecraftforge.fml.loading.moddiscovery.ModFileParser/LOADING]: Considering mod file candidate /workspaces/MI-server/servidor_minecraft/mods/Clothing_Of_The_Lowlands-1.0.6-forge-1.20.1.jar
[16Oct2025 02:43:36.264] [main/DEBUG] [net.minecraftforge.fml.loading.moddiscovery.ModFileInfo/LOADING]: Found valid mod file Clothing_Of_The_Lowlands-1.0.6-forge-1.20.1.jar with {lowlands_clothing} mods - versions {1.0.0}
[16Oct2025 02:43:36.266] [main/DEBUG] [net.minecraftforge.fml.loading.moddiscovery.ModFileParser/LOADING]: Considering mod file candidate /workspaces/MI-server/servidor_minecraft/mods/combatroll-forge-1.3.3+1.20.1.jar
[16Oct2025 02:43:36.270] [main/DEBUG] [net.minecraftforge.fml.loading.moddiscovery.ModFileInfo/LOADING]: Found valid mod file combatroll-forge-1.3.3+1.20.1.jar with {combatroll} mods - versions {1.3.3+1.20.1}
[16Oct2025 02:43:36.272] [main/DEBUG] [net.minecraftforge.fml.loading.moddiscovery.ModFileParser/LOADING]: Considering mod file candidate /workspaces/MI-server/servidor_minecraft/mods/companions-forge-1.20.1-1.1.1.jar
[16Oct2025 02:43:36.273] [main/DEBUG] [net.minecraftforge.fml.loading.moddiscovery.ModFileInfo/LOADING]: Found valid mod file companions-forge-1.20.1-1.1.1.jar with {companions} mods - versions {1.1.1}
[16Oct2025 02:43:36.276] [main/DEBUG] [net.minecraftforge.fml.loading.moddiscovery.ModFileParser/LOADING]: Considering mod file candidate /workspaces/MI-server/servidor_minecraft/mods/CreativeCore_FORGE_v2.12.32_mc1.20.1.jar
[16Oct2025 02:43:36.277] [main/DEBUG] [net.minecraftforge.fml.loading.moddiscovery.ModFileInfo/LOADING]: Found valid mod file CreativeCore_FORGE_v2.12.32_mc1.20.1.jar with {creativecore} mods - versions {2.12.32}
[16Oct2025 02:43:36.280] [main/DEBUG] [net.minecraftforge.fml.loading.moddiscovery.ModFileParser/LOADING]: Considering mod file candidate /workspaces/MI-server/servidor_minecraft/mods/curios-forge-5.14.1+1.20.1.jar
[16Oct2025 02:43:36.281] [main/DEBUG] [net.minecraftforge.fml.loading.moddiscovery.ModFileInfo/LOADING]: Found valid mod file curios-forge-5.14.1+1.20.1.jar with {curios} mods - versions {5.14.1+1.20.1}
[16Oct2025 02:43:36.283] [main/DEBUG] [net.minecraftforge.fml.loading.moddiscovery.ModFileParser/LOADING]: Considering mod file candidate /workspaces/MI-server/servidor_minecraft/mods/dungeons_enhanced-1.20.1-5.4.3.jar
[16Oct2025 02:43:36.284] [main/DEBUG] [net.minecraftforge.fml.loading.moddiscovery.ModFileInfo/LOADING]: Found valid mod file dungeons_enhanced-1.20.1-5.4.3.jar with {dungeons_enhanced} mods - versions {5.4.3}
[16Oct2025 02:43:36.287] [main/DEBUG] [net.minecraftforge.fml.loading.moddiscovery.ModFileParser/LOADING]: Considering mod file candidate /workspaces/MI-server/servidor_minecraft/mods/experienced_crops-1.20.1-1.1.0-forge.jar
[16Oct2025 02:43:36.288] [main/DEBUG] [net.minecraftforge.fml.loading.moddiscovery.ModFileInfo/LOADING]: Found valid mod file experienced_crops-1.20.1-1.1.0-forge.jar with {experienced_crops} mods - versions {1.20.1-1.1.0}
[16Oct2025 02:43:36.289] [main/DEBUG] [net.minecraftforge.fml.loading.moddiscovery.ModFileParser/LOADING]: Considering mod file candidate /workspaces/MI-server/servidor_minecraft/mods/FazRoleplayClothes-1.20.1-2.1.jar
[16Oct2025 02:43:36.292] [main/DEBUG] [net.minecraftforge.fml.loading.moddiscovery.ModFileInfo/LOADING]: Found valid mod file FazRoleplayClothes-1.20.1-2.1.jar with {faz_roleplay_plus} mods - versions {2.1}
[16Oct2025 02:43:36.292] [main/DEBUG] [net.minecraftforge.fml.loading.moddiscovery.ModFileParser/LOADING]: Considering mod file candidate /workspaces/MI-server/servidor_minecraft/mods/fragmentum-forge-1.20.1-0.1.1.jar
[16Oct2025 02:43:36.293] [main/DEBUG] [net.minecraftforge.fml.loading.moddiscovery.ModFileInfo/LOADING]: Found valid mod file fragmentum-forge-1.20.1-0.1.1.jar with {fragmentum} mods - versions {0.1.1}
[16Oct2025 02:43:36.295] [main/DEBUG] [net.minecraftforge.fml.loading.moddiscovery.ModFileParser/LOADING]: Considering mod file candidate /workspaces/MI-server/servidor_minecraft/mods/geckolib-forge-1.20.1-4.8.2.jar
[16Oct2025 02:43:36.295] [main/DEBUG] [net.minecraftforge.fml.loading.moddiscovery.ModFileInfo/LOADING]: Found valid mod file geckolib-forge-1.20.1-4.8.2.jar with {geckolib} mods - versions {4.8.2}
[16Oct2025 02:43:36.297] [main/DEBUG] [net.minecraftforge.fml.loading.moddiscovery.ModFileParser/LOADING]: Considering mod file candidate /workspaces/MI-server/servidor_minecraft/mods/gnumus_settlement_[Forge]1.20.1_v1.0.jar
[16Oct2025 02:43:36.297] [main/DEBUG] [net.minecraftforge.fml.loading.moddiscovery.ModFileInfo/LOADING]: Found valid mod file gnumus_settlement_[Forge]1.20.1_v1.0.jar with {gnumus} mods - versions {1.0.0}
[16Oct2025 02:43:36.299] [main/DEBUG] [net.minecraftforge.fml.loading.moddiscovery.ModFileParser/LOADING]: Considering mod file candidate /workspaces/MI-server/servidor_minecraft/mods/goblins_tyranny-1.2.3-forge-1.20.1.jar
[16Oct2025 02:43:36.300] [main/DEBUG] [net.minecraftforge.fml.loading.moddiscovery.ModFileInfo/LOADING]: Found valid mod file goblins_tyranny-1.2.3-forge-1.20.1.jar with {goblins_tyranny} mods - versions {1.2.3}
[16Oct2025 02:43:36.306] [main/DEBUG] [net.minecraftforge.fml.loading.moddiscovery.ModFileParser/LOADING]: Considering mod file candidate /workspaces/MI-server/servidor_minecraft/mods/iceandfire-2.1.13-1.20.1-beta-5.jar
[16Oct2025 02:43:36.307] [main/DEBUG] [net.minecraftforge.fml.loading.moddiscovery.ModFileInfo/LOADING]: Found valid mod file iceandfire-2.1.13-1.20.1-beta-5.jar with {iceandfire} mods - versions {2.1.13-1.20.1}
[16Oct2025 02:43:36.308] [main/DEBUG] [net.minecraftforge.fml.loading.moddiscovery.ModFileParser/LOADING]: Considering mod file candidate /workspaces/MI-server/servidor_minecraft/mods/jei-1.20.1-forge-15.20.0.116.jar
[16Oct2025 02:43:36.310] [main/DEBUG] [net.minecraftforge.fml.loading.moddiscovery.ModFileInfo/LOADING]: Found valid mod file jei-1.20.1-forge-15.20.0.116.jar with {jei} mods - versions {15.20.0.116}
[16Oct2025 02:43:36.313] [main/DEBUG] [net.minecraftforge.fml.loading.moddiscovery.ModFileParser/LOADING]: Considering mod file candidate /workspaces/MI-server/servidor_minecraft/mods/journeymap-1.20.1-5.10.3-forge.jar
[16Oct2025 02:43:36.314] [main/DEBUG] [net.minecraftforge.fml.loading.moddiscovery.ModFileInfo/LOADING]: Found valid mod file journeymap-1.20.1-5.10.3-forge.jar with {journeymap} mods - versions {5.10.3}
[16Oct2025 02:43:36.315] [main/DEBUG] [net.minecraftforge.fml.loading.moddiscovery.ModFileParser/LOADING]: Considering mod file candidate /workspaces/MI-server/servidor_minecraft/mods/knightlib-forge-1.20.1-1.3.1.jar
[16Oct2025 02:43:36.316] [main/DEBUG] [net.minecraftforge.fml.loading.moddiscovery.ModFileInfo/LOADING]: Found valid mod file knightlib-forge-1.20.1-1.3.1.jar with {knightlib} mods - versions {1.3.1}
[16Oct2025 02:43:36.317] [main/DEBUG] [net.minecraftforge.fml.loading.moddiscovery.ModFileParser/LOADING]: Considering mod file candidate /workspaces/MI-server/servidor_minecraft/mods/legendarycreatures-1.20.1-1.1.1.4.jar
[16Oct2025 02:43:36.319] [main/DEBUG] [net.minecraftforge.fml.loading.moddiscovery.ModFileInfo/LOADING]: Found valid mod file legendarycreatures-1.20.1-1.1.1.4.jar with {legendarycreatures} mods - versions {1.20.1-1.1.1.4}
[16Oct2025 02:43:36.319] [main/DEBUG] [net.minecraftforge.fml.loading.moddiscovery.ModFileParser/LOADING]: Considering mod file candidate /workspaces/MI-server/servidor_minecraft/mods/libraryferret-forge-1.20.1-4.0.0.jar
[16Oct2025 02:43:36.322] [main/DEBUG] [net.minecraftforge.fml.loading.moddiscovery.ModFileInfo/LOADING]: Found valid mod file libraryferret-forge-1.20.1-4.0.0.jar with {libraryferret} mods - versions {4.0.0}
[16Oct2025 02:43:36.324] [main/DEBUG] [net.minecraftforge.fml.loading.moddiscovery.ModFileParser/LOADING]: Considering mod file candidate /workspaces/MI-server/servidor_minecraft/mods/Luminous Beasts V1.2.51 - Forge 1.20.1.jar
[16Oct2025 02:43:36.325] [main/DEBUG] [net.minecraftforge.fml.loading.moddiscovery.ModFileInfo/LOADING]: Found valid mod file Luminous Beasts V1.2.51 - Forge 1.20.1.jar with {luminous_beasts} mods - versions {1.2.51}
[16Oct2025 02:43:36.326] [main/DEBUG] [net.minecraftforge.fml.loading.moddiscovery.ModFileParser/LOADING]: Considering mod file candidate /workspaces/MI-server/servidor_minecraft/mods/monsterexpansion-1.20.1-v0.4.1.jar
[16Oct2025 02:43:36.327] [main/DEBUG] [net.minecraftforge.fml.loading.moddiscovery.ModFileInfo/LOADING]: Found valid mod file monsterexpansion-1.20.1-v0.4.1.jar with {monsterexpansion} mods - versions {1.20.1-v0.4.1}
[16Oct2025 02:43:36.328] [main/DEBUG] [net.minecraftforge.fml.loading.moddiscovery.ModFileParser/LOADING]: Considering mod file candidate /workspaces/MI-server/servidor_minecraft/mods/moonlight-1.20-2.16.13-forge.jar
[16Oct2025 02:43:36.331] [main/DEBUG] [net.minecraftforge.fml.loading.moddiscovery.ModFileInfo/LOADING]: Found valid mod file moonlight-1.20-2.16.13-forge.jar with {moonlight} mods - versions {1.20-2.16.13}
[16Oct2025 02:43:36.334] [main/DEBUG] [net.minecraftforge.fml.loading.moddiscovery.ModFileParser/LOADING]: Considering mod file candidate /workspaces/MI-server/servidor_minecraft/mods/More Critters 1.1.6.jar
[16Oct2025 02:43:36.335] [main/DEBUG] [net.minecraftforge.fml.loading.moddiscovery.ModFileInfo/LOADING]: Found valid mod file More Critters 1.1.6.jar with {more_critters} mods - versions {1.1.6}
[16Oct2025 02:43:36.336] [main/DEBUG] [net.minecraftforge.fml.loading.moddiscovery.ModFileParser/LOADING]: Considering mod file candidate /workspaces/MI-server/servidor_minecraft/mods/MyServerIsCompatible-1.20-1.0.jar
[16Oct2025 02:43:36.337] [main/DEBUG] [net.minecraftforge.fml.loading.moddiscovery.ModFileInfo/LOADING]: Found valid mod file MyServerIsCompatible-1.20-1.0.jar with {myserveriscompatible} mods - versions {1.0}
[16Oct2025 02:43:36.338] [main/DEBUG] [net.minecraftforge.fml.loading.moddiscovery.ModFileParser/LOADING]: Considering mod file candidate /workspaces/MI-server/servidor_minecraft/mods/obscure_tooltips-forge-1.20.1-3.1.1.jar
[16Oct2025 02:43:36.339] [main/DEBUG] [net.minecraftforge.fml.loading.moddiscovery.ModFileInfo/LOADING]: Found valid mod file obscure_tooltips-forge-1.20.1-3.1.1.jar with {obscure_tooltips} mods - versions {3.1.1}
[16Oct2025 02:43:36.339] [main/DEBUG] [net.minecraftforge.fml.loading.moddiscovery.ModFileParser/LOADING]: Considering mod file candidate /workspaces/MI-server/servidor_minecraft/mods/OctoLib-FORGE-0.5.0.1+1.20.1.jar
[16Oct2025 02:43:36.340] [main/DEBUG] [net.minecraftforge.fml.loading.moddiscovery.ModFileInfo/LOADING]: Found valid mod file OctoLib-FORGE-0.5.0.1+1.20.1.jar with {octolib} mods - versions {0.5.0.1}
[16Oct2025 02:43:36.341] [main/DEBUG] [net.minecraftforge.fml.loading.moddiscovery.ModFileParser/LOADING]: Considering mod file candidate /workspaces/MI-server/servidor_minecraft/mods/Paraglider-forge-20.1.3.jar
[16Oct2025 02:43:36.342] [main/DEBUG] [net.minecraftforge.fml.loading.moddiscovery.ModFileInfo/LOADING]: Found valid mod file Paraglider-forge-20.1.3.jar with {paraglider} mods - versions {20.1.3}
[16Oct2025 02:43:36.342] [main/DEBUG] [net.minecraftforge.fml.loading.moddiscovery.ModFileParser/LOADING]: Considering mod file candidate /workspaces/MI-server/servidor_minecraft/mods/player-animation-lib-forge-1.0.2-rc1+1.20.jar
[16Oct2025 02:43:36.343] [main/DEBUG] [net.minecraftforge.fml.loading.moddiscovery.ModFileInfo/LOADING]: Found valid mod file player-animation-lib-forge-1.0.2-rc1+1.20.jar with {playeranimator} mods - versions {1.0.2-rc1+1.20}
[16Oct2025 02:43:36.344] [main/DEBUG] [net.minecraftforge.fml.loading.moddiscovery.ModFileParser/LOADING]: Considering mod file candidate /workspaces/MI-server/servidor_minecraft/mods/PlayerRevive_FORGE_v2.0.31_mc1.20.1.jar
[16Oct2025 02:43:36.344] [main/DEBUG] [net.minecraftforge.fml.loading.moddiscovery.ModFileInfo/LOADING]: Found valid mod file PlayerRevive_FORGE_v2.0.31_mc1.20.1.jar with {playerrevive} mods - versions {2.0.31}
[16Oct2025 02:43:36.345] [main/DEBUG] [net.minecraftforge.fml.loading.moddiscovery.ModFileParser/LOADING]: Considering mod file candidate /workspaces/MI-server/servidor_minecraft/mods/realmrpg_quests-0.1.1-forge-1.20.1.jar
[16Oct2025 02:43:36.346] [main/DEBUG] [net.minecraftforge.fml.loading.moddiscovery.ModFileInfo/LOADING]: Found valid mod file realmrpg_quests-0.1.1-forge-1.20.1.jar with {realmrpg_quests} mods - versions {0.1.1}
[16Oct2025 02:43:36.347] [main/DEBUG] [net.minecraftforge.fml.loading.moddiscovery.ModFileParser/LOADING]: Considering mod file candidate /workspaces/MI-server/servidor_minecraft/mods/relics-1.20.1-0.8.0.11.jar
[16Oct2025 02:43:36.348] [main/DEBUG] [net.minecraftforge.fml.loading.moddiscovery.ModFileInfo/LOADING]: Found valid mod file relics-1.20.1-0.8.0.11.jar with {relics} mods - versions {0.8.0.11}
[16Oct2025 02:43:36.349] [main/DEBUG] [net.minecraftforge.fml.loading.moddiscovery.ModFileParser/LOADING]: Considering mod file candidate /workspaces/MI-server/servidor_minecraft/mods/rpg_backpacks-5.0.0-forge-1.20.1.jar
[16Oct2025 02:43:36.349] [main/DEBUG] [net.minecraftforge.fml.loading.moddiscovery.ModFileInfo/LOADING]: Found valid mod file rpg_backpacks-5.0.0-forge-1.20.1.jar with {rpg_backpacks} mods - versions {5.0.0}
[16Oct2025 02:43:36.351] [main/DEBUG] [net.minecraftforge.fml.loading.moddiscovery.ModFileParser/LOADING]: Considering mod file candidate /workspaces/MI-server/servidor_minecraft/mods/structure_gel-1.20.1-2.16.2.jar
[16Oct2025 02:43:36.351] [main/DEBUG] [net.minecraftforge.fml.loading.moddiscovery.ModFileInfo/LOADING]: Found valid mod file structure_gel-1.20.1-2.16.2.jar with {structure_gel} mods - versions {2.16.2}
[16Oct2025 02:43:36.518] [main/DEBUG] [net.minecraftforge.fml.loading.moddiscovery.ModFileInfo/LOADING]: Found valid mod file server-1.20.1-20230612.114412-srg.jar with {minecraft} mods - versions {1.20.1}
[16Oct2025 02:43:36.520] [main/DEBUG] [net.minecraftforge.fml.loading.moddiscovery.ModFileParser/LOADING]: Considering mod file candidate /workspaces/MI-server/servidor_minecraft/libraries/net/minecraftforge/fmlcore/1.20.1-47.3.7/fmlcore-1.20.1-47.3.7.jar
[16Oct2025 02:43:36.520] [main/WARN] [net.minecraftforge.fml.loading.moddiscovery.ModFileParser/LOADING]: Mod file /workspaces/MI-server/servidor_minecraft/libraries/net/minecraftforge/fmlcore/1.20.1-47.3.7/fmlcore-1.20.1-47.3.7.jar is missing mods.toml file
[16Oct2025 02:43:36.527] [main/DEBUG] [net.minecraftforge.fml.loading.moddiscovery.ModFileParser/LOADING]: Considering mod file candidate /workspaces/MI-server/servidor_minecraft/libraries/net/minecraftforge/javafmllanguage/1.20.1-47.3.7/javafmllanguage-1.20.1-47.3.7.jar
[16Oct2025 02:43:36.528] [main/WARN] [net.minecraftforge.fml.loading.moddiscovery.ModFileParser/LOADING]: Mod file /workspaces/MI-server/servidor_minecraft/libraries/net/minecraftforge/javafmllanguage/1.20.1-47.3.7/javafmllanguage-1.20.1-47.3.7.jar is missing mods.toml file
[16Oct2025 02:43:36.531] [main/DEBUG] [net.minecraftforge.fml.loading.moddiscovery.ModFileParser/LOADING]: Considering mod file candidate /workspaces/MI-server/servidor_minecraft/libraries/net/minecraftforge/lowcodelanguage/1.20.1-47.3.7/lowcodelanguage-1.20.1-47.3.7.jar
[16Oct2025 02:43:36.532] [main/WARN] [net.minecraftforge.fml.loading.moddiscovery.ModFileParser/LOADING]: Mod file /workspaces/MI-server/servidor_minecraft/libraries/net/minecraftforge/lowcodelanguage/1.20.1-47.3.7/lowcodelanguage-1.20.1-47.3.7.jar is missing mods.toml file
[16Oct2025 02:43:36.534] [main/DEBUG] [net.minecraftforge.fml.loading.moddiscovery.ModFileParser/LOADING]: Considering mod file candidate /workspaces/MI-server/servidor_minecraft/libraries/net/minecraftforge/mclanguage/1.20.1-47.3.7/mclanguage-1.20.1-47.3.7.jar
[16Oct2025 02:43:36.534] [main/WARN] [net.minecraftforge.fml.loading.moddiscovery.ModFileParser/LOADING]: Mod file /workspaces/MI-server/servidor_minecraft/libraries/net/minecraftforge/mclanguage/1.20.1-47.3.7/mclanguage-1.20.1-47.3.7.jar is missing mods.toml file
[16Oct2025 02:43:36.600] [main/DEBUG] [net.minecraftforge.fml.loading.moddiscovery.ModFileParser/LOADING]: Considering mod file candidate /workspaces/MI-server/servidor_minecraft/libraries/net/minecraftforge/forge/1.20.1-47.3.7/forge-1.20.1-47.3.7-universal.jar
[16Oct2025 02:43:36.601] [main/DEBUG] [net.minecraftforge.fml.loading.moddiscovery.ModFileInfo/LOADING]: Found valid mod file forge-1.20.1-47.3.7-universal.jar with {forge} mods - versions {47.3.7}
[16Oct2025 02:43:36.615] [main/DEBUG] [net.minecraftforge.fml.loading.moddiscovery.AbstractJarFileDependencyLocator/]: Failed to load resource META-INF/jarjar/metadata.json from server-1.20.1-20230612.114412-srg.jar, it does not contain dependency information.
[16Oct2025 02:43:36.615] [main/DEBUG] [net.minecraftforge.fml.loading.moddiscovery.AbstractJarFileDependencyLocator/]: Failed to load resource META-INF/jarjar/metadata.json from monsterexpansion-1.20.1-v0.4.1.jar, it does not contain dependency information.
[16Oct2025 02:43:36.615] [main/DEBUG] [net.minecraftforge.fml.loading.moddiscovery.AbstractJarFileDependencyLocator/]: Failed to load resource META-INF/jarjar/metadata.json from combatroll-forge-1.3.3+1.20.1.jar, it does not contain dependency information.
[16Oct2025 02:43:36.616] [main/DEBUG] [net.minecraftforge.fml.loading.moddiscovery.AbstractJarFileDependencyLocator/]: Failed to load resource META-INF/jarjar/metadata.json from bossesrise-1.20.1-forge-1.0.9.2b.jar, it does not contain dependency information.
[16Oct2025 02:43:36.616] [main/DEBUG] [net.minecraftforge.fml.loading.moddiscovery.AbstractJarFileDependencyLocator/]: Failed to load resource META-INF/jarjar/metadata.json from ancient_scribes-2.0.0-forge-1.20.1.jar, it does not contain dependency information.
[16Oct2025 02:43:36.616] [main/DEBUG] [net.minecraftforge.fml.loading.moddiscovery.AbstractJarFileDependencyLocator/]: Failed to load resource META-INF/jarjar/metadata.json from Luminous Beasts V1.2.51 - Forge 1.20.1.jar, it does not contain dependency information.
[16Oct2025 02:43:36.616] [main/DEBUG] [net.minecraftforge.fml.loading.moddiscovery.AbstractJarFileDependencyLocator/]: Failed to load resource META-INF/jarjar/metadata.json from rpg_backpacks-5.0.0-forge-1.20.1.jar, it does not contain dependency information.
[16Oct2025 02:43:36.616] [main/DEBUG] [net.minecraftforge.fml.loading.moddiscovery.AbstractJarFileDependencyLocator/]: Failed to load resource META-INF/jarjar/metadata.json from player-animation-lib-forge-1.0.2-rc1+1.20.jar, it does not contain dependency information.
[16Oct2025 02:43:36.617] [main/DEBUG] [net.minecraftforge.fml.loading.moddiscovery.AbstractJarFileDependencyLocator/]: Failed to load resource META-INF/jarjar/metadata.json from CreativeCore_FORGE_v2.12.32_mc1.20.1.jar, it does not contain dependency information.
[16Oct2025 02:43:36.617] [main/DEBUG] [net.minecraftforge.fml.loading.moddiscovery.AbstractJarFileDependencyLocator/]: Failed to load resource META-INF/jarjar/metadata.json from Clothing_Of_The_Lowlands-1.0.6-forge-1.20.1.jar, it does not contain dependency information.
[16Oct2025 02:43:36.617] [main/DEBUG] [net.minecraftforge.fml.loading.moddiscovery.AbstractJarFileDependencyLocator/]: Failed to load resource META-INF/jarjar/metadata.json from ancore-2025.3.2.1-forge-1.20.1.jar, it does not contain dependency information.
[16Oct2025 02:43:36.617] [main/DEBUG] [net.minecraftforge.fml.loading.moddiscovery.AbstractJarFileDependencyLocator/]: Failed to load resource META-INF/jarjar/metadata.json from jei-1.20.1-forge-15.20.0.116.jar, it does not contain dependency information.
[16Oct2025 02:43:36.617] [main/DEBUG] [net.minecraftforge.fml.loading.moddiscovery.AbstractJarFileDependencyLocator/]: Failed to load resource META-INF/jarjar/metadata.json from More Critters 1.1.6.jar, it does not contain dependency information.
[16Oct2025 02:43:36.617] [main/DEBUG] [net.minecraftforge.fml.loading.moddiscovery.AbstractJarFileDependencyLocator/]: Failed to load resource META-INF/jarjar/metadata.json from born_in_chaos_[Forge]1.20.1_1.7.2.jar, it does not contain dependency information.
[16Oct2025 02:43:36.618] [main/DEBUG] [net.minecraftforge.fml.loading.moddiscovery.AbstractJarFileDependencyLocator/]: Failed to load resource META-INF/jarjar/metadata.json from FazRoleplayClothes-1.20.1-2.1.jar, it does not contain dependency information.
[16Oct2025 02:43:36.618] [main/DEBUG] [net.minecraftforge.fml.loading.moddiscovery.AbstractJarFileDependencyLocator/]: Failed to load resource META-INF/jarjar/metadata.json from dungeons_enhanced-1.20.1-5.4.3.jar, it does not contain dependency information.
[16Oct2025 02:43:36.618] [main/DEBUG] [net.minecraftforge.fml.loading.moddiscovery.AbstractJarFileDependencyLocator/]: Failed to load resource META-INF/jarjar/metadata.json from libraryferret-forge-1.20.1-4.0.0.jar, it does not contain dependency information.
[16Oct2025 02:43:36.618] [main/DEBUG] [net.minecraftforge.fml.loading.moddiscovery.AbstractJarFileDependencyLocator/]: Failed to load resource META-INF/jarjar/metadata.json from gnumus_settlement_[Forge]1.20.1_v1.0.jar, it does not contain dependency information.
[16Oct2025 02:43:36.618] [main/DEBUG] [net.minecraftforge.fml.loading.moddiscovery.AbstractJarFileDependencyLocator/]: Failed to load resource META-INF/jarjar/metadata.json from companions-forge-1.20.1-1.1.1.jar, it does not contain dependency information.
[16Oct2025 02:43:36.618] [main/DEBUG] [net.minecraftforge.fml.loading.moddiscovery.AbstractJarFileDependencyLocator/]: Failed to load resource META-INF/jarjar/metadata.json from curios-forge-5.14.1+1.20.1.jar, it does not contain dependency information.
[16Oct2025 02:43:36.619] [main/DEBUG] [net.minecraftforge.fml.loading.moddiscovery.AbstractJarFileDependencyLocator/]: Failed to load resource META-INF/jarjar/metadata.json from journeymap-1.20.1-5.10.3-forge.jar, it does not contain dependency information.
[16Oct2025 02:43:36.619] [main/DEBUG] [net.minecraftforge.fml.loading.moddiscovery.AbstractJarFileDependencyLocator/]: Failed to load resource META-INF/jarjar/metadata.json from citadel-2.6.2-1.20.1.jar, it does not contain dependency information.
[16Oct2025 02:43:36.619] [main/DEBUG] [net.minecraftforge.fml.loading.moddiscovery.AbstractJarFileDependencyLocator/]: Failed to load resource META-INF/jarjar/metadata.json from [1.20.1] SecurityCraft v1.10.0.1.jar, it does not contain dependency information.
[16Oct2025 02:43:36.619] [main/DEBUG] [net.minecraftforge.fml.loading.moddiscovery.AbstractJarFileDependencyLocator/]: Failed to load resource META-INF/jarjar/metadata.json from legendarycreatures-1.20.1-1.1.1.4.jar, it does not contain dependency information.
[16Oct2025 02:43:36.619] [main/DEBUG] [net.minecraftforge.fml.loading.moddiscovery.AbstractJarFileDependencyLocator/]: Failed to load resource META-INF/jarjar/metadata.json from MyServerIsCompatible-1.20-1.0.jar, it does not contain dependency information.
[16Oct2025 02:43:36.620] [main/DEBUG] [net.minecraftforge.fml.loading.moddiscovery.AbstractJarFileDependencyLocator/]: Failed to load resource META-INF/jarjar/metadata.json from knightlib-forge-1.20.1-1.3.1.jar, it does not contain dependency information.
[16Oct2025 02:43:36.620] [main/DEBUG] [net.minecraftforge.fml.loading.moddiscovery.AbstractJarFileDependencyLocator/]: Failed to load resource META-INF/jarjar/metadata.json from relics-1.20.1-0.8.0.11.jar, it does not contain dependency information.
[16Oct2025 02:43:36.620] [main/DEBUG] [net.minecraftforge.fml.loading.moddiscovery.AbstractJarFileDependencyLocator/]: Failed to load resource META-INF/jarjar/metadata.json from architectury-9.2.14-forge.jar, it does not contain dependency information.
[16Oct2025 02:43:36.620] [main/DEBUG] [net.minecraftforge.fml.loading.moddiscovery.AbstractJarFileDependencyLocator/]: Failed to load resource META-INF/jarjar/metadata.json from iceandfire-2.1.13-1.20.1-beta-5.jar, it does not contain dependency information.
[16Oct2025 02:43:36.620] [main/DEBUG] [net.minecraftforge.fml.loading.moddiscovery.AbstractJarFileDependencyLocator/]: Failed to load resource META-INF/jarjar/metadata.json from Aquaculture-1.20.1-2.5.5.jar, it does not contain dependency information.
[16Oct2025 02:43:36.620] [main/DEBUG] [net.minecraftforge.fml.loading.moddiscovery.AbstractJarFileDependencyLocator/]: Failed to load resource META-INF/jarjar/metadata.json from Paraglider-forge-20.1.3.jar, it does not contain dependency information.
[16Oct2025 02:43:36.621] [main/DEBUG] [net.minecraftforge.fml.loading.moddiscovery.AbstractJarFileDependencyLocator/]: Failed to load resource META-INF/jarjar/metadata.json from goblins_tyranny-1.2.3-forge-1.20.1.jar, it does not contain dependency information.
[16Oct2025 02:43:36.621] [main/DEBUG] [net.minecraftforge.fml.loading.moddiscovery.AbstractJarFileDependencyLocator/]: Failed to load resource META-INF/jarjar/metadata.json from cloth-config-11.1.136-forge.jar, it does not contain dependency information.
[16Oct2025 02:43:36.621] [main/DEBUG] [net.minecraftforge.fml.loading.moddiscovery.AbstractJarFileDependencyLocator/]: Failed to load resource META-INF/jarjar/metadata.json from forge-1.20.1-47.3.7-universal.jar, it does not contain dependency information.
[16Oct2025 02:43:36.621] [main/DEBUG] [net.minecraftforge.fml.loading.moddiscovery.AbstractJarFileDependencyLocator/]: Failed to load resource META-INF/jarjar/metadata.json from realmrpg_quests-0.1.1-forge-1.20.1.jar, it does not contain dependency information.
[16Oct2025 02:43:36.621] [main/DEBUG] [net.minecraftforge.fml.loading.moddiscovery.AbstractJarFileDependencyLocator/]: Failed to load resource META-INF/jarjar/metadata.json from PlayerRevive_FORGE_v2.0.31_mc1.20.1.jar, it does not contain dependency information.
[16Oct2025 02:43:36.621] [main/DEBUG] [net.minecraftforge.fml.loading.moddiscovery.AbstractJarFileDependencyLocator/]: Failed to load resource META-INF/jarjar/metadata.json from experienced_crops-1.20.1-1.1.0-forge.jar, it does not contain dependency information.
[16Oct2025 02:43:36.621] [main/DEBUG] [net.minecraftforge.fml.loading.moddiscovery.AbstractJarFileDependencyLocator/]: Failed to load resource META-INF/jarjar/metadata.json from structure_gel-1.20.1-2.16.2.jar, it does not contain dependency information.
[16Oct2025 02:43:36.622] [main/DEBUG] [net.minecraftforge.fml.loading.moddiscovery.AbstractJarFileDependencyLocator/]: Failed to load resource META-INF/jarjar/metadata.json from mclanguage-1.20.1-47.3.7.jar, it does not contain dependency information.
[16Oct2025 02:43:36.622] [main/DEBUG] [net.minecraftforge.fml.loading.moddiscovery.AbstractJarFileDependencyLocator/]: Failed to load resource META-INF/jarjar/metadata.json from javafmllanguage-1.20.1-47.3.7.jar, it does not contain dependency information.
[16Oct2025 02:43:36.622] [main/DEBUG] [net.minecraftforge.fml.loading.moddiscovery.AbstractJarFileDependencyLocator/]: Failed to load resource META-INF/jarjar/metadata.json from fmlcore-1.20.1-47.3.7.jar, it does not contain dependency information.
[16Oct2025 02:43:36.622] [main/DEBUG] [net.minecraftforge.fml.loading.moddiscovery.AbstractJarFileDependencyLocator/]: Failed to load resource META-INF/jarjar/metadata.json from lowcodelanguage-1.20.1-47.3.7.jar, it does not contain dependency information.
[16Oct2025 02:43:36.698] [main/DEBUG] [net.minecraftforge.fml.loading.moddiscovery.ModFileParser/LOADING]: Considering mod file candidate 
[16Oct2025 02:43:36.699] [main/DEBUG] [net.minecraftforge.fml.loading.moddiscovery.ModFileInfo/LOADING]: Found valid mod file mixinextras-forge-0.4.1.jar with {mixinextras} mods - versions {0.4.1}
[16Oct2025 02:43:36.709] [main/DEBUG] [net.minecraftforge.fml.loading.moddiscovery.ModFileParser/LOADING]: Considering mod file candidate 
[16Oct2025 02:43:36.709] [main/DEBUG] [net.minecraftforge.fml.loading.moddiscovery.ModFileInfo/LOADING]: Found valid mod file mixinextras-forge-0.3.6.jar with {mixinextras} mods - versions {0.3.6}
[16Oct2025 02:43:36.716] [main/DEBUG] [net.minecraftforge.fml.loading.moddiscovery.ModFileParser/LOADING]: Considering mod file candidate 
[16Oct2025 02:43:36.716] [main/DEBUG] [net.minecraftforge.fml.loading.moddiscovery.ModFileInfo/LOADING]: Found valid mod file mixinextras-forge-0.2.0.jar with {mixinextras} mods - versions {0.2.0}
[16Oct2025 02:43:36.722] [main/DEBUG] [net.minecraftforge.fml.loading.moddiscovery.AbstractJarFileDependencyLocator/]: Failed to load resource META-INF/jarjar/metadata.json from snakeyaml-2.2.jar, it does not contain dependency information.
[16Oct2025 02:43:36.750] [main/DEBUG] [net.minecraftforge.fml.loading.moddiscovery.AbstractJarFileDependencyLocator/]: Failed to load resource META-INF/jarjar/metadata.json from mclib-20.jar, it does not contain dependency information.
[16Oct2025 02:43:36.774] [main/DEBUG] [net.minecraftforge.fml.loading.moddiscovery.AbstractJarFileDependencyLocator/]: Failed to load resource META-INF/jarjar/metadata.json from MixinExtras-0.4.1.jar, it does not contain dependency information.
[16Oct2025 02:43:36.775] [main/DEBUG] [net.minecraftforge.fml.loading.moddiscovery.AbstractJarFileDependencyLocator/]: Failed to load resource META-INF/jarjar/metadata.json from MixinExtras-0.5.0.jar, it does not contain dependency information.
[16Oct2025 02:43:36.775] [main/DEBUG] [net.minecraftforge.fml.loading.moddiscovery.AbstractJarFileDependencyLocator/]: Failed to load resource META-INF/jarjar/metadata.json from MixinExtras-0.3.6.jar, it does not contain dependency information.
[16Oct2025 02:43:36.776] [main/DEBUG] [net.minecraftforge.fml.loading.moddiscovery.AbstractJarFileDependencyLocator/]: Failed to load resource META-INF/jarjar/metadata.json from MixinExtras-0.2.0.jar, it does not contain dependency information.
[16Oct2025 02:43:36.777] [main/DEBUG] [net.minecraftforge.fml.loading.moddiscovery.AbstractJarFileDependencyLocator/]: Failed to load resource META-INF/jarjar/metadata.json from MixinExtras-0.5.0.jar, it does not contain dependency information.
[16Oct2025 02:43:36.828] [main/INFO] [net.minecraftforge.fml.loading.moddiscovery.JarInJarDependencyLocator/]: Found 4 dependencies adding them to mods collection
[16Oct2025 02:43:36.833] [main/DEBUG] [net.minecraftforge.fml.loading.moddiscovery.ModFileParser/LOADING]: Considering mod file candidate /workspaces/MI-server/servidor_minecraft/mods/monsterexpansion-1.20.1-v0.4.1.jar
[16Oct2025 02:43:36.834] [main/DEBUG] [net.minecraftforge.fml.loading.moddiscovery.ModFileInfo/LOADING]: Found valid mod file monsterexpansion-1.20.1-v0.4.1.jar with {monsterexpansion} mods - versions {1.20.1-v0.4.1}
[16Oct2025 02:43:36.836] [main/DEBUG] [net.minecraftforge.fml.loading.moddiscovery.ModFile/LOADING]: Loading mod file /workspaces/MI-server/servidor_minecraft/mods/monsterexpansion-1.20.1-v0.4.1.jar with languages [LanguageSpec[languageName=javafml, acceptedVersions=[47,)]]
[16Oct2025 02:43:36.837] [main/DEBUG] [net.minecraftforge.fml.loading.moddiscovery.ModFileInfo/LOADING]: Found valid mod file server-1.20.1-20230612.114412-srg.jar with {minecraft} mods - versions {1.20.1}
[16Oct2025 02:43:36.837] [main/DEBUG] [net.minecraftforge.fml.loading.moddiscovery.ModFile/LOADING]: Loading mod file /workspaces/MI-server/servidor_minecraft/libraries/net/minecraft/server/1.20.1-20230612.114412/server-1.20.1-20230612.114412-srg.jar with languages [LanguageSpec[languageName=minecraft, acceptedVersions=1]]
[16Oct2025 02:43:36.838] [main/DEBUG] [net.minecraftforge.fml.loading.moddiscovery.ModFileParser/LOADING]: Considering mod file candidate /workspaces/MI-server/servidor_minecraft/mods/combatroll-forge-1.3.3+1.20.1.jar
[16Oct2025 02:43:36.839] [main/DEBUG] [net.minecraftforge.fml.loading.moddiscovery.ModFileInfo/LOADING]: Found valid mod file combatroll-forge-1.3.3+1.20.1.jar with {combatroll} mods - versions {1.3.3+1.20.1}
[16Oct2025 02:43:36.839] [main/DEBUG] [net.minecraftforge.fml.loading.moddiscovery.ModFile/LOADING]: Loading mod file /workspaces/MI-server/servidor_minecraft/mods/combatroll-forge-1.3.3+1.20.1.jar with languages [LanguageSpec[languageName=javafml, acceptedVersions=[39,)]]
[16Oct2025 02:43:36.839] [main/DEBUG] [net.minecraftforge.fml.loading.moddiscovery.ModFileParser/LOADING]: Considering mod file candidate /workspaces/MI-server/servidor_minecraft/mods/bossesrise-1.20.1-forge-1.0.9.2b.jar
[16Oct2025 02:43:36.839] [main/DEBUG] [net.minecraftforge.fml.loading.moddiscovery.ModFileInfo/LOADING]: Found valid mod file bossesrise-1.20.1-forge-1.0.9.2b.jar with {block_factorys_bosses} mods - versions {1.0.9.2.}
[16Oct2025 02:43:36.839] [main/DEBUG] [net.minecraftforge.fml.loading.moddiscovery.ModFile/LOADING]: Loading mod file /workspaces/MI-server/servidor_minecraft/mods/bossesrise-1.20.1-forge-1.0.9.2b.jar with languages [LanguageSpec[languageName=javafml, acceptedVersions=[47,)]]
[16Oct2025 02:43:36.840] [main/DEBUG] [net.minecraftforge.fml.loading.moddiscovery.ModFileParser/LOADING]: Considering mod file candidate /workspaces/MI-server/servidor_minecraft/mods/moonlight-1.20-2.16.13-forge.jar
[16Oct2025 02:43:36.840] [main/DEBUG] [net.minecraftforge.fml.loading.moddiscovery.ModFileInfo/LOADING]: Found valid mod file moonlight-1.20-2.16.13-forge.jar with {moonlight} mods - versions {1.20-2.16.13}
[16Oct2025 02:43:36.840] [main/DEBUG] [net.minecraftforge.fml.loading.moddiscovery.ModFile/LOADING]: Loading mod file /workspaces/MI-server/servidor_minecraft/mods/moonlight-1.20-2.16.13-forge.jar with languages [LanguageSpec[languageName=javafml, acceptedVersions=[40,)]]
[16Oct2025 02:43:36.840] [main/DEBUG] [net.minecraftforge.fml.loading.moddiscovery.ModFileParser/LOADING]: Considering mod file candidate /workspaces/MI-server/servidor_minecraft/mods/ancient_scribes-2.0.0-forge-1.20.1.jar
[16Oct2025 02:43:36.841] [main/DEBUG] [net.minecraftforge.fml.loading.moddiscovery.ModFileInfo/LOADING]: Found valid mod file ancient_scribes-2.0.0-forge-1.20.1.jar with {ancient_scribes} mods - versions {2.0.0}
[16Oct2025 02:43:36.841] [main/DEBUG] [net.minecraftforge.fml.loading.moddiscovery.ModFile/LOADING]: Loading mod file /workspaces/MI-server/servidor_minecraft/mods/ancient_scribes-2.0.0-forge-1.20.1.jar with languages [LanguageSpec[languageName=javafml, acceptedVersions=[47,)]]
[16Oct2025 02:43:36.841] [main/DEBUG] [net.minecraftforge.fml.loading.moddiscovery.ModFileParser/LOADING]: Considering mod file candidate /workspaces/MI-server/servidor_minecraft/mods/bettercombat-forge-1.8.6+1.20.1.jar
[16Oct2025 02:43:36.842] [main/DEBUG] [net.minecraftforge.fml.loading.moddiscovery.ModFileInfo/LOADING]: Found valid mod file bettercombat-forge-1.8.6+1.20.1.jar with {bettercombat} mods - versions {1.8.6+1.20.1}
[16Oct2025 02:43:36.842] [main/DEBUG] [net.minecraftforge.fml.loading.moddiscovery.ModFile/LOADING]: Loading mod file /workspaces/MI-server/servidor_minecraft/mods/bettercombat-forge-1.8.6+1.20.1.jar with languages [LanguageSpec[languageName=javafml, acceptedVersions=[39,)]]
[16Oct2025 02:43:36.842] [main/DEBUG] [net.minecraftforge.fml.loading.moddiscovery.ModFileParser/LOADING]: Considering mod file candidate /workspaces/MI-server/servidor_minecraft/mods/Luminous Beasts V1.2.51 - Forge 1.20.1.jar
[16Oct2025 02:43:36.843] [main/DEBUG] [net.minecraftforge.fml.loading.moddiscovery.ModFileInfo/LOADING]: Found valid mod file Luminous Beasts V1.2.51 - Forge 1.20.1.jar with {luminous_beasts} mods - versions {1.2.51}
[16Oct2025 02:43:36.843] [main/DEBUG] [net.minecraftforge.fml.loading.moddiscovery.ModFile/LOADING]: Loading mod file /workspaces/MI-server/servidor_minecraft/mods/Luminous Beasts V1.2.51 - Forge 1.20.1.jar with languages [LanguageSpec[languageName=javafml, acceptedVersions=[47,)]]
[16Oct2025 02:43:36.843] [main/DEBUG] [net.minecraftforge.fml.loading.moddiscovery.ModFileParser/LOADING]: Considering mod file candidate /workspaces/MI-server/servidor_minecraft/mods/geckolib-forge-1.20.1-4.8.2.jar
[16Oct2025 02:43:36.843] [main/DEBUG] [net.minecraftforge.fml.loading.moddiscovery.ModFileInfo/LOADING]: Found valid mod file geckolib-forge-1.20.1-4.8.2.jar with {geckolib} mods - versions {4.8.2}
[16Oct2025 02:43:36.844] [main/DEBUG] [net.minecraftforge.fml.loading.moddiscovery.ModFile/LOADING]: Loading mod file /workspaces/MI-server/servidor_minecraft/mods/geckolib-forge-1.20.1-4.8.2.jar with languages [LanguageSpec[languageName=javafml, acceptedVersions=[47,)]]
[16Oct2025 02:43:36.844] [main/DEBUG] [net.minecraftforge.fml.loading.moddiscovery.ModFileParser/LOADING]: Considering mod file candidate /workspaces/MI-server/servidor_minecraft/mods/obscure_tooltips-forge-1.20.1-3.1.1.jar
[16Oct2025 02:43:36.844] [main/DEBUG] [net.minecraftforge.fml.loading.moddiscovery.ModFileInfo/LOADING]: Found valid mod file obscure_tooltips-forge-1.20.1-3.1.1.jar with {obscure_tooltips} mods - versions {3.1.1}
[16Oct2025 02:43:36.844] [main/DEBUG] [net.minecraftforge.fml.loading.moddiscovery.ModFile/LOADING]: Loading mod file /workspaces/MI-server/servidor_minecraft/mods/obscure_tooltips-forge-1.20.1-3.1.1.jar with languages [LanguageSpec[languageName=javafml, acceptedVersions=[47,)]]
[16Oct2025 02:43:36.844] [main/DEBUG] [net.minecraftforge.fml.loading.moddiscovery.ModFileParser/LOADING]: Considering mod file candidate /workspaces/MI-server/servidor_minecraft/mods/CreativeCore_FORGE_v2.12.32_mc1.20.1.jar
[16Oct2025 02:43:36.845] [main/DEBUG] [net.minecraftforge.fml.loading.moddiscovery.ModFileInfo/LOADING]: Found valid mod file CreativeCore_FORGE_v2.12.32_mc1.20.1.jar with {creativecore} mods - versions {2.12.32}
[16Oct2025 02:43:36.845] [main/DEBUG] [net.minecraftforge.fml.loading.moddiscovery.ModFile/LOADING]: Loading mod file /workspaces/MI-server/servidor_minecraft/mods/CreativeCore_FORGE_v2.12.32_mc1.20.1.jar with languages [LanguageSpec[languageName=javafml, acceptedVersions=[46,)]]
[16Oct2025 02:43:36.845] [main/DEBUG] [net.minecraftforge.fml.loading.moddiscovery.ModFileParser/LOADING]: Considering mod file candidate /workspaces/MI-server/servidor_minecraft/mods/OctoLib-FORGE-0.5.0.1+1.20.1.jar
[16Oct2025 02:43:36.848] [main/DEBUG] [net.minecraftforge.fml.loading.moddiscovery.ModFileInfo/LOADING]: Found valid mod file OctoLib-FORGE-0.5.0.1+1.20.1.jar with {octolib} mods - versions {0.5.0.1}
[16Oct2025 02:43:36.848] [main/DEBUG] [net.minecraftforge.fml.loading.moddiscovery.ModFile/LOADING]: Loading mod file /workspaces/MI-server/servidor_minecraft/mods/OctoLib-FORGE-0.5.0.1+1.20.1.jar with languages [LanguageSpec[languageName=javafml, acceptedVersions=[47,)]]
[16Oct2025 02:43:36.848] [main/DEBUG] [net.minecraftforge.fml.loading.moddiscovery.ModFileParser/LOADING]: Considering mod file candidate /workspaces/MI-server/servidor_minecraft/mods/player-animation-lib-forge-1.0.2-rc1+1.20.jar
[16Oct2025 02:43:36.849] [main/DEBUG] [net.minecraftforge.fml.loading.moddiscovery.ModFileInfo/LOADING]: Found valid mod file player-animation-lib-forge-1.0.2-rc1+1.20.jar with {playeranimator} mods - versions {1.0.2-rc1+1.20}
[16Oct2025 02:43:36.849] [main/DEBUG] [net.minecraftforge.fml.loading.moddiscovery.ModFile/LOADING]: Loading mod file /workspaces/MI-server/servidor_minecraft/mods/player-animation-lib-forge-1.0.2-rc1+1.20.jar with languages [LanguageSpec[languageName=javafml, acceptedVersions=[46.0.0,)]]
[16Oct2025 02:43:36.849] [main/DEBUG] [net.minecraftforge.fml.loading.moddiscovery.ModFileParser/LOADING]: Considering mod file candidate /workspaces/MI-server/servidor_minecraft/mods/rpg_backpacks-5.0.0-forge-1.20.1.jar
[16Oct2025 02:43:36.850] [main/DEBUG] [net.minecraftforge.fml.loading.moddiscovery.ModFileInfo/LOADING]: Found valid mod file rpg_backpacks-5.0.0-forge-1.20.1.jar with {rpg_backpacks} mods - versions {5.0.0}
[16Oct2025 02:43:36.851] [main/DEBUG] [net.minecraftforge.fml.loading.moddiscovery.ModFile/LOADING]: Loading mod file /workspaces/MI-server/servidor_minecraft/mods/rpg_backpacks-5.0.0-forge-1.20.1.jar with languages [LanguageSpec[languageName=javafml, acceptedVersions=[47,)]]
[16Oct2025 02:43:36.851] [main/DEBUG] [net.minecraftforge.fml.loading.moddiscovery.ModFileParser/LOADING]: Considering mod file candidate /workspaces/MI-server/servidor_minecraft/mods/Clothing_Of_The_Lowlands-1.0.6-forge-1.20.1.jar
[16Oct2025 02:43:36.852] [main/DEBUG] [net.minecraftforge.fml.loading.moddiscovery.ModFileInfo/LOADING]: Found valid mod file Clothing_Of_The_Lowlands-1.0.6-forge-1.20.1.jar with {lowlands_clothing} mods - versions {1.0.0}
[16Oct2025 02:43:36.853] [main/DEBUG] [net.minecraftforge.fml.loading.moddiscovery.ModFile/LOADING]: Loading mod file /workspaces/MI-server/servidor_minecraft/mods/Clothing_Of_The_Lowlands-1.0.6-forge-1.20.1.jar with languages [LanguageSpec[languageName=javafml, acceptedVersions=[47,)]]
[16Oct2025 02:43:36.853] [main/DEBUG] [net.minecraftforge.fml.loading.moddiscovery.ModFileParser/LOADING]: Considering mod file candidate /workspaces/MI-server/servidor_minecraft/mods/ancore-2025.3.2.1-forge-1.20.1.jar
[16Oct2025 02:43:36.853] [main/DEBUG] [net.minecraftforge.fml.loading.moddiscovery.ModFileInfo/LOADING]: Found valid mod file ancore-2025.3.2.1-forge-1.20.1.jar with {ancore} mods - versions {2025.3.2.1}
[16Oct2025 02:43:36.853] [main/DEBUG] [net.minecraftforge.fml.loading.moddiscovery.ModFile/LOADING]: Loading mod file /workspaces/MI-server/servidor_minecraft/mods/ancore-2025.3.2.1-forge-1.20.1.jar with languages [LanguageSpec[languageName=javafml, acceptedVersions=[47,)]]
[16Oct2025 02:43:36.853] [main/DEBUG] [net.minecraftforge.fml.loading.moddiscovery.ModFileParser/LOADING]: Considering mod file candidate /workspaces/MI-server/servidor_minecraft/mods/jei-1.20.1-forge-15.20.0.116.jar
[16Oct2025 02:43:36.854] [main/DEBUG] [net.minecraftforge.fml.loading.moddiscovery.ModFileInfo/LOADING]: Found valid mod file jei-1.20.1-forge-15.20.0.116.jar with {jei} mods - versions {15.20.0.116}
[16Oct2025 02:43:36.855] [main/DEBUG] [net.minecraftforge.fml.loading.moddiscovery.ModFile/LOADING]: Loading mod file /workspaces/MI-server/servidor_minecraft/mods/jei-1.20.1-forge-15.20.0.116.jar with languages [LanguageSpec[languageName=javafml, acceptedVersions=[47,)]]
[16Oct2025 02:43:36.855] [main/DEBUG] [net.minecraftforge.fml.loading.moddiscovery.ModFileParser/LOADING]: Considering mod file candidate /workspaces/MI-server/servidor_minecraft/mods/More Critters 1.1.6.jar
[16Oct2025 02:43:36.856] [main/DEBUG] [net.minecraftforge.fml.loading.moddiscovery.ModFileInfo/LOADING]: Found valid mod file More Critters 1.1.6.jar with {more_critters} mods - versions {1.1.6}
[16Oct2025 02:43:36.857] [main/DEBUG] [net.minecraftforge.fml.loading.moddiscovery.ModFile/LOADING]: Loading mod file /workspaces/MI-server/servidor_minecraft/mods/More Critters 1.1.6.jar with languages [LanguageSpec[languageName=javafml, acceptedVersions=[47,)]]
[16Oct2025 02:43:36.857] [main/DEBUG] [net.minecraftforge.fml.loading.moddiscovery.ModFileParser/LOADING]: Considering mod file candidate /workspaces/MI-server/servidor_minecraft/mods/born_in_chaos_[Forge]1.20.1_1.7.2.jar
[16Oct2025 02:43:36.857] [main/DEBUG] [net.minecraftforge.fml.loading.moddiscovery.ModFileInfo/LOADING]: Found valid mod file born_in_chaos_[Forge]1.20.1_1.7.2.jar with {born_in_chaos_v1} mods - versions {1.7.2}
[16Oct2025 02:43:36.860] [main/DEBUG] [net.minecraftforge.fml.loading.moddiscovery.ModFile/LOADING]: Loading mod file /workspaces/MI-server/servidor_minecraft/mods/born_in_chaos_[Forge]1.20.1_1.7.2.jar with languages [LanguageSpec[languageName=javafml, acceptedVersions=[47,)]]
[16Oct2025 02:43:36.860] [main/DEBUG] [net.minecraftforge.fml.loading.moddiscovery.ModFileParser/LOADING]: Considering mod file candidate /workspaces/MI-server/servidor_minecraft/mods/dungeons_enhanced-1.20.1-5.4.3.jar
[16Oct2025 02:43:36.860] [main/DEBUG] [net.minecraftforge.fml.loading.moddiscovery.ModFileInfo/LOADING]: Found valid mod file dungeons_enhanced-1.20.1-5.4.3.jar with {dungeons_enhanced} mods - versions {5.4.3}
[16Oct2025 02:43:36.860] [main/DEBUG] [net.minecraftforge.fml.loading.moddiscovery.ModFile/LOADING]: Loading mod file /workspaces/MI-server/servidor_minecraft/mods/dungeons_enhanced-1.20.1-5.4.3.jar with languages [LanguageSpec[languageName=javafml, acceptedVersions=[47,)]]
[16Oct2025 02:43:36.861] [main/DEBUG] [net.minecraftforge.fml.loading.moddiscovery.ModFileParser/LOADING]: Considering mod file candidate /workspaces/MI-server/servidor_minecraft/mods/FazRoleplayClothes-1.20.1-2.1.jar
[16Oct2025 02:43:36.861] [main/DEBUG] [net.minecraftforge.fml.loading.moddiscovery.ModFileInfo/LOADING]: Found valid mod file FazRoleplayClothes-1.20.1-2.1.jar with {faz_roleplay_plus} mods - versions {2.1}
[16Oct2025 02:43:36.861] [main/DEBUG] [net.minecraftforge.fml.loading.moddiscovery.ModFile/LOADING]: Loading mod file /workspaces/MI-server/servidor_minecraft/mods/FazRoleplayClothes-1.20.1-2.1.jar with languages [LanguageSpec[languageName=javafml, acceptedVersions=[47,)]]
[16Oct2025 02:43:36.861] [main/DEBUG] [net.minecraftforge.fml.loading.moddiscovery.ModFileParser/LOADING]: Considering mod file candidate /workspaces/MI-server/servidor_minecraft/mods/libraryferret-forge-1.20.1-4.0.0.jar
[16Oct2025 02:43:36.862] [main/DEBUG] [net.minecraftforge.fml.loading.moddiscovery.ModFileInfo/LOADING]: Found valid mod file libraryferret-forge-1.20.1-4.0.0.jar with {libraryferret} mods - versions {4.0.0}
[16Oct2025 02:43:36.864] [main/DEBUG] [net.minecraftforge.fml.loading.moddiscovery.ModFile/LOADING]: Loading mod file /workspaces/MI-server/servidor_minecraft/mods/libraryferret-forge-1.20.1-4.0.0.jar with languages [LanguageSpec[languageName=javafml, acceptedVersions=[47,)]]
[16Oct2025 02:43:36.864] [main/DEBUG] [net.minecraftforge.fml.loading.moddiscovery.ModFileParser/LOADING]: Considering mod file candidate /workspaces/MI-server/servidor_minecraft/mods/companions-forge-1.20.1-1.1.1.jar
[16Oct2025 02:43:36.864] [main/DEBUG] [net.minecraftforge.fml.loading.moddiscovery.ModFileInfo/LOADING]: Found valid mod file companions-forge-1.20.1-1.1.1.jar with {companions} mods - versions {1.1.1}
[16Oct2025 02:43:36.864] [main/DEBUG] [net.minecraftforge.fml.loading.moddiscovery.ModFile/LOADING]: Loading mod file /workspaces/MI-server/servidor_minecraft/mods/companions-forge-1.20.1-1.1.1.jar with languages [LanguageSpec[languageName=javafml, acceptedVersions=[47,)]]
[16Oct2025 02:43:36.864] [main/DEBUG] [net.minecraftforge.fml.loading.moddiscovery.ModFileParser/LOADING]: Considering mod file candidate /workspaces/MI-server/servidor_minecraft/mods/gnumus_settlement_[Forge]1.20.1_v1.0.jar
[16Oct2025 02:43:36.865] [main/DEBUG] [net.minecraftforge.fml.loading.moddiscovery.ModFileInfo/LOADING]: Found valid mod file gnumus_settlement_[Forge]1.20.1_v1.0.jar with {gnumus} mods - versions {1.0.0}
[16Oct2025 02:43:36.865] [main/DEBUG] [net.minecraftforge.fml.loading.moddiscovery.ModFile/LOADING]: Loading mod file /workspaces/MI-server/servidor_minecraft/mods/gnumus_settlement_[Forge]1.20.1_v1.0.jar with languages [LanguageSpec[languageName=javafml, acceptedVersions=[47,)]]
[16Oct2025 02:43:36.865] [main/DEBUG] [net.minecraftforge.fml.loading.moddiscovery.ModFileParser/LOADING]: Considering mod file candidate /workspaces/MI-server/servidor_minecraft/mods/curios-forge-5.14.1+1.20.1.jar
[16Oct2025 02:43:36.866] [main/DEBUG] [net.minecraftforge.fml.loading.moddiscovery.ModFileInfo/LOADING]: Found valid mod file curios-forge-5.14.1+1.20.1.jar with {curios} mods - versions {5.14.1+1.20.1}
[16Oct2025 02:43:36.867] [main/DEBUG] [net.minecraftforge.fml.loading.moddiscovery.ModFile/LOADING]: Loading mod file /workspaces/MI-server/servidor_minecraft/mods/curios-forge-5.14.1+1.20.1.jar with languages [LanguageSpec[languageName=javafml, acceptedVersions=[41,)]]
[16Oct2025 02:43:36.867] [main/DEBUG] [net.minecraftforge.fml.loading.moddiscovery.ModFileParser/LOADING]: Considering mod file candidate /workspaces/MI-server/servidor_minecraft/mods/fragmentum-forge-1.20.1-0.1.1.jar
[16Oct2025 02:43:36.867] [main/DEBUG] [net.minecraftforge.fml.loading.moddiscovery.ModFileInfo/LOADING]: Found valid mod file fragmentum-forge-1.20.1-0.1.1.jar with {fragmentum} mods - versions {0.1.1}
[16Oct2025 02:43:36.867] [main/DEBUG] [net.minecraftforge.fml.loading.moddiscovery.ModFile/LOADING]: Loading mod file /workspaces/MI-server/servidor_minecraft/mods/fragmentum-forge-1.20.1-0.1.1.jar with languages [LanguageSpec[languageName=javafml, acceptedVersions=[47,)]]
[16Oct2025 02:43:36.868] [main/DEBUG] [net.minecraftforge.fml.loading.moddiscovery.ModFileParser/LOADING]: Considering mod file candidate /workspaces/MI-server/servidor_minecraft/mods/journeymap-1.20.1-5.10.3-forge.jar
[16Oct2025 02:43:36.868] [main/DEBUG] [net.minecraftforge.fml.loading.moddiscovery.ModFileInfo/LOADING]: Found valid mod file journeymap-1.20.1-5.10.3-forge.jar with {journeymap} mods - versions {5.10.3}
[16Oct2025 02:43:36.868] [main/DEBUG] [net.minecraftforge.fml.loading.moddiscovery.ModFile/LOADING]: Loading mod file /workspaces/MI-server/servidor_minecraft/mods/journeymap-1.20.1-5.10.3-forge.jar with languages [LanguageSpec[languageName=javafml, acceptedVersions=[44,)]]
[16Oct2025 02:43:36.870] [main/DEBUG] [net.minecraftforge.fml.loading.moddiscovery.ModFileParser/LOADING]: Found coremod journeymap potion effect transformer with Javascript path potion-effects-shift.js
[16Oct2025 02:43:36.870] [main/DEBUG] [net.minecraftforge.fml.loading.moddiscovery.ModFile/LOADING]: Found coremod potion-effects-shift.js
[16Oct2025 02:43:36.870] [main/DEBUG] [net.minecraftforge.fml.loading.moddiscovery.ModFileParser/LOADING]: Considering mod file candidate /workspaces/MI-server/servidor_minecraft/mods/[1.20.1] SecurityCraft v1.10.0.1.jar
[16Oct2025 02:43:36.871] [main/DEBUG] [net.minecraftforge.fml.loading.moddiscovery.ModFileInfo/LOADING]: Found valid mod file [1.20.1] SecurityCraft v1.10.0.1.jar with {securitycraft} mods - versions {1.10.0.1}
[16Oct2025 02:43:36.871] [main/DEBUG] [net.minecraftforge.fml.loading.moddiscovery.ModFile/LOADING]: Loading mod file /workspaces/MI-server/servidor_minecraft/mods/[1.20.1] SecurityCraft v1.10.0.1.jar with languages [LanguageSpec[languageName=javafml, acceptedVersions=[46,)]]
[16Oct2025 02:43:36.871] [main/DEBUG] [net.minecraftforge.fml.loading.moddiscovery.ModFileParser/LOADING]: Considering mod file candidate /workspaces/MI-server/servidor_minecraft/mods/citadel-2.6.2-1.20.1.jar
[16Oct2025 02:43:36.872] [main/DEBUG] [net.minecraftforge.fml.loading.moddiscovery.ModFileInfo/LOADING]: Found valid mod file citadel-2.6.2-1.20.1.jar with {citadel} mods - versions {2.6.2}
[16Oct2025 02:43:36.872] [main/DEBUG] [net.minecraftforge.fml.loading.moddiscovery.ModFile/LOADING]: Loading mod file /workspaces/MI-server/servidor_minecraft/mods/citadel-2.6.2-1.20.1.jar with languages [LanguageSpec[languageName=javafml, acceptedVersions=[47,)]]
[16Oct2025 02:43:36.872] [main/DEBUG] [net.minecraftforge.fml.loading.moddiscovery.ModFileParser/LOADING]: Considering mod file candidate /workspaces/MI-server/servidor_minecraft/mods/legendarycreatures-1.20.1-1.1.1.4.jar
[16Oct2025 02:43:36.873] [main/DEBUG] [net.minecraftforge.fml.loading.moddiscovery.ModFileInfo/LOADING]: Found valid mod file legendarycreatures-1.20.1-1.1.1.4.jar with {legendarycreatures} mods - versions {1.20.1-1.1.1.4}
[16Oct2025 02:43:36.873] [main/DEBUG] [net.minecraftforge.fml.loading.moddiscovery.ModFile/LOADING]: Loading mod file /workspaces/MI-server/servidor_minecraft/mods/legendarycreatures-1.20.1-1.1.1.4.jar with languages [LanguageSpec[languageName=javafml, acceptedVersions=[47,)]]
[16Oct2025 02:43:36.873] [main/DEBUG] [net.minecraftforge.fml.loading.moddiscovery.ModFileParser/LOADING]: Considering mod file candidate /workspaces/MI-server/servidor_minecraft/mods/MyServerIsCompatible-1.20-1.0.jar
[16Oct2025 02:43:36.875] [main/DEBUG] [net.minecraftforge.fml.loading.moddiscovery.ModFileInfo/LOADING]: Found valid mod file MyServerIsCompatible-1.20-1.0.jar with {myserveriscompatible} mods - versions {1.0}
[16Oct2025 02:43:36.875] [main/DEBUG] [net.minecraftforge.fml.loading.moddiscovery.ModFile/LOADING]: Loading mod file /workspaces/MI-server/servidor_minecraft/mods/MyServerIsCompatible-1.20-1.0.jar with languages [LanguageSpec[languageName=javafml, acceptedVersions=[46,)]]
[16Oct2025 02:43:36.875] [main/DEBUG] [net.minecraftforge.fml.loading.moddiscovery.ModFileParser/LOADING]: Considering mod file candidate /workspaces/MI-server/servidor_minecraft/mods/knightlib-forge-1.20.1-1.3.1.jar
[16Oct2025 02:43:36.876] [main/DEBUG] [net.minecraftforge.fml.loading.moddiscovery.ModFileInfo/LOADING]: Found valid mod file knightlib-forge-1.20.1-1.3.1.jar with {knightlib} mods - versions {1.3.1}
[16Oct2025 02:43:36.877] [main/DEBUG] [net.minecraftforge.fml.loading.moddiscovery.ModFile/LOADING]: Loading mod file /workspaces/MI-server/servidor_minecraft/mods/knightlib-forge-1.20.1-1.3.1.jar with languages [LanguageSpec[languageName=javafml, acceptedVersions=[47,)]]
[16Oct2025 02:43:36.877] [main/DEBUG] [net.minecraftforge.fml.loading.moddiscovery.ModFileParser/LOADING]: Considering mod file candidate /workspaces/MI-server/servidor_minecraft/mods/relics-1.20.1-0.8.0.11.jar
[16Oct2025 02:43:36.877] [main/DEBUG] [net.minecraftforge.fml.loading.moddiscovery.ModFileInfo/LOADING]: Found valid mod file relics-1.20.1-0.8.0.11.jar with {relics} mods - versions {0.8.0.11}
[16Oct2025 02:43:36.878] [main/DEBUG] [net.minecraftforge.fml.loading.moddiscovery.ModFile/LOADING]: Loading mod file /workspaces/MI-server/servidor_minecraft/mods/relics-1.20.1-0.8.0.11.jar with languages [LanguageSpec[languageName=javafml, acceptedVersions=[47,)]]
[16Oct2025 02:43:36.878] [main/DEBUG] [net.minecraftforge.fml.loading.moddiscovery.ModFileParser/LOADING]: Considering mod file candidate /workspaces/MI-server/servidor_minecraft/mods/architectury-9.2.14-forge.jar
[16Oct2025 02:43:36.880] [main/DEBUG] [net.minecraftforge.fml.loading.moddiscovery.ModFileInfo/LOADING]: Found valid mod file architectury-9.2.14-forge.jar with {architectury} mods - versions {9.2.14}
[16Oct2025 02:43:36.880] [main/DEBUG] [net.minecraftforge.fml.loading.moddiscovery.ModFile/LOADING]: Loading mod file /workspaces/MI-server/servidor_minecraft/mods/architectury-9.2.14-forge.jar with languages [LanguageSpec[languageName=javafml, acceptedVersions=[46,)]]
[16Oct2025 02:43:36.880] [main/DEBUG] [net.minecraftforge.fml.loading.moddiscovery.ModFileParser/LOADING]: Considering mod file candidate /workspaces/MI-server/servidor_minecraft/mods/iceandfire-2.1.13-1.20.1-beta-5.jar
[16Oct2025 02:43:36.881] [main/DEBUG] [net.minecraftforge.fml.loading.moddiscovery.ModFileInfo/LOADING]: Found valid mod file iceandfire-2.1.13-1.20.1-beta-5.jar with {iceandfire} mods - versions {2.1.13-1.20.1}
[16Oct2025 02:43:36.881] [main/DEBUG] [net.minecraftforge.fml.loading.moddiscovery.ModFile/LOADING]: Loading mod file /workspaces/MI-server/servidor_minecraft/mods/iceandfire-2.1.13-1.20.1-beta-5.jar with languages [LanguageSpec[languageName=javafml, acceptedVersions=[37.0,)]]
[16Oct2025 02:43:36.881] [main/DEBUG] [net.minecraftforge.fml.loading.moddiscovery.ModFileParser/LOADING]: Considering mod file candidate /workspaces/MI-server/servidor_minecraft/mods/Aquaculture-1.20.1-2.5.5.jar
[16Oct2025 02:43:36.881] [main/DEBUG] [net.minecraftforge.fml.loading.moddiscovery.ModFileInfo/LOADING]: Found valid mod file Aquaculture-1.20.1-2.5.5.jar with {aquaculture} mods - versions {2.5.5}
[16Oct2025 02:43:36.881] [main/DEBUG] [net.minecraftforge.fml.loading.moddiscovery.ModFile/LOADING]: Loading mod file /workspaces/MI-server/servidor_minecraft/mods/Aquaculture-1.20.1-2.5.5.jar with languages [LanguageSpec[languageName=javafml, acceptedVersions=[47,)]]
[16Oct2025 02:43:36.882] [main/DEBUG] [net.minecraftforge.fml.loading.moddiscovery.ModFileParser/LOADING]: Considering mod file candidate /workspaces/MI-server/servidor_minecraft/mods/azurelib-neo-1.20.1-3.0.25.jar
[16Oct2025 02:43:36.884] [main/DEBUG] [net.minecraftforge.fml.loading.moddiscovery.ModFileInfo/LOADING]: Found valid mod file azurelib-neo-1.20.1-3.0.25.jar with {azurelib} mods - versions {3.0.25}
[16Oct2025 02:43:36.884] [main/DEBUG] [net.minecraftforge.fml.loading.moddiscovery.ModFile/LOADING]: Loading mod file /workspaces/MI-server/servidor_minecraft/mods/azurelib-neo-1.20.1-3.0.25.jar with languages [LanguageSpec[languageName=javafml, acceptedVersions=[47,)]]
[16Oct2025 02:43:36.884] [main/DEBUG] [net.minecraftforge.fml.loading.moddiscovery.ModFileParser/LOADING]: Considering mod file candidate /workspaces/MI-server/servidor_minecraft/mods/cloth-config-11.1.136-forge.jar
[16Oct2025 02:43:36.884] [main/DEBUG] [net.minecraftforge.fml.loading.moddiscovery.ModFileInfo/LOADING]: Found valid mod file cloth-config-11.1.136-forge.jar with {cloth_config} mods - versions {11.1.136}
[16Oct2025 02:43:36.884] [main/DEBUG] [net.minecraftforge.fml.loading.moddiscovery.ModFile/LOADING]: Loading mod file /workspaces/MI-server/servidor_minecraft/mods/cloth-config-11.1.136-forge.jar with languages [LanguageSpec[languageName=javafml, acceptedVersions=[34,)]]
[16Oct2025 02:43:36.886] [main/DEBUG] [net.minecraftforge.fml.loading.moddiscovery.ModFileParser/LOADING]: Considering mod file candidate /workspaces/MI-server/servidor_minecraft/mods/goblins_tyranny-1.2.3-forge-1.20.1.jar
[16Oct2025 02:43:36.886] [main/DEBUG] [net.minecraftforge.fml.loading.moddiscovery.ModFileInfo/LOADING]: Found valid mod file goblins_tyranny-1.2.3-forge-1.20.1.jar with {goblins_tyranny} mods - versions {1.2.3}
[16Oct2025 02:43:36.886] [main/DEBUG] [net.minecraftforge.fml.loading.moddiscovery.ModFile/LOADING]: Loading mod file /workspaces/MI-server/servidor_minecraft/mods/goblins_tyranny-1.2.3-forge-1.20.1.jar with languages [LanguageSpec[languageName=javafml, acceptedVersions=[47,)]]
[16Oct2025 02:43:36.886] [main/DEBUG] [net.minecraftforge.fml.loading.moddiscovery.ModFileParser/LOADING]: Considering mod file candidate /workspaces/MI-server/servidor_minecraft/mods/Paraglider-forge-20.1.3.jar
[16Oct2025 02:43:36.887] [main/DEBUG] [net.minecraftforge.fml.loading.moddiscovery.ModFileInfo/LOADING]: Found valid mod file Paraglider-forge-20.1.3.jar with {paraglider} mods - versions {20.1.3}
[16Oct2025 02:43:36.887] [main/DEBUG] [net.minecraftforge.fml.loading.moddiscovery.ModFile/LOADING]: Loading mod file /workspaces/MI-server/servidor_minecraft/mods/Paraglider-forge-20.1.3.jar with languages [LanguageSpec[languageName=javafml, acceptedVersions=[47,)]]
[16Oct2025 02:43:36.888] [main/DEBUG] [net.minecraftforge.fml.loading.moddiscovery.ModFileParser/LOADING]: Considering mod file candidate /workspaces/MI-server/servidor_minecraft/libraries/net/minecraftforge/forge/1.20.1-47.3.7/forge-1.20.1-47.3.7-universal.jar
[16Oct2025 02:43:36.888] [main/DEBUG] [net.minecraftforge.fml.loading.moddiscovery.ModFileInfo/LOADING]: Found valid mod file forge-1.20.1-47.3.7-universal.jar with {forge} mods - versions {47.3.7}
[16Oct2025 02:43:36.890] [main/DEBUG] [net.minecraftforge.fml.loading.moddiscovery.ModFile/LOADING]: Loading mod file /workspaces/MI-server/servidor_minecraft/libraries/net/minecraftforge/forge/1.20.1-47.3.7/forge-1.20.1-47.3.7-universal.jar with languages [LanguageSpec[languageName=javafml, acceptedVersions=[24,]]]
[16Oct2025 02:43:36.891] [main/DEBUG] [net.minecraftforge.fml.loading.moddiscovery.ModFileParser/LOADING]: Found coremod field_to_method with Javascript path coremods/field_to_method.js
[16Oct2025 02:43:36.891] [main/DEBUG] [net.minecraftforge.fml.loading.moddiscovery.ModFileParser/LOADING]: Found coremod field_to_instanceof with Javascript path coremods/field_to_instanceof.js
[16Oct2025 02:43:36.891] [main/DEBUG] [net.minecraftforge.fml.loading.moddiscovery.ModFileParser/LOADING]: Found coremod add_bouncer_method with Javascript path coremods/add_bouncer_method.js
[16Oct2025 02:43:36.891] [main/DEBUG] [net.minecraftforge.fml.loading.moddiscovery.ModFileParser/LOADING]: Found coremod method_redirector with Javascript path coremods/method_redirector.js
[16Oct2025 02:43:36.891] [main/DEBUG] [net.minecraftforge.fml.loading.moddiscovery.ModFile/LOADING]: Found coremod coremods/field_to_method.js
[16Oct2025 02:43:36.891] [main/DEBUG] [net.minecraftforge.fml.loading.moddiscovery.ModFile/LOADING]: Found coremod coremods/field_to_instanceof.js
[16Oct2025 02:43:36.891] [main/DEBUG] [net.minecraftforge.fml.loading.moddiscovery.ModFile/LOADING]: Found coremod coremods/add_bouncer_method.js
[16Oct2025 02:43:36.891] [main/DEBUG] [net.minecraftforge.fml.loading.moddiscovery.ModFile/LOADING]: Found coremod coremods/method_redirector.js
[16Oct2025 02:43:36.891] [main/DEBUG] [net.minecraftforge.fml.loading.moddiscovery.ModFileParser/LOADING]: Considering mod file candidate /workspaces/MI-server/servidor_minecraft/mods/realmrpg_quests-0.1.1-forge-1.20.1.jar
[16Oct2025 02:43:36.892] [main/DEBUG] [net.minecraftforge.fml.loading.moddiscovery.ModFileInfo/LOADING]: Found valid mod file realmrpg_quests-0.1.1-forge-1.20.1.jar with {realmrpg_quests} mods - versions {0.1.1}
[16Oct2025 02:43:36.892] [main/DEBUG] [net.minecraftforge.fml.loading.moddiscovery.ModFile/LOADING]: Loading mod file /workspaces/MI-server/servidor_minecraft/mods/realmrpg_quests-0.1.1-forge-1.20.1.jar with languages [LanguageSpec[languageName=javafml, acceptedVersions=[47,)]]
[16Oct2025 02:43:36.892] [main/DEBUG] [net.minecraftforge.fml.loading.moddiscovery.ModFileParser/LOADING]: Considering mod file candidate /workspaces/MI-server/servidor_minecraft/mods/experienced_crops-1.20.1-1.1.0-forge.jar
[16Oct2025 02:43:36.892] [main/DEBUG] [net.minecraftforge.fml.loading.moddiscovery.ModFileInfo/LOADING]: Found valid mod file experienced_crops-1.20.1-1.1.0-forge.jar with {experienced_crops} mods - versions {1.20.1-1.1.0}
[16Oct2025 02:43:36.893] [main/DEBUG] [net.minecraftforge.fml.loading.moddiscovery.ModFile/LOADING]: Loading mod file /workspaces/MI-server/servidor_minecraft/mods/experienced_crops-1.20.1-1.1.0-forge.jar with languages [LanguageSpec[languageName=javafml, acceptedVersions=[40,)]]
[16Oct2025 02:43:36.894] [main/DEBUG] [net.minecraftforge.fml.loading.moddiscovery.ModFileParser/LOADING]: Considering mod file candidate /workspaces/MI-server/servidor_minecraft/mods/PlayerRevive_FORGE_v2.0.31_mc1.20.1.jar
[16Oct2025 02:43:36.894] [main/DEBUG] [net.minecraftforge.fml.loading.moddiscovery.ModFileInfo/LOADING]: Found valid mod file PlayerRevive_FORGE_v2.0.31_mc1.20.1.jar with {playerrevive} mods - versions {2.0.31}
[16Oct2025 02:43:36.894] [main/DEBUG] [net.minecraftforge.fml.loading.moddiscovery.ModFile/LOADING]: Loading mod file /workspaces/MI-server/servidor_minecraft/mods/PlayerRevive_FORGE_v2.0.31_mc1.20.1.jar with languages [LanguageSpec[languageName=javafml, acceptedVersions=[46,)]]
[16Oct2025 02:43:36.894] [main/DEBUG] [net.minecraftforge.fml.loading.moddiscovery.ModFileParser/LOADING]: Considering mod file candidate /workspaces/MI-server/servidor_minecraft/mods/structure_gel-1.20.1-2.16.2.jar
[16Oct2025 02:43:36.895] [main/DEBUG] [net.minecraftforge.fml.loading.moddiscovery.ModFileInfo/LOADING]: Found valid mod file structure_gel-1.20.1-2.16.2.jar with {structure_gel} mods - versions {2.16.2}
[16Oct2025 02:43:36.896] [main/DEBUG] [net.minecraftforge.fml.loading.moddiscovery.ModFile/LOADING]: Loading mod file /workspaces/MI-server/servidor_minecraft/mods/structure_gel-1.20.1-2.16.2.jar with languages [LanguageSpec[languageName=javafml, acceptedVersions=[47,)]]
[16Oct2025 02:43:36.897] [main/DEBUG] [net.minecraftforge.fml.loading.moddiscovery.ModFile/LOADING]: Loading mod file  with languages []
[16Oct2025 02:43:36.897] [main/DEBUG] [net.minecraftforge.fml.loading.moddiscovery.ModFile/LOADING]: Loading mod file  with languages []
[16Oct2025 02:43:36.897] [main/DEBUG] [net.minecraftforge.fml.loading.moddiscovery.ModFile/LOADING]: Loading mod file  with languages []
[16Oct2025 02:43:36.897] [main/DEBUG] [net.minecraftforge.fml.loading.moddiscovery.ModFile/LOADING]: Loading mod file  with languages []
[16Oct2025 02:43:36.897] [main/DEBUG] [net.minecraftforge.fml.loading.moddiscovery.ModFile/LOADING]: Loading mod file  with languages []
[16Oct2025 02:43:36.897] [main/DEBUG] [net.minecraftforge.fml.loading.moddiscovery.ModFile/LOADING]: Loading mod file  with languages []
[16Oct2025 02:43:36.898] [main/DEBUG] [net.minecraftforge.fml.loading.moddiscovery.ModFile/LOADING]: Loading mod file  with languages []
[16Oct2025 02:43:36.898] [main/DEBUG] [net.minecraftforge.fml.loading.moddiscovery.ModFile/LOADING]: Loading mod file  with languages []
[16Oct2025 02:43:36.898] [main/DEBUG] [cpw.mods.modlauncher.TransformationServiceDecorator/MODLAUNCHER]: End scan trigger - transformation service fml
[16Oct2025 02:43:36.928] [main/DEBUG] [net.minecraftforge.fml.loading.LanguageLoadingProvider/CORE]: Found 3 language providers
[16Oct2025 02:43:36.929] [main/DEBUG] [net.minecraftforge.fml.loading.LanguageLoadingProvider/CORE]: Found language provider minecraft, version 1.0
[16Oct2025 02:43:36.930] [main/DEBUG] [net.minecraftforge.fml.loading.LanguageLoadingProvider/CORE]: Found language provider lowcodefml, version 47
[16Oct2025 02:43:36.930] [main/DEBUG] [net.minecraftforge.fml.loading.LanguageLoadingProvider/CORE]: Found language provider javafml, version 47
[16Oct2025 02:43:36.935] [main/DEBUG] [net.minecraftforge.fml.loading.UniqueModListBuilder/]: Found 2 mods for first modid mclib, selecting most recent based on version data
[16Oct2025 02:43:36.936] [main/DEBUG] [net.minecraftforge.fml.loading.UniqueModListBuilder/]: Selected file mclib-20.jar for modid mclib with version 0.0NONE
[16Oct2025 02:43:36.936] [main/DEBUG] [net.minecraftforge.fml.loading.UniqueModListBuilder/]: Found 2 mods for first modid mixinextras, selecting most recent based on version data
[16Oct2025 02:43:36.936] [main/DEBUG] [net.minecraftforge.fml.loading.UniqueModListBuilder/]: Selected file mixinextras-forge-0.5.0.jar for modid mixinextras with version 0.5.0
[16Oct2025 02:43:36.936] [main/DEBUG] [net.minecraftforge.fml.loading.UniqueModListBuilder/]: Found 2 mods for first modid org.yaml.snakeyaml, selecting most recent based on version data
[16Oct2025 02:43:36.937] [main/DEBUG] [net.minecraftforge.fml.loading.UniqueModListBuilder/]: Selected file snakeyaml-2.2.jar for modid org.yaml.snakeyaml with version 0.0NONE
[16Oct2025 02:43:36.937] [main/DEBUG] [net.minecraftforge.fml.loading.UniqueModListBuilder/]: Found 2 mods for first modid MixinExtras, selecting most recent based on version data
[16Oct2025 02:43:36.939] [main/DEBUG] [net.minecraftforge.fml.loading.UniqueModListBuilder/]: Selected file MixinExtras-0.5.0.jar for modid MixinExtras with version 0.5.0
[16Oct2025 02:43:36.940] [main/DEBUG] [net.minecraftforge.fml.loading.ModSorter/]: Configured system mods: [minecraft, forge]
[16Oct2025 02:43:36.940] [main/DEBUG] [net.minecraftforge.fml.loading.ModSorter/]: Found system mod: minecraft
[16Oct2025 02:43:36.940] [main/DEBUG] [net.minecraftforge.fml.loading.ModSorter/]: Found system mod: forge
[16Oct2025 02:43:36.945] [main/DEBUG] [net.minecraftforge.fml.loading.ModSorter/LOADING]: Found 94 mod requirements (80 mandatory, 14 optional)
[16Oct2025 02:43:36.947] [main/DEBUG] [net.minecraftforge.fml.loading.ModSorter/LOADING]: Found 0 mod requirements missing (0 mandatory, 0 optional)
[16Oct2025 02:43:37.648] [main/DEBUG] [cpw.mods.modlauncher.TransformationServicesHandler/MODLAUNCHER]: Transformation services loading transformers
[16Oct2025 02:43:37.649] [main/DEBUG] [cpw.mods.modlauncher.TransformationServiceDecorator/MODLAUNCHER]: Initializing transformers for transformation service mixin
[16Oct2025 02:43:37.649] [main/DEBUG] [cpw.mods.modlauncher.TransformationServiceDecorator/MODLAUNCHER]: Initialized transformers for transformation service mixin
[16Oct2025 02:43:37.649] [main/DEBUG] [cpw.mods.modlauncher.TransformationServiceDecorator/MODLAUNCHER]: Initializing transformers for transformation service fml
[16Oct2025 02:43:37.649] [main/DEBUG] [net.minecraftforge.fml.loading.FMLServiceProvider/CORE]: Loading coremod transformers
[16Oct2025 02:43:37.650] [main/DEBUG] [net.minecraftforge.coremod.CoreModEngine/COREMOD]: Loading CoreMod from potion-effects-shift.js
[16Oct2025 02:43:38.090] [main/DEBUG] [net.minecraftforge.coremod.CoreModEngine/COREMOD]: CoreMod loaded successfully
[16Oct2025 02:43:38.090] [main/DEBUG] [net.minecraftforge.coremod.CoreModEngine/COREMOD]: Loading CoreMod from coremods/field_to_method.js
[16Oct2025 02:43:38.148] [main/DEBUG] [net.minecraftforge.coremod.CoreModEngine/COREMOD]: CoreMod loaded successfully
[16Oct2025 02:43:38.148] [main/DEBUG] [net.minecraftforge.coremod.CoreModEngine/COREMOD]: Loading CoreMod from coremods/field_to_instanceof.js
[16Oct2025 02:43:38.225] [main/DEBUG] [net.minecraftforge.coremod.CoreModEngine/COREMOD]: CoreMod loaded successfully
[16Oct2025 02:43:38.225] [main/DEBUG] [net.minecraftforge.coremod.CoreModEngine/COREMOD]: Loading CoreMod from coremods/add_bouncer_method.js
[16Oct2025 02:43:38.278] [main/DEBUG] [net.minecraftforge.coremod.CoreModEngine/COREMOD]: CoreMod loaded successfully
[16Oct2025 02:43:38.280] [main/DEBUG] [net.minecraftforge.coremod.CoreModEngine/COREMOD]: Loading CoreMod from coremods/method_redirector.js
[16Oct2025 02:43:38.389] [main/DEBUG] [net.minecraftforge.coremod.CoreModEngine/COREMOD]: CoreMod loaded successfully
[16Oct2025 02:43:38.408] [main/DEBUG] [cpw.mods.modlauncher.TransformStore/MODLAUNCHER]: Adding transformer net.minecraftforge.coremod.transformer.CoreModClassTransformer@2ecf5915 to Target : CLASS {Lnet/minecraft/world/level/biome/Biome;} {} {V}
[16Oct2025 02:43:38.409] [main/DEBUG] [cpw.mods.modlauncher.TransformStore/MODLAUNCHER]: Adding transformer net.minecraftforge.coremod.transformer.CoreModClassTransformer@205df5dc to Target : CLASS {Lnet/minecraft/world/level/levelgen/structure/Structure;} {} {V}
[16Oct2025 02:43:38.409] [main/DEBUG] [cpw.mods.modlauncher.TransformStore/MODLAUNCHER]: Adding transformer net.minecraftforge.coremod.transformer.CoreModClassTransformer@6aa7b67f to Target : CLASS {Lnet/minecraft/world/effect/MobEffectInstance;} {} {V}
[16Oct2025 02:43:38.410] [main/DEBUG] [cpw.mods.modlauncher.TransformStore/MODLAUNCHER]: Adding transformer net.minecraftforge.coremod.transformer.CoreModClassTransformer@6bcc3f27 to Target : CLASS {Lnet/minecraft/world/level/block/LiquidBlock;} {} {V}
[16Oct2025 02:43:38.411] [main/DEBUG] [cpw.mods.modlauncher.TransformStore/MODLAUNCHER]: Adding transformer net.minecraftforge.coremod.transformer.CoreModClassTransformer@79aee22a to Target : CLASS {Lnet/minecraft/world/item/BucketItem;} {} {V}
[16Oct2025 02:43:38.411] [main/DEBUG] [cpw.mods.modlauncher.TransformStore/MODLAUNCHER]: Adding transformer net.minecraftforge.coremod.transformer.CoreModClassTransformer@36920bd6 to Target : CLASS {Lnet/minecraft/world/level/block/StairBlock;} {} {V}
[16Oct2025 02:43:38.411] [main/DEBUG] [cpw.mods.modlauncher.TransformStore/MODLAUNCHER]: Adding transformer net.minecraftforge.coremod.transformer.CoreModClassTransformer@61514735 to Target : CLASS {Lnet/minecraft/world/level/block/FlowerPotBlock;} {} {V}
[16Oct2025 02:43:38.411] [main/DEBUG] [cpw.mods.modlauncher.TransformStore/MODLAUNCHER]: Adding transformer net.minecraftforge.coremod.transformer.CoreModClassTransformer@6bee793f to Target : CLASS {Lnet/minecraft/world/item/ItemStack;} {} {V}
[16Oct2025 02:43:38.411] [main/DEBUG] [cpw.mods.modlauncher.TransformStore/MODLAUNCHER]: Adding transformer net.minecraftforge.coremod.transformer.CoreModClassTransformer@655f69da to Target : CLASS {Lnet/minecraft/network/play/client/CClientSettingsPacket;} {} {V}
[16Oct2025 02:43:38.412] [main/DEBUG] [cpw.mods.modlauncher.TransformStore/MODLAUNCHER]: Adding transformer net.minecraftforge.coremod.transformer.CoreModClassTransformer@43b5021c to Target : CLASS {Lnet/minecraft/world/level/levelgen/PatrolSpawner;} {} {V}
[16Oct2025 02:43:38.412] [main/DEBUG] [cpw.mods.modlauncher.TransformStore/MODLAUNCHER]: Adding transformer net.minecraftforge.coremod.transformer.CoreModClassTransformer@43b5021c to Target : CLASS {Lnet/minecraft/world/level/levelgen/PhantomSpawner;} {} {V}
[16Oct2025 02:43:38.412] [main/DEBUG] [cpw.mods.modlauncher.TransformStore/MODLAUNCHER]: Adding transformer net.minecraftforge.coremod.transformer.CoreModClassTransformer@43b5021c to Target : CLASS {Lnet/minecraft/world/entity/npc/Villager;} {} {V}
[16Oct2025 02:43:38.412] [main/DEBUG] [cpw.mods.modlauncher.TransformStore/MODLAUNCHER]: Adding transformer net.minecraftforge.coremod.transformer.CoreModClassTransformer@43b5021c to Target : CLASS {Lnet/minecraft/world/level/levelgen/structure/structures/OceanRuinPieces$OceanRuinPiece;} {} {V}
[16Oct2025 02:43:38.412] [main/DEBUG] [cpw.mods.modlauncher.TransformStore/MODLAUNCHER]: Adding transformer net.minecraftforge.coremod.transformer.CoreModClassTransformer@43b5021c to Target : CLASS {Lnet/minecraft/world/entity/monster/Spider;} {} {V}
[16Oct2025 02:43:38.413] [main/DEBUG] [cpw.mods.modlauncher.TransformStore/MODLAUNCHER]: Adding transformer net.minecraftforge.coremod.transformer.CoreModClassTransformer@43b5021c to Target : CLASS {Lnet/minecraft/server/commands/SummonCommand;} {} {V}
[16Oct2025 02:43:38.413] [main/DEBUG] [cpw.mods.modlauncher.TransformStore/MODLAUNCHER]: Adding transformer net.minecraftforge.coremod.transformer.CoreModClassTransformer@43b5021c to Target : CLASS {Lnet/minecraft/world/entity/monster/Zombie;} {} {V}
[16Oct2025 02:43:38.413] [main/DEBUG] [cpw.mods.modlauncher.TransformStore/MODLAUNCHER]: Adding transformer net.minecraftforge.coremod.transformer.CoreModClassTransformer@43b5021c to Target : CLASS {Lnet/minecraft/world/entity/EntityType;} {} {V}
[16Oct2025 02:43:38.414] [main/DEBUG] [cpw.mods.modlauncher.TransformStore/MODLAUNCHER]: Adding transformer net.minecraftforge.coremod.transformer.CoreModClassTransformer@43b5021c to Target : CLASS {Lnet/minecraft/world/entity/monster/ZombieVillager;} {} {V}
[16Oct2025 02:43:38.414] [main/DEBUG] [cpw.mods.modlauncher.TransformStore/MODLAUNCHER]: Adding transformer net.minecraftforge.coremod.transformer.CoreModClassTransformer@43b5021c to Target : CLASS {Lnet/minecraft/world/entity/animal/frog/Tadpole;} {} {V}
[16Oct2025 02:43:38.414] [main/DEBUG] [cpw.mods.modlauncher.TransformStore/MODLAUNCHER]: Adding transformer net.minecraftforge.coremod.transformer.CoreModClassTransformer@43b5021c to Target : CLASS {Lnet/minecraft/world/entity/monster/Evoker$EvokerSummonSpellGoal;} {} {V}
[16Oct2025 02:43:38.414] [main/DEBUG] [cpw.mods.modlauncher.TransformStore/MODLAUNCHER]: Adding transformer net.minecraftforge.coremod.transformer.CoreModClassTransformer@43b5021c to Target : CLASS {Lnet/minecraft/server/commands/RaidCommand;} {} {V}
[16Oct2025 02:43:38.414] [main/DEBUG] [cpw.mods.modlauncher.TransformStore/MODLAUNCHER]: Adding transformer net.minecraftforge.coremod.transformer.CoreModClassTransformer@43b5021c to Target : CLASS {Lnet/minecraft/world/entity/animal/horse/SkeletonTrapGoal;} {} {V}
[16Oct2025 02:43:38.414] [main/DEBUG] [cpw.mods.modlauncher.TransformStore/MODLAUNCHER]: Adding transformer net.minecraftforge.coremod.transformer.CoreModClassTransformer@43b5021c to Target : CLASS {Lnet/minecraft/world/entity/npc/CatSpawner;} {} {V}
[16Oct2025 02:43:38.414] [main/DEBUG] [cpw.mods.modlauncher.TransformStore/MODLAUNCHER]: Adding transformer net.minecraftforge.coremod.transformer.CoreModClassTransformer@43b5021c to Target : CLASS {Lnet/minecraft/world/level/levelgen/structure/structures/SwampHutPiece;} {} {V}
[16Oct2025 02:43:38.415] [main/DEBUG] [cpw.mods.modlauncher.TransformStore/MODLAUNCHER]: Adding transformer net.minecraftforge.coremod.transformer.CoreModClassTransformer@43b5021c to Target : CLASS {Lnet/minecraft/world/level/levelgen/structure/structures/WoodlandMansionPieces$WoodlandMansionPiece;} {} {V}
[16Oct2025 02:43:38.415] [main/DEBUG] [cpw.mods.modlauncher.TransformStore/MODLAUNCHER]: Adding transformer net.minecraftforge.coremod.transformer.CoreModClassTransformer@43b5021c to Target : CLASS {Lnet/minecraft/world/entity/ai/village/VillageSiege;} {} {V}
[16Oct2025 02:43:38.415] [main/DEBUG] [cpw.mods.modlauncher.TransformStore/MODLAUNCHER]: Adding transformer net.minecraftforge.coremod.transformer.CoreModClassTransformer@43b5021c to Target : CLASS {Lnet/minecraft/world/level/levelgen/structure/structures/OceanMonumentPieces$OceanMonumentPiece;} {} {V}
[16Oct2025 02:43:38.415] [main/DEBUG] [cpw.mods.modlauncher.TransformStore/MODLAUNCHER]: Adding transformer net.minecraftforge.coremod.transformer.CoreModClassTransformer@43b5021c to Target : CLASS {Lnet/minecraft/world/level/levelgen/structure/templatesystem/StructureTemplate;} {} {V}
[16Oct2025 02:43:38.415] [main/DEBUG] [cpw.mods.modlauncher.TransformStore/MODLAUNCHER]: Adding transformer net.minecraftforge.coremod.transformer.CoreModClassTransformer@43b5021c to Target : CLASS {Lnet/minecraft/world/entity/raid/Raid;} {} {V}
[16Oct2025 02:43:38.415] [main/DEBUG] [cpw.mods.modlauncher.TransformStore/MODLAUNCHER]: Adding transformer net.minecraftforge.coremod.transformer.CoreModClassTransformer@43b5021c to Target : CLASS {Lnet/minecraft/world/level/NaturalSpawner;} {} {V}
[16Oct2025 02:43:38.415] [main/DEBUG] [cpw.mods.modlauncher.TransformStore/MODLAUNCHER]: Adding transformer net.minecraftforge.coremod.transformer.CoreModClassTransformer@43b5021c to Target : CLASS {Lnet/minecraft/world/entity/monster/Strider;} {} {V}
[16Oct2025 02:43:38.416] [main/DEBUG] [cpw.mods.modlauncher.TransformStore/MODLAUNCHER]: Adding transformer net.minecraftforge.coremod.transformer.CoreModMethodTransformer@30893e08 to Target : METHOD {Lnet/minecraft/client/gui/Gui;} {m_93028_} {(Lcom/mojang/blaze3d/vertex/PoseStack;)V}
[16Oct2025 02:43:38.417] [main/DEBUG] [cpw.mods.modlauncher.TransformationServiceDecorator/MODLAUNCHER]: Initialized transformers for transformation service fml
[16Oct2025 02:43:40.266] [main/DEBUG] [mixin/]: Processing prepare() for PlatformAgent[MixinPlatformAgentDefault:ModLauncher Root Container(ModLauncher:4f56a0a2)]
[16Oct2025 02:43:40.268] [main/DEBUG] [mixin/]: Processing launch tasks for PlatformAgent[MixinPlatformAgentDefault:ModLauncher Root Container(ModLauncher:4f56a0a2)]
[16Oct2025 02:43:40.268] [main/DEBUG] [mixin/]: Adding mixin platform agents for container SecureJarResource(luminous_beasts)
[16Oct2025 02:43:40.268] [main/DEBUG] [mixin/]: Instancing new MixinPlatformAgentMinecraftForge for SecureJarResource(luminous_beasts)
[16Oct2025 02:43:40.268] [main/DEBUG] [mixin/]: MixinPlatformAgentMinecraftForge rejected container SecureJarResource(luminous_beasts)
[16Oct2025 02:43:40.269] [main/DEBUG] [mixin/]: Instancing new MixinPlatformAgentDefault for SecureJarResource(luminous_beasts)
[16Oct2025 02:43:40.269] [main/DEBUG] [mixin/]: MixinPlatformAgentDefault accepted container SecureJarResource(luminous_beasts)
[16Oct2025 02:43:40.269] [main/DEBUG] [mixin/]: Processing prepare() for PlatformAgent[MixinPlatformAgentDefault:SecureJarResource(luminous_beasts)]
[16Oct2025 02:43:40.269] [main/DEBUG] [mixin/]: Registering mixin config: mixins.luminous_beasts.json
[16Oct2025 02:43:40.306] [main/DEBUG] [mixin/]: Compatibility level JAVA_17 specified by mixins.luminous_beasts.json is higher than the maximum level supported by this version of mixin (JAVA_13).
[16Oct2025 02:43:40.313] [main/INFO] [mixin/]: Compatibility level set to JAVA_17
[16Oct2025 02:43:40.316] [main/DEBUG] [mixin/]: Adding mixin platform agents for container SecureJarResource(geckolib)
[16Oct2025 02:43:40.317] [main/DEBUG] [mixin/]: Instancing new MixinPlatformAgentMinecraftForge for SecureJarResource(geckolib)
[16Oct2025 02:43:40.317] [main/DEBUG] [mixin/]: MixinPlatformAgentMinecraftForge rejected container SecureJarResource(geckolib)
[16Oct2025 02:43:40.317] [main/DEBUG] [mixin/]: Instancing new MixinPlatformAgentDefault for SecureJarResource(geckolib)
[16Oct2025 02:43:40.317] [main/DEBUG] [mixin/]: MixinPlatformAgentDefault accepted container SecureJarResource(geckolib)
[16Oct2025 02:43:40.317] [main/DEBUG] [mixin/]: Processing prepare() for PlatformAgent[MixinPlatformAgentDefault:SecureJarResource(geckolib)]
[16Oct2025 02:43:40.317] [main/DEBUG] [mixin/]: Registering mixin config: geckolib.mixins.json
[16Oct2025 02:43:40.322] [main/DEBUG] [mixin/]: Adding mixin platform agents for container SecureJarResource(playeranimator)
[16Oct2025 02:43:40.325] [main/DEBUG] [mixin/]: Instancing new MixinPlatformAgentMinecraftForge for SecureJarResource(playeranimator)
[16Oct2025 02:43:40.325] [main/DEBUG] [mixin/]: MixinPlatformAgentMinecraftForge rejected container SecureJarResource(playeranimator)
[16Oct2025 02:43:40.326] [main/DEBUG] [mixin/]: Instancing new MixinPlatformAgentDefault for SecureJarResource(playeranimator)
[16Oct2025 02:43:40.326] [main/DEBUG] [mixin/]: MixinPlatformAgentDefault accepted container SecureJarResource(playeranimator)
[16Oct2025 02:43:40.326] [main/DEBUG] [mixin/]: Processing prepare() for PlatformAgent[MixinPlatformAgentDefault:SecureJarResource(playeranimator)]
[16Oct2025 02:43:40.326] [main/DEBUG] [mixin/]: Registering mixin config: playerAnimator-common.mixins.json
[16Oct2025 02:43:40.331] [main/DEBUG] [mixin/]: Compatibility level JAVA_16 specified by playerAnimator-common.mixins.json is higher than the maximum level supported by this version of mixin (JAVA_13).
[16Oct2025 02:43:40.331] [main/DEBUG] [mixin/]: Adding mixin platform agents for container SecureJarResource(ancore)
[16Oct2025 02:43:40.333] [main/DEBUG] [mixin/]: Instancing new MixinPlatformAgentMinecraftForge for SecureJarResource(ancore)
[16Oct2025 02:43:40.333] [main/DEBUG] [mixin/]: MixinPlatformAgentMinecraftForge rejected container SecureJarResource(ancore)
[16Oct2025 02:43:40.333] [main/DEBUG] [mixin/]: Instancing new MixinPlatformAgentDefault for SecureJarResource(ancore)
[16Oct2025 02:43:40.334] [main/DEBUG] [mixin/]: MixinPlatformAgentDefault accepted container SecureJarResource(ancore)
[16Oct2025 02:43:40.334] [main/DEBUG] [mixin/]: Processing prepare() for PlatformAgent[MixinPlatformAgentDefault:SecureJarResource(ancore)]
[16Oct2025 02:43:40.334] [main/DEBUG] [mixin/]: Adding mixin platform agents for container SecureJarResource(jei)
[16Oct2025 02:43:40.334] [main/DEBUG] [mixin/]: Instancing new MixinPlatformAgentMinecraftForge for SecureJarResource(jei)
[16Oct2025 02:43:40.334] [main/DEBUG] [mixin/]: MixinPlatformAgentMinecraftForge rejected container SecureJarResource(jei)
[16Oct2025 02:43:40.334] [main/DEBUG] [mixin/]: Instancing new MixinPlatformAgentDefault for SecureJarResource(jei)
[16Oct2025 02:43:40.334] [main/DEBUG] [mixin/]: MixinPlatformAgentDefault accepted container SecureJarResource(jei)
[16Oct2025 02:43:40.334] [main/DEBUG] [mixin/]: Processing prepare() for PlatformAgent[MixinPlatformAgentDefault:SecureJarResource(jei)]
[16Oct2025 02:43:40.334] [main/DEBUG] [mixin/]: Adding mixin platform agents for container SecureJarResource(libraryferret)
[16Oct2025 02:43:40.334] [main/DEBUG] [mixin/]: Instancing new MixinPlatformAgentMinecraftForge for SecureJarResource(libraryferret)
[16Oct2025 02:43:40.335] [main/DEBUG] [mixin/]: MixinPlatformAgentMinecraftForge rejected container SecureJarResource(libraryferret)
[16Oct2025 02:43:40.336] [main/DEBUG] [mixin/]: Instancing new MixinPlatformAgentDefault for SecureJarResource(libraryferret)
[16Oct2025 02:43:40.336] [main/DEBUG] [mixin/]: MixinPlatformAgentDefault accepted container SecureJarResource(libraryferret)
[16Oct2025 02:43:40.337] [main/DEBUG] [mixin/]: Processing prepare() for PlatformAgent[MixinPlatformAgentDefault:SecureJarResource(libraryferret)]
[16Oct2025 02:43:40.337] [main/DEBUG] [mixin/]: Adding mixin platform agents for container SecureJarResource(gnumus)
[16Oct2025 02:43:40.337] [main/DEBUG] [mixin/]: Instancing new MixinPlatformAgentMinecraftForge for SecureJarResource(gnumus)
[16Oct2025 02:43:40.337] [main/DEBUG] [mixin/]: MixinPlatformAgentMinecraftForge rejected container SecureJarResource(gnumus)
[16Oct2025 02:43:40.338] [main/DEBUG] [mixin/]: Instancing new MixinPlatformAgentDefault for SecureJarResource(gnumus)
[16Oct2025 02:43:40.338] [main/DEBUG] [mixin/]: MixinPlatformAgentDefault accepted container SecureJarResource(gnumus)
[16Oct2025 02:43:40.338] [main/DEBUG] [mixin/]: Processing prepare() for PlatformAgent[MixinPlatformAgentDefault:SecureJarResource(gnumus)]
[16Oct2025 02:43:40.338] [main/DEBUG] [mixin/]: Adding mixin platform agents for container SecureJarResource(companions)
[16Oct2025 02:43:40.338] [main/DEBUG] [mixin/]: Instancing new MixinPlatformAgentMinecraftForge for SecureJarResource(companions)
[16Oct2025 02:43:40.338] [main/DEBUG] [mixin/]: MixinPlatformAgentMinecraftForge rejected container SecureJarResource(companions)
[16Oct2025 02:43:40.338] [main/DEBUG] [mixin/]: Instancing new MixinPlatformAgentDefault for SecureJarResource(companions)
[16Oct2025 02:43:40.338] [main/DEBUG] [mixin/]: MixinPlatformAgentDefault accepted container SecureJarResource(companions)
[16Oct2025 02:43:40.338] [main/DEBUG] [mixin/]: Processing prepare() for PlatformAgent[MixinPlatformAgentDefault:SecureJarResource(companions)]
[16Oct2025 02:43:40.338] [main/DEBUG] [mixin/]: Registering mixin config: companions.mixins.json
[16Oct2025 02:43:40.341] [main/DEBUG] [mixin/]: Registering mixin config: companions.forge.mixins.json
[16Oct2025 02:43:40.346] [main/DEBUG] [mixin/]: Adding mixin platform agents for container SecureJarResource(fragmentum)
[16Oct2025 02:43:40.348] [main/DEBUG] [mixin/]: Instancing new MixinPlatformAgentMinecraftForge for SecureJarResource(fragmentum)
[16Oct2025 02:43:40.349] [main/DEBUG] [mixin/]: MixinPlatformAgentMinecraftForge rejected container SecureJarResource(fragmentum)
[16Oct2025 02:43:40.349] [main/DEBUG] [mixin/]: Instancing new MixinPlatformAgentDefault for SecureJarResource(fragmentum)
[16Oct2025 02:43:40.349] [main/DEBUG] [mixin/]: MixinPlatformAgentDefault accepted container SecureJarResource(fragmentum)
[16Oct2025 02:43:40.349] [main/DEBUG] [mixin/]: Processing prepare() for PlatformAgent[MixinPlatformAgentDefault:SecureJarResource(fragmentum)]
[16Oct2025 02:43:40.349] [main/DEBUG] [mixin/]: Registering mixin config: fragmentum.mixins.json
[16Oct2025 02:43:40.354] [main/DEBUG] [mixin/]: Registering mixin config: fragmentum.forge.mixins.json
[16Oct2025 02:43:40.356] [main/DEBUG] [mixin/]: Adding mixin platform agents for container SecureJarResource(journeymap)
[16Oct2025 02:43:40.357] [main/DEBUG] [mixin/]: Instancing new MixinPlatformAgentMinecraftForge for SecureJarResource(journeymap)
[16Oct2025 02:43:40.357] [main/DEBUG] [mixin/]: MixinPlatformAgentMinecraftForge rejected container SecureJarResource(journeymap)
[16Oct2025 02:43:40.358] [main/DEBUG] [mixin/]: Instancing new MixinPlatformAgentDefault for SecureJarResource(journeymap)
[16Oct2025 02:43:40.358] [main/DEBUG] [mixin/]: MixinPlatformAgentDefault accepted container SecureJarResource(journeymap)
[16Oct2025 02:43:40.359] [main/DEBUG] [mixin/]: Processing prepare() for PlatformAgent[MixinPlatformAgentDefault:SecureJarResource(journeymap)]
[16Oct2025 02:43:40.359] [main/DEBUG] [mixin/]: Registering mixin config: journeymap.mixins.json
[16Oct2025 02:43:40.360] [main/DEBUG] [mixin/]: Adding mixin platform agents for container SecureJarResource(citadel)
[16Oct2025 02:43:40.363] [main/DEBUG] [mixin/]: Instancing new MixinPlatformAgentMinecraftForge for SecureJarResource(citadel)
[16Oct2025 02:43:40.363] [main/DEBUG] [mixin/]: MixinPlatformAgentMinecraftForge rejected container SecureJarResource(citadel)
[16Oct2025 02:43:40.363] [main/DEBUG] [mixin/]: Instancing new MixinPlatformAgentDefault for SecureJarResource(citadel)
[16Oct2025 02:43:40.363] [main/DEBUG] [mixin/]: MixinPlatformAgentDefault accepted container SecureJarResource(citadel)
[16Oct2025 02:43:40.363] [main/DEBUG] [mixin/]: Processing prepare() for PlatformAgent[MixinPlatformAgentDefault:SecureJarResource(citadel)]
[16Oct2025 02:43:40.363] [main/DEBUG] [mixin/]: Registering mixin config: citadel.mixins.json
[16Oct2025 02:43:40.365] [main/DEBUG] [mixin/]: Adding mixin platform agents for container SecureJarResource(myserveriscompatible)
[16Oct2025 02:43:40.366] [main/DEBUG] [mixin/]: Instancing new MixinPlatformAgentMinecraftForge for SecureJarResource(myserveriscompatible)
[16Oct2025 02:43:40.366] [main/DEBUG] [mixin/]: MixinPlatformAgentMinecraftForge rejected container SecureJarResource(myserveriscompatible)
[16Oct2025 02:43:40.367] [main/DEBUG] [mixin/]: Instancing new MixinPlatformAgentDefault for SecureJarResource(myserveriscompatible)
[16Oct2025 02:43:40.367] [main/DEBUG] [mixin/]: MixinPlatformAgentDefault accepted container SecureJarResource(myserveriscompatible)
[16Oct2025 02:43:40.367] [main/DEBUG] [mixin/]: Processing prepare() for PlatformAgent[MixinPlatformAgentDefault:SecureJarResource(myserveriscompatible)]
[16Oct2025 02:43:40.367] [main/DEBUG] [mixin/]: Registering mixin config: myserveriscompatible.mixins.json
[16Oct2025 02:43:40.370] [main/DEBUG] [mixin/]: Adding mixin platform agents for container SecureJarResource(knightlib)
[16Oct2025 02:43:40.370] [main/DEBUG] [mixin/]: Instancing new MixinPlatformAgentMinecraftForge for SecureJarResource(knightlib)
[16Oct2025 02:43:40.372] [main/DEBUG] [mixin/]: MixinPlatformAgentMinecraftForge rejected container SecureJarResource(knightlib)
[16Oct2025 02:43:40.372] [main/DEBUG] [mixin/]: Instancing new MixinPlatformAgentDefault for SecureJarResource(knightlib)
[16Oct2025 02:43:40.372] [main/DEBUG] [mixin/]: MixinPlatformAgentDefault accepted container SecureJarResource(knightlib)
[16Oct2025 02:43:40.372] [main/DEBUG] [mixin/]: Processing prepare() for PlatformAgent[MixinPlatformAgentDefault:SecureJarResource(knightlib)]
[16Oct2025 02:43:40.372] [main/DEBUG] [mixin/]: Registering mixin config: knightlib.mixins.json
[16Oct2025 02:43:40.373] [main/DEBUG] [mixin/]: Registering mixin config: knightlib.forge.mixins.json
[16Oct2025 02:43:40.377] [main/DEBUG] [mixin/]: Adding mixin platform agents for container SecureJarResource(relics)
[16Oct2025 02:43:40.378] [main/DEBUG] [mixin/]: Instancing new MixinPlatformAgentMinecraftForge for SecureJarResource(relics)
[16Oct2025 02:43:40.378] [main/DEBUG] [mixin/]: MixinPlatformAgentMinecraftForge rejected container SecureJarResource(relics)
[16Oct2025 02:43:40.379] [main/DEBUG] [mixin/]: Instancing new MixinPlatformAgentDefault for SecureJarResource(relics)
[16Oct2025 02:43:40.379] [main/DEBUG] [mixin/]: MixinPlatformAgentDefault accepted container SecureJarResource(relics)
[16Oct2025 02:43:40.380] [main/DEBUG] [mixin/]: Processing prepare() for PlatformAgent[MixinPlatformAgentDefault:SecureJarResource(relics)]
[16Oct2025 02:43:40.380] [main/DEBUG] [mixin/]: Registering mixin config: relics.mixins.json
[16Oct2025 02:43:40.382] [main/DEBUG] [mixin/]: Compatibility level JAVA_8 specified by relics.mixins.json is lower than the default level supported by the current mixin service (JAVA_16).
[16Oct2025 02:43:40.383] [main/DEBUG] [mixin/]: Adding mixin platform agents for container SecureJarResource(iceandfire)
[16Oct2025 02:43:40.385] [main/DEBUG] [mixin/]: Instancing new MixinPlatformAgentMinecraftForge for SecureJarResource(iceandfire)
[16Oct2025 02:43:40.385] [main/DEBUG] [mixin/]: MixinPlatformAgentMinecraftForge rejected container SecureJarResource(iceandfire)
[16Oct2025 02:43:40.385] [main/DEBUG] [mixin/]: Instancing new MixinPlatformAgentDefault for SecureJarResource(iceandfire)
[16Oct2025 02:43:40.385] [main/DEBUG] [mixin/]: MixinPlatformAgentDefault accepted container SecureJarResource(iceandfire)
[16Oct2025 02:43:40.385] [main/DEBUG] [mixin/]: Processing prepare() for PlatformAgent[MixinPlatformAgentDefault:SecureJarResource(iceandfire)]
[16Oct2025 02:43:40.385] [main/DEBUG] [mixin/]: Registering mixin config: iceandfire.mixins.json
[16Oct2025 02:43:40.386] [main/DEBUG] [mixin/]: Adding mixin platform agents for container SecureJarResource(azurelib)
[16Oct2025 02:43:40.388] [main/DEBUG] [mixin/]: Instancing new MixinPlatformAgentMinecraftForge for SecureJarResource(azurelib)
[16Oct2025 02:43:40.388] [main/DEBUG] [mixin/]: MixinPlatformAgentMinecraftForge rejected container SecureJarResource(azurelib)
[16Oct2025 02:43:40.390] [main/DEBUG] [mixin/]: Instancing new MixinPlatformAgentDefault for SecureJarResource(azurelib)
[16Oct2025 02:43:40.390] [main/DEBUG] [mixin/]: MixinPlatformAgentDefault accepted container SecureJarResource(azurelib)
[16Oct2025 02:43:40.390] [main/DEBUG] [mixin/]: Processing prepare() for PlatformAgent[MixinPlatformAgentDefault:SecureJarResource(azurelib)]
[16Oct2025 02:43:40.390] [main/DEBUG] [mixin/]: Registering mixin config: azurelib.mixins.json
[16Oct2025 02:43:40.391] [main/DEBUG] [mixin/]: Registering mixin config: azurelib.forge.mixins.json
[16Oct2025 02:43:40.394] [main/DEBUG] [mixin/]: Adding mixin platform agents for container SecureJarResource(paraglider)
[16Oct2025 02:43:40.395] [main/DEBUG] [mixin/]: Instancing new MixinPlatformAgentMinecraftForge for SecureJarResource(paraglider)
[16Oct2025 02:43:40.395] [main/DEBUG] [mixin/]: MixinPlatformAgentMinecraftForge rejected container SecureJarResource(paraglider)
[16Oct2025 02:43:40.396] [main/DEBUG] [mixin/]: Instancing new MixinPlatformAgentDefault for SecureJarResource(paraglider)
[16Oct2025 02:43:40.396] [main/DEBUG] [mixin/]: MixinPlatformAgentDefault accepted container SecureJarResource(paraglider)
[16Oct2025 02:43:40.396] [main/DEBUG] [mixin/]: Processing prepare() for PlatformAgent[MixinPlatformAgentDefault:SecureJarResource(paraglider)]
[16Oct2025 02:43:40.396] [main/DEBUG] [mixin/]: Registering mixin config: paraglider.mixins.json
[16Oct2025 02:43:40.397] [main/DEBUG] [mixin/]: Adding mixin platform agents for container SecureJarResource(cloth_config)
[16Oct2025 02:43:40.398] [main/DEBUG] [mixin/]: Instancing new MixinPlatformAgentMinecraftForge for SecureJarResource(cloth_config)
[16Oct2025 02:43:40.400] [main/DEBUG] [mixin/]: MixinPlatformAgentMinecraftForge rejected container SecureJarResource(cloth_config)
[16Oct2025 02:43:40.401] [main/DEBUG] [mixin/]: Instancing new MixinPlatformAgentDefault for SecureJarResource(cloth_config)
[16Oct2025 02:43:40.401] [main/DEBUG] [mixin/]: MixinPlatformAgentDefault accepted container SecureJarResource(cloth_config)
[16Oct2025 02:43:40.401] [main/DEBUG] [mixin/]: Processing prepare() for PlatformAgent[MixinPlatformAgentDefault:SecureJarResource(cloth_config)]
[16Oct2025 02:43:40.401] [main/DEBUG] [mixin/]: Adding mixin platform agents for container SecureJarResource(forge)
[16Oct2025 02:43:40.401] [main/DEBUG] [mixin/]: Instancing new MixinPlatformAgentMinecraftForge for SecureJarResource(forge)
[16Oct2025 02:43:40.401] [main/DEBUG] [mixin/]: MixinPlatformAgentMinecraftForge rejected container SecureJarResource(forge)
[16Oct2025 02:43:40.401] [main/DEBUG] [mixin/]: Instancing new MixinPlatformAgentDefault for SecureJarResource(forge)
[16Oct2025 02:43:40.401] [main/DEBUG] [mixin/]: MixinPlatformAgentDefault accepted container SecureJarResource(forge)
[16Oct2025 02:43:40.401] [main/DEBUG] [mixin/]: Processing prepare() for PlatformAgent[MixinPlatformAgentDefault:SecureJarResource(forge)]
[16Oct2025 02:43:40.401] [main/DEBUG] [mixin/]: Adding mixin platform agents for container SecureJarResource(structure_gel)
[16Oct2025 02:43:40.402] [main/DEBUG] [mixin/]: Instancing new MixinPlatformAgentMinecraftForge for SecureJarResource(structure_gel)
[16Oct2025 02:43:40.402] [main/DEBUG] [mixin/]: MixinPlatformAgentMinecraftForge rejected container SecureJarResource(structure_gel)
[16Oct2025 02:43:40.402] [main/DEBUG] [mixin/]: Instancing new MixinPlatformAgentDefault for SecureJarResource(structure_gel)
[16Oct2025 02:43:40.402] [main/DEBUG] [mixin/]: MixinPlatformAgentDefault accepted container SecureJarResource(structure_gel)
[16Oct2025 02:43:40.402] [main/DEBUG] [mixin/]: Processing prepare() for PlatformAgent[MixinPlatformAgentDefault:SecureJarResource(structure_gel)]
[16Oct2025 02:43:40.402] [main/DEBUG] [mixin/]: Registering mixin config: structure_gel.mixins.json
[16Oct2025 02:43:40.404] [main/DEBUG] [mixin/]: Adding mixin platform agents for container SecureJarResource(minecraft)
[16Oct2025 02:43:40.405] [main/DEBUG] [mixin/]: Instancing new MixinPlatformAgentMinecraftForge for SecureJarResource(minecraft)
[16Oct2025 02:43:40.405] [main/DEBUG] [mixin/]: MixinPlatformAgentMinecraftForge rejected container SecureJarResource(minecraft)
[16Oct2025 02:43:40.405] [main/DEBUG] [mixin/]: Instancing new MixinPlatformAgentDefault for SecureJarResource(minecraft)
[16Oct2025 02:43:40.406] [main/DEBUG] [mixin/]: MixinPlatformAgentDefault accepted container SecureJarResource(minecraft)
[16Oct2025 02:43:40.406] [main/DEBUG] [mixin/]: Processing prepare() for PlatformAgent[MixinPlatformAgentDefault:SecureJarResource(minecraft)]
[16Oct2025 02:43:40.406] [main/DEBUG] [mixin/]: Adding mixin platform agents for container SecureJarResource(ancient_scribes)
[16Oct2025 02:43:40.408] [main/DEBUG] [mixin/]: Instancing new MixinPlatformAgentMinecraftForge for SecureJarResource(ancient_scribes)
[16Oct2025 02:43:40.408] [main/DEBUG] [mixin/]: MixinPlatformAgentMinecraftForge rejected container SecureJarResource(ancient_scribes)
[16Oct2025 02:43:40.408] [main/DEBUG] [mixin/]: Instancing new MixinPlatformAgentDefault for SecureJarResource(ancient_scribes)
[16Oct2025 02:43:40.408] [main/DEBUG] [mixin/]: MixinPlatformAgentDefault accepted container SecureJarResource(ancient_scribes)
[16Oct2025 02:43:40.408] [main/DEBUG] [mixin/]: Processing prepare() for PlatformAgent[MixinPlatformAgentDefault:SecureJarResource(ancient_scribes)]
[16Oct2025 02:43:40.408] [main/DEBUG] [mixin/]: Adding mixin platform agents for container SecureJarResource(lowlands_clothing)
[16Oct2025 02:43:40.408] [main/DEBUG] [mixin/]: Instancing new MixinPlatformAgentMinecraftForge for SecureJarResource(lowlands_clothing)
[16Oct2025 02:43:40.408] [main/DEBUG] [mixin/]: MixinPlatformAgentMinecraftForge rejected container SecureJarResource(lowlands_clothing)
[16Oct2025 02:43:40.408] [main/DEBUG] [mixin/]: Instancing new MixinPlatformAgentDefault for SecureJarResource(lowlands_clothing)
[16Oct2025 02:43:40.408] [main/DEBUG] [mixin/]: MixinPlatformAgentDefault accepted container SecureJarResource(lowlands_clothing)
[16Oct2025 02:43:40.408] [main/DEBUG] [mixin/]: Processing prepare() for PlatformAgent[MixinPlatformAgentDefault:SecureJarResource(lowlands_clothing)]
[16Oct2025 02:43:40.408] [main/DEBUG] [mixin/]: Adding mixin platform agents for container SecureJarResource(more_critters)
[16Oct2025 02:43:40.408] [main/DEBUG] [mixin/]: Instancing new MixinPlatformAgentMinecraftForge for SecureJarResource(more_critters)
[16Oct2025 02:43:40.408] [main/DEBUG] [mixin/]: MixinPlatformAgentMinecraftForge rejected container SecureJarResource(more_critters)
[16Oct2025 02:43:40.409] [main/DEBUG] [mixin/]: Instancing new MixinPlatformAgentDefault for SecureJarResource(more_critters)
[16Oct2025 02:43:40.409] [main/DEBUG] [mixin/]: MixinPlatformAgentDefault accepted container SecureJarResource(more_critters)
[16Oct2025 02:43:40.409] [main/DEBUG] [mixin/]: Processing prepare() for PlatformAgent[MixinPlatformAgentDefault:SecureJarResource(more_critters)]
[16Oct2025 02:43:40.410] [main/DEBUG] [mixin/]: Adding mixin platform agents for container SecureJarResource(monsterexpansion)
[16Oct2025 02:43:40.410] [main/DEBUG] [mixin/]: Instancing new MixinPlatformAgentMinecraftForge for SecureJarResource(monsterexpansion)
[16Oct2025 02:43:40.410] [main/DEBUG] [mixin/]: MixinPlatformAgentMinecraftForge rejected container SecureJarResource(monsterexpansion)
[16Oct2025 02:43:40.410] [main/DEBUG] [mixin/]: Instancing new MixinPlatformAgentDefault for SecureJarResource(monsterexpansion)
[16Oct2025 02:43:40.410] [main/DEBUG] [mixin/]: MixinPlatformAgentDefault accepted container SecureJarResource(monsterexpansion)
[16Oct2025 02:43:40.410] [main/DEBUG] [mixin/]: Processing prepare() for PlatformAgent[MixinPlatformAgentDefault:SecureJarResource(monsterexpansion)]
[16Oct2025 02:43:40.410] [main/DEBUG] [mixin/]: Registering mixin config: monsterexpansion.mixins.json
[16Oct2025 02:43:40.413] [main/DEBUG] [mixin/]: Compatibility level JAVA_8 specified by monsterexpansion.mixins.json is lower than the default level supported by the current mixin service (JAVA_16).
[16Oct2025 02:43:40.414] [main/DEBUG] [mixin/]: Adding mixin platform agents for container SecureJarResource(moonlight)
[16Oct2025 02:43:40.414] [main/DEBUG] [mixin/]: Instancing new MixinPlatformAgentMinecraftForge for SecureJarResource(moonlight)
[16Oct2025 02:43:40.414] [main/DEBUG] [mixin/]: MixinPlatformAgentMinecraftForge rejected container SecureJarResource(moonlight)
[16Oct2025 02:43:40.415] [main/DEBUG] [mixin/]: Instancing new MixinPlatformAgentDefault for SecureJarResource(moonlight)
[16Oct2025 02:43:40.415] [main/DEBUG] [mixin/]: MixinPlatformAgentDefault accepted container SecureJarResource(moonlight)
[16Oct2025 02:43:40.415] [main/DEBUG] [mixin/]: Processing prepare() for PlatformAgent[MixinPlatformAgentDefault:SecureJarResource(moonlight)]
[16Oct2025 02:43:40.415] [main/DEBUG] [mixin/]: Registering mixin config: moonlight-common.mixins.json
[16Oct2025 02:43:40.418] [main/DEBUG] [mixin/]: Registering mixin config: moonlight.mixins.json
[16Oct2025 02:43:40.420] [main/DEBUG] [mixin/]: Adding mixin platform agents for container SecureJarResource(block_factorys_bosses)
[16Oct2025 02:43:40.422] [main/DEBUG] [mixin/]: Instancing new MixinPlatformAgentMinecraftForge for SecureJarResource(block_factorys_bosses)
[16Oct2025 02:43:40.422] [main/DEBUG] [mixin/]: MixinPlatformAgentMinecraftForge rejected container SecureJarResource(block_factorys_bosses)
[16Oct2025 02:43:40.423] [main/DEBUG] [mixin/]: Instancing new MixinPlatformAgentDefault for SecureJarResource(block_factorys_bosses)
[16Oct2025 02:43:40.424] [main/DEBUG] [mixin/]: MixinPlatformAgentDefault accepted container SecureJarResource(block_factorys_bosses)
[16Oct2025 02:43:40.424] [main/DEBUG] [mixin/]: Processing prepare() for PlatformAgent[MixinPlatformAgentDefault:SecureJarResource(block_factorys_bosses)]
[16Oct2025 02:43:40.424] [main/DEBUG] [mixin/]: Registering mixin config: mixins.block_factorys_bosses.json
[16Oct2025 02:43:40.425] [main/DEBUG] [mixin/]: Adding mixin platform agents for container SecureJarResource(bettercombat)
[16Oct2025 02:43:40.426] [main/DEBUG] [mixin/]: Instancing new MixinPlatformAgentMinecraftForge for SecureJarResource(bettercombat)
[16Oct2025 02:43:40.427] [main/DEBUG] [mixin/]: MixinPlatformAgentMinecraftForge rejected container SecureJarResource(bettercombat)
[16Oct2025 02:43:40.427] [main/DEBUG] [mixin/]: Instancing new MixinPlatformAgentDefault for SecureJarResource(bettercombat)
[16Oct2025 02:43:40.428] [main/DEBUG] [mixin/]: MixinPlatformAgentDefault accepted container SecureJarResource(bettercombat)
[16Oct2025 02:43:40.428] [main/DEBUG] [mixin/]: Processing prepare() for PlatformAgent[MixinPlatformAgentDefault:SecureJarResource(bettercombat)]
[16Oct2025 02:43:40.428] [main/DEBUG] [mixin/]: Registering mixin config: bettercombat.mixins.json
[16Oct2025 02:43:40.430] [main/DEBUG] [mixin/]: Adding mixin platform agents for container SecureJarResource(combatroll)
[16Oct2025 02:43:40.431] [main/DEBUG] [mixin/]: Instancing new MixinPlatformAgentMinecraftForge for SecureJarResource(combatroll)
[16Oct2025 02:43:40.431] [main/DEBUG] [mixin/]: MixinPlatformAgentMinecraftForge rejected container SecureJarResource(combatroll)
[16Oct2025 02:43:40.432] [main/DEBUG] [mixin/]: Instancing new MixinPlatformAgentDefault for SecureJarResource(combatroll)
[16Oct2025 02:43:40.432] [main/DEBUG] [mixin/]: MixinPlatformAgentDefault accepted container SecureJarResource(combatroll)
[16Oct2025 02:43:40.432] [main/DEBUG] [mixin/]: Processing prepare() for PlatformAgent[MixinPlatformAgentDefault:SecureJarResource(combatroll)]
[16Oct2025 02:43:40.432] [main/DEBUG] [mixin/]: Registering mixin config: combatroll.mixins.json
[16Oct2025 02:43:40.434] [main/DEBUG] [mixin/]: Adding mixin platform agents for container SecureJarResource(obscure_tooltips)
[16Oct2025 02:43:40.435] [main/DEBUG] [mixin/]: Instancing new MixinPlatformAgentMinecraftForge for SecureJarResource(obscure_tooltips)
[16Oct2025 02:43:40.435] [main/DEBUG] [mixin/]: MixinPlatformAgentMinecraftForge rejected container SecureJarResource(obscure_tooltips)
[16Oct2025 02:43:40.435] [main/DEBUG] [mixin/]: Instancing new MixinPlatformAgentDefault for SecureJarResource(obscure_tooltips)
[16Oct2025 02:43:40.435] [main/DEBUG] [mixin/]: MixinPlatformAgentDefault accepted container SecureJarResource(obscure_tooltips)
[16Oct2025 02:43:40.435] [main/DEBUG] [mixin/]: Processing prepare() for PlatformAgent[MixinPlatformAgentDefault:SecureJarResource(obscure_tooltips)]
[16Oct2025 02:43:40.436] [main/DEBUG] [mixin/]: Registering mixin config: obscure_tooltips.mixins.json
[16Oct2025 02:43:40.437] [main/DEBUG] [mixin/]: Registering mixin config: obscure_tooltips.forge.mixins.json
[16Oct2025 02:43:40.440] [main/DEBUG] [mixin/]: Adding mixin platform agents for container SecureJarResource(rpg_backpacks)
[16Oct2025 02:43:40.441] [main/DEBUG] [mixin/]: Instancing new MixinPlatformAgentMinecraftForge for SecureJarResource(rpg_backpacks)
[16Oct2025 02:43:40.442] [main/DEBUG] [mixin/]: MixinPlatformAgentMinecraftForge rejected container SecureJarResource(rpg_backpacks)
[16Oct2025 02:43:40.442] [main/DEBUG] [mixin/]: Instancing new MixinPlatformAgentDefault for SecureJarResource(rpg_backpacks)
[16Oct2025 02:43:40.442] [main/DEBUG] [mixin/]: MixinPlatformAgentDefault accepted container SecureJarResource(rpg_backpacks)
[16Oct2025 02:43:40.442] [main/DEBUG] [mixin/]: Processing prepare() for PlatformAgent[MixinPlatformAgentDefault:SecureJarResource(rpg_backpacks)]
[16Oct2025 02:43:40.442] [main/DEBUG] [mixin/]: Adding mixin platform agents for container SecureJarResource(creativecore)
[16Oct2025 02:43:40.442] [main/DEBUG] [mixin/]: Instancing new MixinPlatformAgentMinecraftForge for SecureJarResource(creativecore)
[16Oct2025 02:43:40.442] [main/DEBUG] [mixin/]: MixinPlatformAgentMinecraftForge rejected container SecureJarResource(creativecore)
[16Oct2025 02:43:40.443] [main/DEBUG] [mixin/]: Instancing new MixinPlatformAgentDefault for SecureJarResource(creativecore)
[16Oct2025 02:43:40.443] [main/DEBUG] [mixin/]: MixinPlatformAgentDefault accepted container SecureJarResource(creativecore)
[16Oct2025 02:43:40.443] [main/DEBUG] [mixin/]: Processing prepare() for PlatformAgent[MixinPlatformAgentDefault:SecureJarResource(creativecore)]
[16Oct2025 02:43:40.443] [main/DEBUG] [mixin/]: Registering mixin config: creativecore.mixins.json
[16Oct2025 02:43:40.444] [main/DEBUG] [mixin/]: Registering mixin config: creativecore.forge.mixins.json
[16Oct2025 02:43:40.446] [main/DEBUG] [mixin/]: Adding mixin platform agents for container SecureJarResource(born_in_chaos_v1)
[16Oct2025 02:43:40.448] [main/DEBUG] [mixin/]: Instancing new MixinPlatformAgentMinecraftForge for SecureJarResource(born_in_chaos_v1)
[16Oct2025 02:43:40.449] [main/DEBUG] [mixin/]: MixinPlatformAgentMinecraftForge rejected container SecureJarResource(born_in_chaos_v1)
[16Oct2025 02:43:40.449] [main/DEBUG] [mixin/]: Instancing new MixinPlatformAgentDefault for SecureJarResource(born_in_chaos_v1)
[16Oct2025 02:43:40.449] [main/DEBUG] [mixin/]: MixinPlatformAgentDefault accepted container SecureJarResource(born_in_chaos_v1)
[16Oct2025 02:43:40.449] [main/DEBUG] [mixin/]: Processing prepare() for PlatformAgent[MixinPlatformAgentDefault:SecureJarResource(born_in_chaos_v1)]
[16Oct2025 02:43:40.449] [main/DEBUG] [mixin/]: Adding mixin platform agents for container SecureJarResource(faz_roleplay_plus)
[16Oct2025 02:43:40.449] [main/DEBUG] [mixin/]: Instancing new MixinPlatformAgentMinecraftForge for SecureJarResource(faz_roleplay_plus)
[16Oct2025 02:43:40.449] [main/DEBUG] [mixin/]: MixinPlatformAgentMinecraftForge rejected container SecureJarResource(faz_roleplay_plus)
[16Oct2025 02:43:40.449] [main/DEBUG] [mixin/]: Instancing new MixinPlatformAgentDefault for SecureJarResource(faz_roleplay_plus)
[16Oct2025 02:43:40.449] [main/DEBUG] [mixin/]: MixinPlatformAgentDefault accepted container SecureJarResource(faz_roleplay_plus)
[16Oct2025 02:43:40.449] [main/DEBUG] [mixin/]: Processing prepare() for PlatformAgent[MixinPlatformAgentDefault:SecureJarResource(faz_roleplay_plus)]
[16Oct2025 02:43:40.449] [main/DEBUG] [mixin/]: Adding mixin platform agents for container SecureJarResource(dungeons_enhanced)
[16Oct2025 02:43:40.449] [main/DEBUG] [mixin/]: Instancing new MixinPlatformAgentMinecraftForge for SecureJarResource(dungeons_enhanced)
[16Oct2025 02:43:40.449] [main/DEBUG] [mixin/]: MixinPlatformAgentMinecraftForge rejected container SecureJarResource(dungeons_enhanced)
[16Oct2025 02:43:40.449] [main/DEBUG] [mixin/]: Instancing new MixinPlatformAgentDefault for SecureJarResource(dungeons_enhanced)
[16Oct2025 02:43:40.449] [main/DEBUG] [mixin/]: MixinPlatformAgentDefault accepted container SecureJarResource(dungeons_enhanced)
[16Oct2025 02:43:40.449] [main/DEBUG] [mixin/]: Processing prepare() for PlatformAgent[MixinPlatformAgentDefault:SecureJarResource(dungeons_enhanced)]
[16Oct2025 02:43:40.450] [main/DEBUG] [mixin/]: Adding mixin platform agents for container SecureJarResource(curios)
[16Oct2025 02:43:40.450] [main/DEBUG] [mixin/]: Instancing new MixinPlatformAgentMinecraftForge for SecureJarResource(curios)
[16Oct2025 02:43:40.450] [main/DEBUG] [mixin/]: MixinPlatformAgentMinecraftForge rejected container SecureJarResource(curios)
[16Oct2025 02:43:40.450] [main/DEBUG] [mixin/]: Instancing new MixinPlatformAgentDefault for SecureJarResource(curios)
[16Oct2025 02:43:40.450] [main/DEBUG] [mixin/]: MixinPlatformAgentDefault accepted container SecureJarResource(curios)
[16Oct2025 02:43:40.450] [main/DEBUG] [mixin/]: Processing prepare() for PlatformAgent[MixinPlatformAgentDefault:SecureJarResource(curios)]
[16Oct2025 02:43:40.452] [main/DEBUG] [mixin/]: Registering mixin config: curios.mixins.json
[16Oct2025 02:43:40.453] [main/DEBUG] [mixin/]: Adding mixin platform agents for container SecureJarResource(securitycraft)
[16Oct2025 02:43:40.453] [main/DEBUG] [mixin/]: Instancing new MixinPlatformAgentMinecraftForge for SecureJarResource(securitycraft)
[16Oct2025 02:43:40.453] [main/DEBUG] [mixin/]: MixinPlatformAgentMinecraftForge rejected container SecureJarResource(securitycraft)
[16Oct2025 02:43:40.453] [main/DEBUG] [mixin/]: Instancing new MixinPlatformAgentDefault for SecureJarResource(securitycraft)
[16Oct2025 02:43:40.453] [main/DEBUG] [mixin/]: MixinPlatformAgentDefault accepted container SecureJarResource(securitycraft)
[16Oct2025 02:43:40.453] [main/DEBUG] [mixin/]: Processing prepare() for PlatformAgent[MixinPlatformAgentDefault:SecureJarResource(securitycraft)]
[16Oct2025 02:43:40.455] [main/DEBUG] [mixin/]: Registering mixin config: securitycraft.mixins.json
[16Oct2025 02:43:40.456] [main/DEBUG] [mixin/]: Adding mixin platform agents for container SecureJarResource(legendarycreatures)
[16Oct2025 02:43:40.457] [main/DEBUG] [mixin/]: Instancing new MixinPlatformAgentMinecraftForge for SecureJarResource(legendarycreatures)
[16Oct2025 02:43:40.457] [main/DEBUG] [mixin/]: MixinPlatformAgentMinecraftForge rejected container SecureJarResource(legendarycreatures)
[16Oct2025 02:43:40.457] [main/DEBUG] [mixin/]: Instancing new MixinPlatformAgentDefault for SecureJarResource(legendarycreatures)
[16Oct2025 02:43:40.457] [main/DEBUG] [mixin/]: MixinPlatformAgentDefault accepted container SecureJarResource(legendarycreatures)
[16Oct2025 02:43:40.458] [main/DEBUG] [mixin/]: Processing prepare() for PlatformAgent[MixinPlatformAgentDefault:SecureJarResource(legendarycreatures)]
[16Oct2025 02:43:40.458] [main/DEBUG] [mixin/]: Adding mixin platform agents for container SecureJarResource(architectury)
[16Oct2025 02:43:40.458] [main/DEBUG] [mixin/]: Instancing new MixinPlatformAgentMinecraftForge for SecureJarResource(architectury)
[16Oct2025 02:43:40.458] [main/DEBUG] [mixin/]: MixinPlatformAgentMinecraftForge rejected container SecureJarResource(architectury)
[16Oct2025 02:43:40.458] [main/DEBUG] [mixin/]: Instancing new MixinPlatformAgentDefault for SecureJarResource(architectury)
[16Oct2025 02:43:40.458] [main/DEBUG] [mixin/]: MixinPlatformAgentDefault accepted container SecureJarResource(architectury)
[16Oct2025 02:43:40.459] [main/DEBUG] [mixin/]: Processing prepare() for PlatformAgent[MixinPlatformAgentDefault:SecureJarResource(architectury)]
[16Oct2025 02:43:40.459] [main/DEBUG] [mixin/]: Registering mixin config: architectury.mixins.json
[16Oct2025 02:43:40.462] [main/DEBUG] [mixin/]: Compatibility level JAVA_16 specified by architectury.mixins.json is higher than the maximum level supported by this version of mixin (JAVA_13).
[16Oct2025 02:43:40.462] [main/DEBUG] [mixin/]: Registering mixin config: architectury-common.mixins.json
[16Oct2025 02:43:40.464] [main/DEBUG] [mixin/]: Compatibility level JAVA_16 specified by architectury-common.mixins.json is higher than the maximum level supported by this version of mixin (JAVA_13).
[16Oct2025 02:43:40.465] [main/DEBUG] [mixin/]: Adding mixin platform agents for container SecureJarResource(octolib)
[16Oct2025 02:43:40.466] [main/DEBUG] [mixin/]: Instancing new MixinPlatformAgentMinecraftForge for SecureJarResource(octolib)
[16Oct2025 02:43:40.466] [main/DEBUG] [mixin/]: MixinPlatformAgentMinecraftForge rejected container SecureJarResource(octolib)
[16Oct2025 02:43:40.466] [main/DEBUG] [mixin/]: Instancing new MixinPlatformAgentDefault for SecureJarResource(octolib)
[16Oct2025 02:43:40.466] [main/DEBUG] [mixin/]: MixinPlatformAgentDefault accepted container SecureJarResource(octolib)
[16Oct2025 02:43:40.466] [main/DEBUG] [mixin/]: Processing prepare() for PlatformAgent[MixinPlatformAgentDefault:SecureJarResource(octolib)]
[16Oct2025 02:43:40.467] [main/DEBUG] [mixin/]: Adding mixin platform agents for container SecureJarResource(aquaculture)
[16Oct2025 02:43:40.467] [main/DEBUG] [mixin/]: Instancing new MixinPlatformAgentMinecraftForge for SecureJarResource(aquaculture)
[16Oct2025 02:43:40.467] [main/DEBUG] [mixin/]: MixinPlatformAgentMinecraftForge rejected container SecureJarResource(aquaculture)
[16Oct2025 02:43:40.468] [main/DEBUG] [mixin/]: Instancing new MixinPlatformAgentDefault for SecureJarResource(aquaculture)
[16Oct2025 02:43:40.468] [main/DEBUG] [mixin/]: MixinPlatformAgentDefault accepted container SecureJarResource(aquaculture)
[16Oct2025 02:43:40.468] [main/DEBUG] [mixin/]: Processing prepare() for PlatformAgent[MixinPlatformAgentDefault:SecureJarResource(aquaculture)]
[16Oct2025 02:43:40.468] [main/DEBUG] [mixin/]: Adding mixin platform agents for container SecureJarResource(goblins_tyranny)
[16Oct2025 02:43:40.468] [main/DEBUG] [mixin/]: Instancing new MixinPlatformAgentMinecraftForge for SecureJarResource(goblins_tyranny)
[16Oct2025 02:43:40.468] [main/DEBUG] [mixin/]: MixinPlatformAgentMinecraftForge rejected container SecureJarResource(goblins_tyranny)
[16Oct2025 02:43:40.468] [main/DEBUG] [mixin/]: Instancing new MixinPlatformAgentDefault for SecureJarResource(goblins_tyranny)
[16Oct2025 02:43:40.468] [main/DEBUG] [mixin/]: MixinPlatformAgentDefault accepted container SecureJarResource(goblins_tyranny)
[16Oct2025 02:43:40.469] [main/DEBUG] [mixin/]: Processing prepare() for PlatformAgent[MixinPlatformAgentDefault:SecureJarResource(goblins_tyranny)]
[16Oct2025 02:43:40.469] [main/DEBUG] [mixin/]: Adding mixin platform agents for container SecureJarResource(realmrpg_quests)
[16Oct2025 02:43:40.469] [main/DEBUG] [mixin/]: Instancing new MixinPlatformAgentMinecraftForge for SecureJarResource(realmrpg_quests)
[16Oct2025 02:43:40.469] [main/DEBUG] [mixin/]: MixinPlatformAgentMinecraftForge rejected container SecureJarResource(realmrpg_quests)
[16Oct2025 02:43:40.469] [main/DEBUG] [mixin/]: Instancing new MixinPlatformAgentDefault for SecureJarResource(realmrpg_quests)
[16Oct2025 02:43:40.469] [main/DEBUG] [mixin/]: MixinPlatformAgentDefault accepted container SecureJarResource(realmrpg_quests)
[16Oct2025 02:43:40.469] [main/DEBUG] [mixin/]: Processing prepare() for PlatformAgent[MixinPlatformAgentDefault:SecureJarResource(realmrpg_quests)]
[16Oct2025 02:43:40.469] [main/DEBUG] [mixin/]: Adding mixin platform agents for container SecureJarResource(playerrevive)
[16Oct2025 02:43:40.469] [main/DEBUG] [mixin/]: Instancing new MixinPlatformAgentMinecraftForge for SecureJarResource(playerrevive)
[16Oct2025 02:43:40.469] [main/DEBUG] [mixin/]: MixinPlatformAgentMinecraftForge rejected container SecureJarResource(playerrevive)
[16Oct2025 02:43:40.470] [main/DEBUG] [mixin/]: Instancing new MixinPlatformAgentDefault for SecureJarResource(playerrevive)
[16Oct2025 02:43:40.470] [main/DEBUG] [mixin/]: MixinPlatformAgentDefault accepted container SecureJarResource(playerrevive)
[16Oct2025 02:43:40.470] [main/DEBUG] [mixin/]: Processing prepare() for PlatformAgent[MixinPlatformAgentDefault:SecureJarResource(playerrevive)]
[16Oct2025 02:43:40.470] [main/DEBUG] [mixin/]: Registering mixin config: playerrevive.mixins.json
[16Oct2025 02:43:40.473] [main/DEBUG] [mixin/]: Adding mixin platform agents for container SecureJarResource(experienced_crops)
[16Oct2025 02:43:40.473] [main/DEBUG] [mixin/]: Instancing new MixinPlatformAgentMinecraftForge for SecureJarResource(experienced_crops)
[16Oct2025 02:43:40.474] [main/DEBUG] [mixin/]: MixinPlatformAgentMinecraftForge rejected container SecureJarResource(experienced_crops)
[16Oct2025 02:43:40.474] [main/DEBUG] [mixin/]: Instancing new MixinPlatformAgentDefault for SecureJarResource(experienced_crops)
[16Oct2025 02:43:40.475] [main/DEBUG] [mixin/]: MixinPlatformAgentDefault accepted container SecureJarResource(experienced_crops)
[16Oct2025 02:43:40.475] [main/DEBUG] [mixin/]: Processing prepare() for PlatformAgent[MixinPlatformAgentDefault:SecureJarResource(experienced_crops)]
[16Oct2025 02:43:40.475] [main/DEBUG] [mixin/]: Registering mixin config: experienced_crops-common.mixins.json
[16Oct2025 02:43:40.477] [main/DEBUG] [mixin/]: Registering mixin config: experienced_crops.mixins.json
[16Oct2025 02:43:40.479] [main/DEBUG] [mixin/]: Adding mixin platform agents for container SecureJarResource(mclib)
[16Oct2025 02:43:40.480] [main/DEBUG] [mixin/]: Instancing new MixinPlatformAgentMinecraftForge for SecureJarResource(mclib)
[16Oct2025 02:43:40.480] [main/DEBUG] [mixin/]: MixinPlatformAgentMinecraftForge rejected container SecureJarResource(mclib)
[16Oct2025 02:43:40.481] [main/DEBUG] [mixin/]: Instancing new MixinPlatformAgentDefault for SecureJarResource(mclib)
[16Oct2025 02:43:40.481] [main/DEBUG] [mixin/]: MixinPlatformAgentDefault accepted container SecureJarResource(mclib)
[16Oct2025 02:43:40.481] [main/DEBUG] [mixin/]: Processing prepare() for PlatformAgent[MixinPlatformAgentDefault:SecureJarResource(mclib)]
[16Oct2025 02:43:40.481] [main/DEBUG] [mixin/]: Adding mixin platform agents for container SecureJarResource(org.yaml.snakeyaml)
[16Oct2025 02:43:40.481] [main/DEBUG] [mixin/]: Instancing new MixinPlatformAgentMinecraftForge for SecureJarResource(org.yaml.snakeyaml)
[16Oct2025 02:43:40.481] [main/DEBUG] [mixin/]: MixinPlatformAgentMinecraftForge rejected container SecureJarResource(org.yaml.snakeyaml)
[16Oct2025 02:43:40.482] [main/DEBUG] [mixin/]: Instancing new MixinPlatformAgentDefault for SecureJarResource(org.yaml.snakeyaml)
[16Oct2025 02:43:40.482] [main/DEBUG] [mixin/]: MixinPlatformAgentDefault accepted container SecureJarResource(org.yaml.snakeyaml)
[16Oct2025 02:43:40.482] [main/DEBUG] [mixin/]: Processing prepare() for PlatformAgent[MixinPlatformAgentDefault:SecureJarResource(org.yaml.snakeyaml)]
[16Oct2025 02:43:40.482] [main/DEBUG] [mixin/]: Adding mixin platform agents for container SecureJarResource(mixinextras)
[16Oct2025 02:43:40.482] [main/DEBUG] [mixin/]: Instancing new MixinPlatformAgentMinecraftForge for SecureJarResource(mixinextras)
[16Oct2025 02:43:40.482] [main/DEBUG] [mixin/]: MixinPlatformAgentMinecraftForge rejected container SecureJarResource(mixinextras)
[16Oct2025 02:43:40.482] [main/DEBUG] [mixin/]: Instancing new MixinPlatformAgentDefault for SecureJarResource(mixinextras)
[16Oct2025 02:43:40.482] [main/DEBUG] [mixin/]: MixinPlatformAgentDefault accepted container SecureJarResource(mixinextras)
[16Oct2025 02:43:40.482] [main/DEBUG] [mixin/]: Processing prepare() for PlatformAgent[MixinPlatformAgentDefault:SecureJarResource(mixinextras)]
[16Oct2025 02:43:40.482] [main/DEBUG] [mixin/]: Registering mixin config: mixinextras.init.mixins.json
[16Oct2025 02:43:40.483] [main/DEBUG] [mixin/]: Adding mixin platform agents for container SecureJarResource(MixinExtras)
[16Oct2025 02:43:40.483] [main/DEBUG] [mixin/]: Instancing new MixinPlatformAgentMinecraftForge for SecureJarResource(MixinExtras)
[16Oct2025 02:43:40.484] [main/DEBUG] [mixin/]: MixinPlatformAgentMinecraftForge rejected container SecureJarResource(MixinExtras)
[16Oct2025 02:43:40.484] [main/DEBUG] [mixin/]: Instancing new MixinPlatformAgentDefault for SecureJarResource(MixinExtras)
[16Oct2025 02:43:40.485] [main/DEBUG] [mixin/]: MixinPlatformAgentDefault accepted container SecureJarResource(MixinExtras)
[16Oct2025 02:43:40.485] [main/DEBUG] [mixin/]: Processing prepare() for PlatformAgent[MixinPlatformAgentDefault:SecureJarResource(MixinExtras)]
[16Oct2025 02:43:40.486] [main/DEBUG] [mixin/]: inject() running with 50 agents
[16Oct2025 02:43:40.486] [main/DEBUG] [mixin/]: Processing inject() for PlatformAgent[MixinPlatformAgentDefault:ModLauncher Root Container(ModLauncher:4f56a0a2)]
[16Oct2025 02:43:40.486] [main/DEBUG] [mixin/]: Processing inject() for PlatformAgent[MixinPlatformAgentDefault:SecureJarResource(luminous_beasts)]
[16Oct2025 02:43:40.486] [main/DEBUG] [mixin/]: Processing inject() for PlatformAgent[MixinPlatformAgentDefault:SecureJarResource(geckolib)]
[16Oct2025 02:43:40.486] [main/DEBUG] [mixin/]: Processing inject() for PlatformAgent[MixinPlatformAgentDefault:SecureJarResource(playeranimator)]
[16Oct2025 02:43:40.486] [main/DEBUG] [mixin/]: Processing inject() for PlatformAgent[MixinPlatformAgentDefault:SecureJarResource(ancore)]
[16Oct2025 02:43:40.486] [main/DEBUG] [mixin/]: Processing inject() for PlatformAgent[MixinPlatformAgentDefault:SecureJarResource(jei)]
[16Oct2025 02:43:40.486] [main/DEBUG] [mixin/]: Processing inject() for PlatformAgent[MixinPlatformAgentDefault:SecureJarResource(libraryferret)]
[16Oct2025 02:43:40.486] [main/DEBUG] [mixin/]: Processing inject() for PlatformAgent[MixinPlatformAgentDefault:SecureJarResource(gnumus)]
[16Oct2025 02:43:40.486] [main/DEBUG] [mixin/]: Processing inject() for PlatformAgent[MixinPlatformAgentDefault:SecureJarResource(companions)]
[16Oct2025 02:43:40.487] [main/DEBUG] [mixin/]: Processing inject() for PlatformAgent[MixinPlatformAgentDefault:SecureJarResource(fragmentum)]
[16Oct2025 02:43:40.487] [main/DEBUG] [mixin/]: Processing inject() for PlatformAgent[MixinPlatformAgentDefault:SecureJarResource(journeymap)]
[16Oct2025 02:43:40.487] [main/DEBUG] [mixin/]: Processing inject() for PlatformAgent[MixinPlatformAgentDefault:SecureJarResource(citadel)]
[16Oct2025 02:43:40.488] [main/DEBUG] [mixin/]: Processing inject() for PlatformAgent[MixinPlatformAgentDefault:SecureJarResource(myserveriscompatible)]
[16Oct2025 02:43:40.488] [main/DEBUG] [mixin/]: Processing inject() for PlatformAgent[MixinPlatformAgentDefault:SecureJarResource(knightlib)]
[16Oct2025 02:43:40.488] [main/DEBUG] [mixin/]: Processing inject() for PlatformAgent[MixinPlatformAgentDefault:SecureJarResource(relics)]
[16Oct2025 02:43:40.488] [main/DEBUG] [mixin/]: Processing inject() for PlatformAgent[MixinPlatformAgentDefault:SecureJarResource(iceandfire)]
[16Oct2025 02:43:40.488] [main/DEBUG] [mixin/]: Processing inject() for PlatformAgent[MixinPlatformAgentDefault:SecureJarResource(azurelib)]
[16Oct2025 02:43:40.488] [main/DEBUG] [mixin/]: Processing inject() for PlatformAgent[MixinPlatformAgentDefault:SecureJarResource(paraglider)]
[16Oct2025 02:43:40.488] [main/DEBUG] [mixin/]: Processing inject() for PlatformAgent[MixinPlatformAgentDefault:SecureJarResource(cloth_config)]
[16Oct2025 02:43:40.488] [main/DEBUG] [mixin/]: Processing inject() for PlatformAgent[MixinPlatformAgentDefault:SecureJarResource(forge)]
[16Oct2025 02:43:40.488] [main/DEBUG] [mixin/]: Processing inject() for PlatformAgent[MixinPlatformAgentDefault:SecureJarResource(structure_gel)]
[16Oct2025 02:43:40.488] [main/DEBUG] [mixin/]: Processing inject() for PlatformAgent[MixinPlatformAgentDefault:SecureJarResource(minecraft)]
[16Oct2025 02:43:40.488] [main/DEBUG] [mixin/]: Processing inject() for PlatformAgent[MixinPlatformAgentDefault:SecureJarResource(ancient_scribes)]
[16Oct2025 02:43:40.490] [main/DEBUG] [mixin/]: Processing inject() for PlatformAgent[MixinPlatformAgentDefault:SecureJarResource(lowlands_clothing)]
[16Oct2025 02:43:40.490] [main/DEBUG] [mixin/]: Processing inject() for PlatformAgent[MixinPlatformAgentDefault:SecureJarResource(more_critters)]
[16Oct2025 02:43:40.490] [main/DEBUG] [mixin/]: Processing inject() for PlatformAgent[MixinPlatformAgentDefault:SecureJarResource(monsterexpansion)]
[16Oct2025 02:43:40.490] [main/DEBUG] [mixin/]: Processing inject() for PlatformAgent[MixinPlatformAgentDefault:SecureJarResource(moonlight)]
[16Oct2025 02:43:40.490] [main/DEBUG] [mixin/]: Processing inject() for PlatformAgent[MixinPlatformAgentDefault:SecureJarResource(block_factorys_bosses)]
[16Oct2025 02:43:40.490] [main/DEBUG] [mixin/]: Processing inject() for PlatformAgent[MixinPlatformAgentDefault:SecureJarResource(bettercombat)]
[16Oct2025 02:43:40.490] [main/DEBUG] [mixin/]: Processing inject() for PlatformAgent[MixinPlatformAgentDefault:SecureJarResource(combatroll)]
[16Oct2025 02:43:40.490] [main/DEBUG] [mixin/]: Processing inject() for PlatformAgent[MixinPlatformAgentDefault:SecureJarResource(obscure_tooltips)]
[16Oct2025 02:43:40.490] [main/DEBUG] [mixin/]: Processing inject() for PlatformAgent[MixinPlatformAgentDefault:SecureJarResource(rpg_backpacks)]
[16Oct2025 02:43:40.490] [main/DEBUG] [mixin/]: Processing inject() for PlatformAgent[MixinPlatformAgentDefault:SecureJarResource(creativecore)]
[16Oct2025 02:43:40.490] [main/DEBUG] [mixin/]: Processing inject() for PlatformAgent[MixinPlatformAgentDefault:SecureJarResource(born_in_chaos_v1)]
[16Oct2025 02:43:40.490] [main/DEBUG] [mixin/]: Processing inject() for PlatformAgent[MixinPlatformAgentDefault:SecureJarResource(faz_roleplay_plus)]
[16Oct2025 02:43:40.490] [main/DEBUG] [mixin/]: Processing inject() for PlatformAgent[MixinPlatformAgentDefault:SecureJarResource(dungeons_enhanced)]
[16Oct2025 02:43:40.490] [main/DEBUG] [mixin/]: Processing inject() for PlatformAgent[MixinPlatformAgentDefault:SecureJarResource(curios)]
[16Oct2025 02:43:40.490] [main/DEBUG] [mixin/]: Processing inject() for PlatformAgent[MixinPlatformAgentDefault:SecureJarResource(securitycraft)]
[16Oct2025 02:43:40.490] [main/DEBUG] [mixin/]: Processing inject() for PlatformAgent[MixinPlatformAgentDefault:SecureJarResource(legendarycreatures)]
[16Oct2025 02:43:40.490] [main/DEBUG] [mixin/]: Processing inject() for PlatformAgent[MixinPlatformAgentDefault:SecureJarResource(architectury)]
[16Oct2025 02:43:40.491] [main/DEBUG] [mixin/]: Processing inject() for PlatformAgent[MixinPlatformAgentDefault:SecureJarResource(octolib)]
[16Oct2025 02:43:40.491] [main/DEBUG] [mixin/]: Processing inject() for PlatformAgent[MixinPlatformAgentDefault:SecureJarResource(aquaculture)]
[16Oct2025 02:43:40.491] [main/DEBUG] [mixin/]: Processing inject() for PlatformAgent[MixinPlatformAgentDefault:SecureJarResource(goblins_tyranny)]
[16Oct2025 02:43:40.491] [main/DEBUG] [mixin/]: Processing inject() for PlatformAgent[MixinPlatformAgentDefault:SecureJarResource(realmrpg_quests)]
[16Oct2025 02:43:40.491] [main/DEBUG] [mixin/]: Processing inject() for PlatformAgent[MixinPlatformAgentDefault:SecureJarResource(playerrevive)]
[16Oct2025 02:43:40.491] [main/DEBUG] [mixin/]: Processing inject() for PlatformAgent[MixinPlatformAgentDefault:SecureJarResource(experienced_crops)]
[16Oct2025 02:43:40.491] [main/DEBUG] [mixin/]: Processing inject() for PlatformAgent[MixinPlatformAgentDefault:SecureJarResource(mclib)]
[16Oct2025 02:43:40.491] [main/DEBUG] [mixin/]: Processing inject() for PlatformAgent[MixinPlatformAgentDefault:SecureJarResource(org.yaml.snakeyaml)]
[16Oct2025 02:43:40.492] [main/DEBUG] [mixin/]: Processing inject() for PlatformAgent[MixinPlatformAgentDefault:SecureJarResource(mixinextras)]
[16Oct2025 02:43:40.492] [main/DEBUG] [mixin/]: Processing inject() for PlatformAgent[MixinPlatformAgentDefault:SecureJarResource(MixinExtras)]
[16Oct2025 02:43:40.492] [main/INFO] [cpw.mods.modlauncher.LaunchServiceHandler/MODLAUNCHER]: Launching target 'forgeserver' with arguments [nogui]
[16Oct2025 02:43:40.545] [main/DEBUG] [mixin/]: Error cleaning class output directory: .mixin.out
[16Oct2025 02:43:40.546] [main/DEBUG] [mixin/]: Preparing mixins for MixinEnvironment[DEFAULT]
[16Oct2025 02:43:40.546] [main/DEBUG] [mixin/]: Selecting config mixins.luminous_beasts.json
[16Oct2025 02:43:40.554] [main/WARN] [mixin/]: Reference map 'mixins.luminous_beasts.refmap.json' for mixins.luminous_beasts.json could not be read. If this is a development environment you can ignore this message
[16Oct2025 02:43:40.555] [main/DEBUG] [mixin/]: Selecting config geckolib.mixins.json
[16Oct2025 02:43:40.560] [main/DEBUG] [mixin/]: Selecting config playerAnimator-common.mixins.json
[16Oct2025 02:43:40.577] [main/DEBUG] [mixin/]: Selecting config companions.mixins.json
[16Oct2025 02:43:40.581] [main/DEBUG] [mixin/]: Selecting config companions.forge.mixins.json
[16Oct2025 02:43:40.584] [main/DEBUG] [mixin/]: Selecting config fragmentum.mixins.json
[16Oct2025 02:43:40.585] [main/DEBUG] [mixin/]: Selecting config fragmentum.forge.mixins.json
[16Oct2025 02:43:40.587] [main/DEBUG] [mixin/]: Selecting config journeymap.mixins.json
[16Oct2025 02:43:40.590] [main/DEBUG] [mixin/]: Selecting config citadel.mixins.json
[16Oct2025 02:43:40.594] [main/DEBUG] [mixin/]: Selecting config myserveriscompatible.mixins.json
[16Oct2025 02:43:40.595] [main/DEBUG] [mixin/]: Selecting config knightlib.mixins.json
[16Oct2025 02:43:40.600] [main/DEBUG] [mixin/]: Selecting config knightlib.forge.mixins.json
[16Oct2025 02:43:40.601] [main/DEBUG] [mixin/]: Selecting config relics.mixins.json
[16Oct2025 02:43:40.605] [main/DEBUG] [mixin/]: Selecting config iceandfire.mixins.json
[16Oct2025 02:43:40.607] [main/DEBUG] [mixin/]: Selecting config azurelib.mixins.json
[16Oct2025 02:43:40.609] [main/DEBUG] [mixin/]: Selecting config azurelib.forge.mixins.json
[16Oct2025 02:43:40.612] [main/DEBUG] [mixin/]: Selecting config paraglider.mixins.json
[16Oct2025 02:43:40.614] [main/DEBUG] [mixin/]: Selecting config structure_gel.mixins.json
[16Oct2025 02:43:40.623] [main/DEBUG] [mixin/]: Selecting config monsterexpansion.mixins.json
[16Oct2025 02:43:40.628] [main/WARN] [mixin/]: Reference map 'monsterexpansion.refmap.json' for monsterexpansion.mixins.json could not be read. If this is a development environment you can ignore this message
[16Oct2025 02:43:40.628] [main/DEBUG] [mixin/]: Selecting config moonlight-common.mixins.json
[16Oct2025 02:43:40.636] [main/DEBUG] [mixin/]: Selecting config moonlight.mixins.json
[16Oct2025 02:43:40.639] [main/DEBUG] [mixin/]: Selecting config mixins.block_factorys_bosses.json
[16Oct2025 02:43:40.641] [main/WARN] [mixin/]: Reference map 'mixins.block_factorys_bosses.refmap.json' for mixins.block_factorys_bosses.json could not be read. If this is a development environment you can ignore this message
[16Oct2025 02:43:40.644] [main/DEBUG] [mixin/]: Selecting config bettercombat.mixins.json
[16Oct2025 02:43:40.652] [main/DEBUG] [mixin/]: Selecting config combatroll.mixins.json
[16Oct2025 02:43:40.656] [main/DEBUG] [mixin/]: Selecting config obscure_tooltips.mixins.json
[16Oct2025 02:43:40.657] [main/DEBUG] [mixin/]: Selecting config obscure_tooltips.forge.mixins.json
[16Oct2025 02:43:40.659] [main/DEBUG] [mixin/]: Selecting config creativecore.mixins.json
[16Oct2025 02:43:40.662] [main/DEBUG] [mixin/]: Selecting config creativecore.forge.mixins.json
[16Oct2025 02:43:40.663] [main/DEBUG] [mixin/]: Selecting config curios.mixins.json
[16Oct2025 02:43:40.669] [main/DEBUG] [mixin/]: Selecting config securitycraft.mixins.json
[16Oct2025 02:43:40.671] [main/DEBUG] [mixin/]: Selecting config architectury.mixins.json
[16Oct2025 02:43:40.677] [main/DEBUG] [mixin/]: Selecting config architectury-common.mixins.json
[16Oct2025 02:43:40.678] [main/DEBUG] [mixin/]: Selecting config playerrevive.mixins.json
[16Oct2025 02:43:40.681] [main/DEBUG] [mixin/]: Selecting config experienced_crops-common.mixins.json
[16Oct2025 02:43:40.683] [main/DEBUG] [mixin/]: Selecting config experienced_crops.mixins.json
[16Oct2025 02:43:40.684] [main/WARN] [mixin/]: Reference map 'experienced_crops-forge-refmap.json' for experienced_crops.mixins.json could not be read. If this is a development environment you can ignore this message
[16Oct2025 02:43:40.686] [main/DEBUG] [mixin/]: Selecting config mixinextras.init.mixins.json
[16Oct2025 02:43:40.794] [main/DEBUG] [MixinExtras|Service/]: com.llamalad7.mixinextras.service.MixinExtrasServiceImpl(version=0.5.0) is taking over from null
[16Oct2025 02:43:40.847] [main/DEBUG] [mixin/]: Registering new injector for @Inject with org.spongepowered.asm.mixin.injection.struct.CallbackInjectionInfo
[16Oct2025 02:43:40.850] [main/DEBUG] [mixin/]: Registering new injector for @ModifyArg with org.spongepowered.asm.mixin.injection.struct.ModifyArgInjectionInfo
[16Oct2025 02:43:40.853] [main/DEBUG] [mixin/]: Registering new injector for @ModifyArgs with org.spongepowered.asm.mixin.injection.struct.ModifyArgsInjectionInfo
[16Oct2025 02:43:40.855] [main/DEBUG] [mixin/]: Registering new injector for @Redirect with org.spongepowered.asm.mixin.injection.struct.RedirectInjectionInfo
[16Oct2025 02:43:40.857] [main/DEBUG] [mixin/]: Registering new injector for @ModifyVariable with org.spongepowered.asm.mixin.injection.struct.ModifyVariableInjectionInfo
[16Oct2025 02:43:40.860] [main/DEBUG] [mixin/]: Registering new injector for @ModifyConstant with org.spongepowered.asm.mixin.injection.struct.ModifyConstantInjectionInfo
[16Oct2025 02:43:40.883] [main/DEBUG] [mixin/]: Preparing mixins.luminous_beasts.json (0)
[16Oct2025 02:43:40.885] [main/DEBUG] [mixin/]: Preparing geckolib.mixins.json (1)
[16Oct2025 02:43:40.885] [main/DEBUG] [mixin/]: Preparing playerAnimator-common.mixins.json (14)
[16Oct2025 02:43:40.885] [main/DEBUG] [mixin/]: Preparing companions.mixins.json (2)
[16Oct2025 02:43:40.950] [main/DEBUG] [net.minecraftforge.coremod.transformer.CoreModBaseTransformer/COREMOD]: Transforming net/minecraft/world/entity/raid/Raid
[16Oct2025 02:43:41.432] [main/DEBUG] [mixin/]: Preparing companions.forge.mixins.json (5)
[16Oct2025 02:43:41.572] [main/DEBUG] [mixin/]: Preparing fragmentum.mixins.json (0)
[16Oct2025 02:43:41.572] [main/DEBUG] [mixin/]: Preparing fragmentum.forge.mixins.json (1)
[16Oct2025 02:43:41.577] [main/DEBUG] [mixin/]: Preparing journeymap.mixins.json (3)
[16Oct2025 02:43:41.577] [main/DEBUG] [mixin/]: Preparing citadel.mixins.json (16)
[16Oct2025 02:43:41.665] [main/DEBUG] [mixin/]: Preparing myserveriscompatible.mixins.json (1)
[16Oct2025 02:43:41.666] [main/DEBUG] [mixin/]: Preparing knightlib.mixins.json (2)
[16Oct2025 02:43:41.666] [main/DEBUG] [mixin/]: Preparing knightlib.forge.mixins.json (0)
[16Oct2025 02:43:41.667] [main/DEBUG] [mixin/]: Preparing relics.mixins.json (15)
[16Oct2025 02:43:41.755] [main/DEBUG] [net.minecraftforge.coremod.transformer.CoreModBaseTransformer/COREMOD]: Transforming net/minecraft/world/item/ItemStack
[16Oct2025 02:43:41.856] [main/ERROR] [net.minecraftforge.fml.loading.RuntimeDistCleaner/DISTXFORM]: Attempted to load class net/minecraft/client/gui/screens/Screen for invalid dist DEDICATED_SERVER
[16Oct2025 02:43:41.864] [main/WARN] [mixin/]: Error loading class: net/minecraft/client/gui/screens/Screen (java.lang.RuntimeException: Attempted to load class net/minecraft/client/gui/screens/Screen for invalid dist DEDICATED_SERVER)
[16Oct2025 02:43:41.865] [main/WARN] [mixin/]: @Mixin target net.minecraft.client.gui.screens.Screen was not found relics.mixins.json:ScreenMixin
[16Oct2025 02:43:41.865] [main/DEBUG] [mixin/]: Preparing iceandfire.mixins.json (2)
[16Oct2025 02:43:41.880] [main/DEBUG] [mixin/]: Preparing azurelib.mixins.json (0)
[16Oct2025 02:43:41.881] [main/DEBUG] [mixin/]: Preparing azurelib.forge.mixins.json (12)
[16Oct2025 02:43:41.904] [main/DEBUG] [mixin/]: Preparing paraglider.mixins.json (4)
[16Oct2025 02:43:41.912] [main/DEBUG] [mixin/]: Preparing structure_gel.mixins.json (0)
[16Oct2025 02:43:41.912] [main/DEBUG] [mixin/]: Preparing monsterexpansion.mixins.json (0)
[16Oct2025 02:43:41.912] [main/DEBUG] [mixin/]: Preparing moonlight-common.mixins.json (38)
[16Oct2025 02:43:42.059] [main/DEBUG] [net.minecraftforge.coremod.transformer.CoreModBaseTransformer/COREMOD]: Transforming net/minecraft/world/entity/npc/Villager
[16Oct2025 02:43:42.416] [main/DEBUG] [mixin/]: Preparing moonlight.mixins.json (12)
[16Oct2025 02:43:42.438] [main/DEBUG] [mixin/]: Preparing mixins.block_factorys_bosses.json (0)
[16Oct2025 02:43:42.440] [main/DEBUG] [mixin/]: Preparing bettercombat.mixins.json (17)
[16Oct2025 02:43:42.473] [main/DEBUG] [mixin/]: Preparing combatroll.mixins.json (10)
[16Oct2025 02:43:42.488] [main/DEBUG] [mixin/]: Preparing obscure_tooltips.mixins.json (2)
[16Oct2025 02:43:42.489] [main/DEBUG] [mixin/]: Preparing obscure_tooltips.forge.mixins.json (1)
[16Oct2025 02:43:42.490] [main/DEBUG] [mixin/]: Preparing creativecore.mixins.json (8)
[16Oct2025 02:43:42.515] [main/DEBUG] [mixin/]: Preparing creativecore.forge.mixins.json (3)
[16Oct2025 02:43:42.519] [main/DEBUG] [mixin/]: Preparing curios.mixins.json (13)
[16Oct2025 02:43:42.541] [main/DEBUG] [mixin/]: Preparing securitycraft.mixins.json (23)
[16Oct2025 02:43:42.594] [main/DEBUG] [net.minecraftforge.coremod.transformer.CoreModBaseTransformer/COREMOD]: Transforming net/minecraft/world/level/levelgen/structure/templatesystem/StructureTemplate
[16Oct2025 02:43:42.963] [main/DEBUG] [mixin/]: Preparing architectury.mixins.json (9)
[16Oct2025 02:43:42.983] [main/DEBUG] [mixin/]: Preparing architectury-common.mixins.json (10)
[16Oct2025 02:43:42.999] [main/DEBUG] [net.minecraftforge.coremod.transformer.CoreModBaseTransformer/COREMOD]: Transforming net/minecraft/world/item/BucketItem
[16Oct2025 02:43:43.012] [main/DEBUG] [net.minecraftforge.coremod.transformer.CoreModBaseTransformer/COREMOD]: Transforming net/minecraft/world/entity/EntityType
[16Oct2025 02:43:43.155] [main/DEBUG] [net.minecraftforge.coremod.transformer.CoreModBaseTransformer/COREMOD]: Transforming net/minecraft/world/level/block/LiquidBlock
[16Oct2025 02:43:43.162] [main/DEBUG] [mixin/]: Preparing playerrevive.mixins.json (5)
[16Oct2025 02:43:43.165] [main/DEBUG] [mixin/]: Preparing experienced_crops-common.mixins.json (1)
[16Oct2025 02:43:43.167] [main/DEBUG] [mixin/]: Preparing experienced_crops.mixins.json (0)
[16Oct2025 02:43:43.167] [main/DEBUG] [mixin/]: Preparing mixinextras.init.mixins.json (0)
[16Oct2025 02:43:43.228] [main/DEBUG] [net.minecraftforge.coremod.transformer.CoreModBaseTransformer/COREMOD]: Transforming net/minecraft/world/level/levelgen/structure/Structure
[16Oct2025 02:43:43.371] [main/DEBUG] [mixin/]: Prepared 137 mixins in 2.821 sec (20.6ms avg) (0ms load, 0ms transform, 0ms plugin)
[16Oct2025 02:43:43.395] [main/INFO] [MixinExtras|Service/]: Initializing MixinExtras via com.llamalad7.mixinextras.service.MixinExtrasServiceImpl(version=0.5.0).
[16Oct2025 02:43:43.401] [main/DEBUG] [mixin/]: Registering new injector for @SugarWrapper with com.llamalad7.mixinextras.sugar.impl.SugarWrapperInjectionInfo
[16Oct2025 02:43:43.402] [main/DEBUG] [mixin/]: Registering new injector for @FactoryRedirectWrapper with com.llamalad7.mixinextras.wrapper.factory.FactoryRedirectWrapperInjectionInfo
[16Oct2025 02:43:43.405] [main/DEBUG] [mixin/]: Registering new injector for @ExpressionInjectorWrapper with com.llamalad7.mixinextras.expression.impl.wrapper.ExpressionInjectorWrapperInjectionInfo
[16Oct2025 02:43:43.432] [main/DEBUG] [mixin/]: Mixing MinecraftServerMixin from citadel.mixins.json into net.minecraft.server.MinecraftServer
[16Oct2025 02:43:43.648] [main/DEBUG] [io.netty.util.internal.logging.InternalLoggerFactory/]: Using SLF4J as the default logging framework
[16Oct2025 02:43:43.655] [main/DEBUG] [io.netty.util.ResourceLeakDetector/]: -Dio.netty.leakDetection.level: simple
[16Oct2025 02:43:43.655] [main/DEBUG] [io.netty.util.ResourceLeakDetector/]: -Dio.netty.leakDetection.targetRecords: 4
[16Oct2025 02:43:43.981] [main/DEBUG] [oshi.util.FileUtil/]: No oshi.properties file found from ClassLoader cpw.mods.modlauncher.TransformingClassLoader@2ffb3aec
[16Oct2025 02:43:43.983] [main/DEBUG] [oshi.util.FileUtil/]: No oshi.properties file found from ClassLoader jdk.internal.loader.ClassLoaders$AppClassLoader@76ed5528
[16Oct2025 02:43:44.111] [main/DEBUG] [oshi.util.FileUtil/]: Reading file /proc/self/auxv
[16Oct2025 02:43:44.112] [main/DEBUG] [oshi.util.FileUtil/]: Reading file /proc/self/auxv
[16Oct2025 02:43:44.123] [main/DEBUG] [oshi.util.FileUtil/]: Reading file /proc/stat
[16Oct2025 02:43:44.139] [main/DEBUG] [oshi.util.FileUtil/]: Reading file /sys/devices/system/cpu/cpu0/topology/core_id
[16Oct2025 02:43:44.139] [main/DEBUG] [oshi.util.FileUtil/]: Reading file /sys/devices/system/cpu/cpu0/topology/core_id
[16Oct2025 02:43:44.139] [main/DEBUG] [oshi.util.FileUtil/]: Reading file /sys/devices/system/cpu/cpu0/topology/physical_package_id
[16Oct2025 02:43:44.139] [main/DEBUG] [oshi.util.FileUtil/]: Reading file /sys/devices/system/cpu/cpu0/topology/physical_package_id
[16Oct2025 02:43:44.139] [main/DEBUG] [oshi.util.FileUtil/]: Reading file /sys/devices/system/cpu/cpu0/cpu_capacity
[16Oct2025 02:43:44.143] [main/DEBUG] [oshi.util.FileUtil/]: Reading file /sys/devices/system/cpu/cpu1/topology/core_id
[16Oct2025 02:43:44.144] [main/DEBUG] [oshi.util.FileUtil/]: Reading file /sys/devices/system/cpu/cpu1/topology/core_id
[16Oct2025 02:43:44.144] [main/DEBUG] [oshi.util.FileUtil/]: Reading file /sys/devices/system/cpu/cpu1/topology/physical_package_id
[16Oct2025 02:43:44.144] [main/DEBUG] [oshi.util.FileUtil/]: Reading file /sys/devices/system/cpu/cpu1/topology/physical_package_id
[16Oct2025 02:43:44.144] [main/DEBUG] [oshi.util.FileUtil/]: Reading file /sys/devices/system/cpu/cpu1/cpu_capacity
[16Oct2025 02:43:44.148] [main/DEBUG] [oshi.util.FileUtil/]: Reading file /proc/cpuinfo
[16Oct2025 02:43:44.164] [main/DEBUG] [oshi.util.FileUtil/]: Reading file /proc/self/auxv
[16Oct2025 02:43:44.169] [main/DEBUG] [oshi.util.FileUtil/]: No oshi.architecture.properties file found from ClassLoader cpw.mods.modlauncher.TransformingClassLoader@2ffb3aec
[16Oct2025 02:43:44.169] [main/DEBUG] [oshi.util.FileUtil/]: No oshi.architecture.properties file found from ClassLoader jdk.internal.loader.ClassLoaders$AppClassLoader@76ed5528
[16Oct2025 02:43:44.203] [main/DEBUG] [oshi.util.FileUtil/]: Reading file /proc/meminfo
[16Oct2025 02:43:44.205] [main/DEBUG] [oshi.util.FileUtil/]: Reading file /proc/meminfo
[16Oct2025 02:43:44.297] [main/DEBUG] [mixin/]: Mixing RegistriesMixin from combatroll.mixins.json into net.minecraft.core.registries.BuiltInRegistries
[16Oct2025 02:43:44.384] [main/DEBUG] [mixin/]: Mixing inject.MixinGameEvent from architectury-common.mixins.json into net.minecraft.world.level.gameevent.GameEvent
[16Oct2025 02:43:44.433] [main/DEBUG] [mixin/]: Mixing inject.MixinBlock from architectury-common.mixins.json into net.minecraft.world.level.block.Block
[16Oct2025 02:43:44.439] [main/DEBUG] [mixin/]: Mixing BlockMixin from structure_gel.mixins.json into net.minecraft.world.level.block.Block
[16Oct2025 02:43:44.502] [main/DEBUG] [mixin/]: Mixing EntityMixin from relics.mixins.json into net.minecraft.world.entity.Entity
[16Oct2025 02:43:44.503] [main/DEBUG] [mixin/]: relics.mixins.json:EntityMixin: Class version 61 required is higher than the class version supported by the current version of Mixin (JAVA_8 supports class version 52)
[16Oct2025 02:43:44.552] [main/DEBUG] [mixin/]: Mixing AccessorEntity from curios.mixins.json into net.minecraft.world.entity.Entity
[16Oct2025 02:43:44.558] [main/DEBUG] [mixin/]: Mixing EntityMixin from structure_gel.mixins.json into net.minecraft.world.entity.Entity
[16Oct2025 02:43:44.713] [main/DEBUG] [mixin/]: Mixing LivingEntityMixin from companions.forge.mixins.json into net.minecraft.world.entity.LivingEntity
[16Oct2025 02:43:44.729] [main/DEBUG] [mixin/]: Mixing LivingEntityMixin from citadel.mixins.json into net.minecraft.world.entity.LivingEntity
[16Oct2025 02:43:44.742] [main/DEBUG] [mixin/]: Mixing LivingEntityMixin from relics.mixins.json into net.minecraft.world.entity.LivingEntity
[16Oct2025 02:43:44.742] [main/DEBUG] [mixin/]: relics.mixins.json:LivingEntityMixin: Class version 61 required is higher than the class version supported by the current version of Mixin (JAVA_8 supports class version 52)
[16Oct2025 02:43:44.755] [main/DEBUG] [mixin/]: Mixing LivingEntityAccessor from bettercombat.mixins.json into net.minecraft.world.entity.LivingEntity
[16Oct2025 02:43:44.756] [main/DEBUG] [mixin/]: Mixing LivingEntityMixin from bettercombat.mixins.json into net.minecraft.world.entity.LivingEntity
[16Oct2025 02:43:44.757] [main/DEBUG] [mixin/]: Renaming synthetic method lambda$getAttributeValue_Inject$0(Lnet/minecraft/world/entity/player/Player;Lnet/minecraft/world/entity/ai/attributes/Attribute;Lorg/spongepowered/asm/mixin/injection/callback/CallbackInfoReturnable;)V to md0e1804$lambda$getAttributeValue_Inject$0$0 in bettercombat.mixins.json:LivingEntityMixin
[16Oct2025 02:43:44.772] [main/DEBUG] [mixin/]: Mixing LivingEntityInvulnerable from combatroll.mixins.json into net.minecraft.world.entity.LivingEntity
[16Oct2025 02:43:44.780] [main/DEBUG] [mixin/]: Mixing MixinLivingEntity from curios.mixins.json into net.minecraft.world.entity.LivingEntity
[16Oct2025 02:43:45.063] [main/DEBUG] [mixin/]: Mixing CompanionsLevelAccessor from companions.forge.mixins.json into net.minecraft.world.level.Level
[16Oct2025 02:43:45.063] [main/DEBUG] [mixin/]: Mixing LevelMixin from citadel.mixins.json into net.minecraft.world.level.Level
[16Oct2025 02:43:45.128] [main/DEBUG] [mixin/]: Mixing ServerLevelMixin from citadel.mixins.json into net.minecraft.server.level.ServerLevel
[16Oct2025 02:43:45.132] [main/DEBUG] [mixin/]: Mixing ServerLevelMixin from moonlight-common.mixins.json into net.minecraft.server.level.ServerLevel
[16Oct2025 02:43:45.274] [main/DEBUG] [mixin/]: Mixing PlayerMixin from companions.forge.mixins.json into net.minecraft.world.entity.player.Player
[16Oct2025 02:43:45.321] [main/DEBUG] [mixin/]: Mixing MixinPlayer from paraglider.mixins.json into net.minecraft.world.entity.player.Player
[16Oct2025 02:43:45.332] [main/DEBUG] [mixin/]: Mixing PlayerEntityAccessor from bettercombat.mixins.json into net.minecraft.world.entity.player.Player
[16Oct2025 02:43:45.332] [main/DEBUG] [mixin/]: Mixing PlayerEntityMixin from bettercombat.mixins.json into net.minecraft.world.entity.player.Player
[16Oct2025 02:43:45.439] [main/DEBUG] [mixin/]: Mixing PlayerEntityAccessor from combatroll.mixins.json into net.minecraft.world.entity.player.Player
[16Oct2025 02:43:45.440] [main/DEBUG] [mixin/]: Mixing PlayerEntityMixin from combatroll.mixins.json into net.minecraft.world.entity.player.Player
[16Oct2025 02:43:45.453] [main/DEBUG] [mixin/]: Mixing PlayerMixin from playerrevive.mixins.json into net.minecraft.world.entity.player.Player
[16Oct2025 02:43:45.874] [main/DEBUG] [mixin/]: Mixing inject.MixinFluid from architectury-common.mixins.json into net.minecraft.world.level.material.Fluid
[16Oct2025 02:43:45.889] [main/DEBUG] [mixin/]: Mixing ItemMixin from relics.mixins.json into net.minecraft.world.item.Item
[16Oct2025 02:43:45.889] [main/DEBUG] [mixin/]: relics.mixins.json:ItemMixin: Class version 61 required is higher than the class version supported by the current version of Mixin (JAVA_8 supports class version 52)
[16Oct2025 02:43:45.901] [main/DEBUG] [mixin/]: Mixing ItemMixin from moonlight-common.mixins.json into net.minecraft.world.item.Item
[16Oct2025 02:43:45.905] [main/DEBUG] [mixin/]: Mixing inject.MixinItem from architectury-common.mixins.json into net.minecraft.world.item.Item
[16Oct2025 02:43:45.986] [main/DEBUG] [net.minecraftforge.coremod.transformer.CoreModBaseTransformer/COREMOD]: Transforming net/minecraft/world/entity/EntityType
[16Oct2025 02:43:46.129] [main/DEBUG] [mixin/]: Mixing inject.MixinEntityType from architectury-common.mixins.json into net.minecraft.world.entity.EntityType
[16Oct2025 02:43:46.158] [main/DEBUG] [mixin/]: Mixing EnchantmentMixin from bettercombat.mixins.json into net.minecraft.world.item.enchantment.Enchantment
[16Oct2025 02:43:46.235] [main/DEBUG] [mixin/]: Mixing PoiMixin from moonlight-common.mixins.json into net.minecraft.world.entity.ai.village.poi.PoiType
[16Oct2025 02:43:46.357] [main/DEBUG] [mixin/]: Mixing FireBlockMixin from moonlight.mixins.json into net.minecraft.world.level.block.FireBlock
[16Oct2025 02:43:46.497] [main/DEBUG] [mixin/]: Mixing ShapesMixin from creativecore.mixins.json into net.minecraft.world.phys.shapes.Shapes
[16Oct2025 02:43:46.706] [main/DEBUG] [mixin/]: Mixing VoxelShapeAccessor from creativecore.mixins.json into net.minecraft.world.phys.shapes.VoxelShape
[16Oct2025 02:43:47.089] [main/DEBUG] [net.minecraftforge.coremod.transformer.CoreModBaseTransformer/COREMOD]: Transforming net/minecraft/world/level/block/LiquidBlock
[16Oct2025 02:43:47.090] [main/DEBUG] [mixin/]: Mixing inject.MixinLiquidBlock from architectury-common.mixins.json into net.minecraft.world.level.block.LiquidBlock
[16Oct2025 02:43:47.122] [main/DEBUG] [mixin/]: Mixing accessor.DispenserBlockAccessor from moonlight-common.mixins.json into net.minecraft.world.level.block.DispenserBlock
[16Oct2025 02:43:47.124] [main/DEBUG] [mixin/]: Renaming @Accessor method getDispenserRegistry()Ljava/util/Map; to getDispenserRegistry_$md$0e1804$0 in moonlight-common.mixins.json:accessor.DispenserBlockAccessor
[16Oct2025 02:43:47.175] [main/DEBUG] [net.minecraftforge.coremod.transformer.CoreModBaseTransformer/COREMOD]: Transforming net/minecraft/world/level/block/StairBlock
[16Oct2025 02:43:47.198] [main/DEBUG] [mixin/]: Mixing CropsMixin from experienced_crops-common.mixins.json into net.minecraft.world.level.block.CropBlock
[16Oct2025 02:43:47.316] [main/DEBUG] [net.minecraftforge.coremod.transformer.CoreModBaseTransformer/COREMOD]: Transforming net/minecraft/world/level/block/FlowerPotBlock
[16Oct2025 02:43:47.375] [main/DEBUG] [mixin/]: Mixing reinforced.BubbleColumnBlockMixin from securitycraft.mixins.json into net.minecraft.world.level.block.BubbleColumnBlock
[16Oct2025 02:43:47.458] [main/DEBUG] [mixin/]: Mixing PowderSnowBlockMixin from relics.mixins.json into net.minecraft.world.level.block.PowderSnowBlock
[16Oct2025 02:43:47.459] [main/DEBUG] [mixin/]: relics.mixins.json:PowderSnowBlockMixin: Class version 61 required is higher than the class version supported by the current version of Mixin (JAVA_8 supports class version 52)
[16Oct2025 02:43:47.460] [main/DEBUG] [mixin/]: Mixing MixinPowderSnowBlock from curios.mixins.json into net.minecraft.world.level.block.PowderSnowBlock
[16Oct2025 02:43:47.705] [main/DEBUG] [mixin/]: Mixing FallingBlockEntityAccessor from companions.mixins.json into net.minecraft.world.entity.item.FallingBlockEntity
[16Oct2025 02:43:47.705] [main/DEBUG] [mixin/]: Renaming @Invoker method _new(Lnet/minecraft/world/entity/EntityType;Lnet/minecraft/world/level/Level;)Lnet/minecraft/world/entity/item/FallingBlockEntity; to _new_$md$0e1804$0 in companions.mixins.json:FallingBlockEntityAccessor
[16Oct2025 02:43:47.705] [main/DEBUG] [mixin/]: Renaming @Invoker method _new(Lnet/minecraft/world/level/Level;DDDLnet/minecraft/world/level/block/state/BlockState;)Lnet/minecraft/world/entity/item/FallingBlockEntity; to _new_$md$0e1804$1 in companions.mixins.json:FallingBlockEntityAccessor
[16Oct2025 02:43:47.705] [main/DEBUG] [mixin/]: Mixing MixinFallingBlockEntity from architectury.mixins.json into net.minecraft.world.entity.item.FallingBlockEntity
[16Oct2025 02:43:47.907] [main/DEBUG] [mixin/]: Mixing accessor.DispenserBlockEntityAccessor from moonlight-common.mixins.json into net.minecraft.world.level.block.entity.DispenserBlockEntity
[16Oct2025 02:43:48.318] [main/DEBUG] [mixin/]: Mixing PistonBlockEntityMixin from moonlight-common.mixins.json into net.minecraft.world.level.block.piston.PistonMovingBlockEntity
[16Oct2025 02:43:48.363] [main/DEBUG] [mixin/]: Mixing EntityAttributesMixin from combatroll.mixins.json into net.minecraft.world.entity.ai.attributes.Attributes
[16Oct2025 02:43:48.823] [main/DEBUG] [mixin/]: Mixing AbstractContainerMenuMixin from relics.mixins.json into net.minecraft.world.inventory.AbstractContainerMenu
[16Oct2025 02:43:48.824] [main/DEBUG] [mixin/]: relics.mixins.json:AbstractContainerMenuMixin: Class version 61 required is higher than the class version supported by the current version of Mixin (JAVA_8 supports class version 52)
[16Oct2025 02:43:48.830] [main/DEBUG] [mixin/]: Mixing AbstractContainerMenuMixin_AzItemIDFix from azurelib.forge.mixins.json into net.minecraft.world.inventory.AbstractContainerMenu
[16Oct2025 02:43:48.968] [main/DEBUG] [mixin/]: Mixing CompanionsProjectileAccessor from companions.forge.mixins.json into net.minecraft.world.entity.projectile.Projectile
[16Oct2025 02:43:49.000] [main/DEBUG] [mixin/]: Mixing MobMixin from companions.forge.mixins.json into net.minecraft.world.entity.Mob
[16Oct2025 02:43:49.001] [main/DEBUG] [mixin/]: Mixing EntityMixin from moonlight-common.mixins.json into net.minecraft.world.entity.Mob
[16Oct2025 02:43:49.171] [main/DEBUG] [net.minecraftforge.coremod.transformer.CoreModBaseTransformer/COREMOD]: Transforming net/minecraft/world/item/ItemStack
[16Oct2025 02:43:49.172] [main/DEBUG] [mixin/]: Mixing ItemStackMixin from relics.mixins.json into net.minecraft.world.item.ItemStack
[16Oct2025 02:43:49.173] [main/DEBUG] [mixin/]: relics.mixins.json:ItemStackMixin: Class version 61 required is higher than the class version supported by the current version of Mixin (JAVA_8 supports class version 52)
[16Oct2025 02:43:49.176] [main/DEBUG] [mixin/]: Mixing ItemStackMixin_AzItemStackIdentityRegistry from azurelib.forge.mixins.json into net.minecraft.world.item.ItemStack
[16Oct2025 02:43:49.180] [main/DEBUG] [mixin/]: Mixing ItemStackMixin from bettercombat.mixins.json into net.minecraft.world.item.ItemStack
[16Oct2025 02:43:49.181] [main/DEBUG] [mixin/]: Mixing MixinItemStack from obscure_tooltips.mixins.json into net.minecraft.world.item.ItemStack
[16Oct2025 02:43:50.383] [main/DEBUG] [mixin/]: Mixing SmithingMenuMixin from citadel.mixins.json into net.minecraft.world.inventory.SmithingMenu
[16Oct2025 02:43:50.646] [main/DEBUG] [mixin/]: Mixing StructureBlockEntityMixin from structure_gel.mixins.json into net.minecraft.world.level.block.entity.StructureBlockEntity
[16Oct2025 02:43:50.659] [main/DEBUG] [mixin/]: Mixing TemplateMixins$StructureBlockEntityMixin from structure_gel.mixins.json into net.minecraft.world.level.block.entity.StructureBlockEntity
[16Oct2025 02:43:51.197] [main/DEBUG] [mixin/]: Mixing LightningEntityMixin from moonlight-common.mixins.json into net.minecraft.world.entity.LightningBolt
[16Oct2025 02:43:51.198] [main/DEBUG] [mixin/]: Mixing MixinLightningBolt from architectury-common.mixins.json into net.minecraft.world.entity.LightningBolt
[16Oct2025 02:43:51.374] [main/DEBUG] [net.minecraftforge.coremod.transformer.CoreModBaseTransformer/COREMOD]: Transforming net/minecraft/world/entity/animal/frog/Tadpole
[16Oct2025 02:43:51.407] [main/DEBUG] [mixin/]: Mixing BlockItemMixin from moonlight-common.mixins.json into net.minecraft.world.item.BlockItem
[16Oct2025 02:43:51.419] [main/DEBUG] [mixin/]: Mixing boat.BoatItemMixin from securitycraft.mixins.json into net.minecraft.world.item.BoatItem
[16Oct2025 02:43:51.432] [main/DEBUG] [mixin/]: Mixing RangedWeaponItemMixin from bettercombat.mixins.json into net.minecraft.world.item.ProjectileWeaponItem
[16Oct2025 02:43:51.440] [main/DEBUG] [mixin/]: Mixing reinforced.SwordAndShearsItemMixin from securitycraft.mixins.json into net.minecraft.world.item.SwordItem
[16Oct2025 02:43:51.455] [main/DEBUG] [net.minecraftforge.coremod.transformer.CoreModBaseTransformer/COREMOD]: Transforming net/minecraft/world/item/BucketItem
[16Oct2025 02:43:51.456] [main/DEBUG] [mixin/]: Mixing inject.MixinBucketItem from architectury-common.mixins.json into net.minecraft.world.item.BucketItem
[16Oct2025 02:43:51.470] [main/DEBUG] [mixin/]: Mixing MapItemMixin from moonlight-common.mixins.json into net.minecraft.world.item.MapItem
[16Oct2025 02:43:51.471] [main/DEBUG] [mixin/]: Renaming synthetic method lambda$update$1(Lnet/minecraft/world/level/saveddata/maps/MapItemSavedData;Lnet/minecraft/world/entity/Entity;Ljava/util/concurrent/atomic/AtomicBoolean;Lnet/minecraft/resources/ResourceLocation;Lnet/mehvahdjukaar/moonlight/api/map/CustomMapData;)V to md0e1804$lambda$update$1$0 in moonlight-common.mixins.json:MapItemMixin
[16Oct2025 02:43:51.471] [main/DEBUG] [mixin/]: Renaming synthetic method lambda$appendHoverText$0(Lnet/minecraft/world/level/saveddata/maps/MapItemSavedData;Lnet/minecraft/world/item/ItemStack;Ljava/util/List;Lnet/minecraft/resources/ResourceLocation;Lnet/mehvahdjukaar/moonlight/api/map/CustomMapData;)V to md0e1804$lambda$appendHoverText$0$1 in moonlight-common.mixins.json:MapItemMixin
[16Oct2025 02:43:51.481] [main/DEBUG] [mixin/]: Mixing ShearItemMixin from moonlight-common.mixins.json into net.minecraft.world.item.ShearsItem
[16Oct2025 02:43:51.483] [main/DEBUG] [mixin/]: Mixing MixinShearsItem from curios.mixins.json into net.minecraft.world.item.ShearsItem
[16Oct2025 02:43:51.483] [main/DEBUG] [mixin/]: Mixing reinforced.SwordAndShearsItemMixin from securitycraft.mixins.json into net.minecraft.world.item.ShearsItem
[16Oct2025 02:43:51.496] [main/DEBUG] [mixin/]: Mixing reinforced.WritableAndWrittenBookItemMixin from securitycraft.mixins.json into net.minecraft.world.item.WritableBookItem
[16Oct2025 02:43:51.508] [main/DEBUG] [mixin/]: Mixing reinforced.WritableAndWrittenBookItemMixin from securitycraft.mixins.json into net.minecraft.world.item.WrittenBookItem
[16Oct2025 02:43:51.533] [main/DEBUG] [mixin/]: Mixing suspiciousmines.BrushItemMixin from securitycraft.mixins.json into net.minecraft.world.item.BrushItem
[16Oct2025 02:43:51.533] [main/DEBUG] [mixin/]: Renaming synthetic method lambda$securitycraft$checkForSuspiciousMine$1(Lnet/minecraft/world/entity/player/Player;)V to md0e1804$lambda$securitycraft$checkForSuspiciousMine$1$0 in securitycraft.mixins.json:suspiciousmines.BrushItemMixin
[16Oct2025 02:43:51.533] [main/DEBUG] [mixin/]: Renaming synthetic method lambda$securitycraft$makeSuspiciousMinesBrushablePartTwo$0(Lnet/minecraft/world/entity/Entity;)Z to md0e1804$lambda$securitycraft$makeSuspiciousMinesBrushablePartTwo$0$1 in securitycraft.mixins.json:suspiciousmines.BrushItemMixin
[16Oct2025 02:43:51.559] [main/DEBUG] [mixin/]: Mixing inject.MixinItemProperties from architectury-common.mixins.json into net.minecraft.world.item.Item$Properties
[16Oct2025 02:43:52.544] [main/DEBUG] [mixin/]: Mixing BeeGoalMixin from moonlight-common.mixins.json into net.minecraft.world.entity.animal.Bee$BeeGrowCropGoal
[16Oct2025 02:43:52.572] [main/DEBUG] [mixin/]: Mixing boat.BoatMixin from securitycraft.mixins.json into net.minecraft.world.entity.vehicle.Boat
[16Oct2025 02:43:52.605] [main/DEBUG] [net.minecraftforge.coremod.transformer.CoreModBaseTransformer/COREMOD]: Transforming net/minecraft/world/entity/monster/Spider
[16Oct2025 02:43:52.664] [main/DEBUG] [mixin/]: Mixing AbstractChestedHorseMixin from relics.mixins.json into net.minecraft.world.entity.animal.horse.AbstractChestedHorse
[16Oct2025 02:43:52.668] [main/DEBUG] [mixin/]: relics.mixins.json:AbstractChestedHorseMixin: Class version 61 required is higher than the class version supported by the current version of Mixin (JAVA_8 supports class version 52)
[16Oct2025 02:43:52.677] [main/DEBUG] [net.minecraftforge.coremod.transformer.CoreModBaseTransformer/COREMOD]: Transforming net/minecraft/world/entity/monster/Zombie
[16Oct2025 02:43:52.781] [main/DEBUG] [net.minecraftforge.coremod.transformer.CoreModBaseTransformer/COREMOD]: Transforming net/minecraft/world/entity/monster/ZombieVillager
[16Oct2025 02:43:53.036] [main/DEBUG] [mixin/]: Mixing EnderManMixin from relics.mixins.json into net.minecraft.world.entity.monster.EnderMan
[16Oct2025 02:43:53.036] [main/DEBUG] [mixin/]: relics.mixins.json:EnderManMixin: Class version 61 required is higher than the class version supported by the current version of Mixin (JAVA_8 supports class version 52)
[16Oct2025 02:43:53.054] [main/DEBUG] [net.minecraftforge.coremod.transformer.CoreModBaseTransformer/COREMOD]: Transforming net/minecraft/world/entity/monster/Evoker$EvokerSummonSpellGoal
[16Oct2025 02:43:53.081] [main/DEBUG] [mixin/]: Mixing FixBlockPlaceContextMixin from moonlight-common.mixins.json into net.minecraft.world.item.context.BlockPlaceContext
[16Oct2025 02:43:53.205] [main/DEBUG] [mixin/]: Mixing ThrownPotionMixin from moonlight-common.mixins.json into net.minecraft.world.entity.projectile.ThrownPotion
[16Oct2025 02:43:53.245] [main/DEBUG] [net.minecraftforge.coremod.transformer.CoreModBaseTransformer/COREMOD]: Transforming net/minecraft/world/entity/animal/horse/SkeletonTrapGoal
[16Oct2025 02:43:53.278] [main/DEBUG] [net.minecraftforge.coremod.transformer.CoreModBaseTransformer/COREMOD]: Transforming net/minecraft/world/entity/monster/Strider
[16Oct2025 02:43:53.383] [main/DEBUG] [mixin/]: Mixing ServerPlayerMixin from moonlight-common.mixins.json into net.minecraft.server.level.ServerPlayer
[16Oct2025 02:43:53.384] [main/DEBUG] [mixin/]: Mixing ServerPlayerMixin from playerrevive.mixins.json into net.minecraft.server.level.ServerPlayer
[16Oct2025 02:43:53.384] [main/DEBUG] [mixin/]: Mixing camera.ServerPlayerMixin from securitycraft.mixins.json into net.minecraft.server.level.ServerPlayer
[16Oct2025 02:43:53.433] [main/DEBUG] [mixin/]: Mixing ChunkAccessMixin$Access from structure_gel.mixins.json into net.minecraft.world.level.chunk.ChunkAccess
[16Oct2025 02:43:53.445] [main/DEBUG] [mixin/]: Mixing LevelChunkMixin from moonlight-common.mixins.json into net.minecraft.world.level.chunk.LevelChunk
[16Oct2025 02:43:53.478] [main/DEBUG] [net.minecraftforge.coremod.transformer.CoreModBaseTransformer/COREMOD]: Transforming net/minecraft/world/entity/npc/Villager
[16Oct2025 02:43:53.650] [main/DEBUG] [mixin/]: Mixing VillagerMixin from moonlight-common.mixins.json into net.minecraft.world.entity.npc.Villager
[16Oct2025 02:43:53.719] [main/DEBUG] [mixin/]: Mixing inject.MixinFoodPropertiesBuilder from architectury-common.mixins.json into net.minecraft.world.food.FoodProperties$Builder
[16Oct2025 02:43:53.724] [main/DEBUG] [net.minecraftforge.coremod.transformer.CoreModBaseTransformer/COREMOD]: Transforming net/minecraft/world/effect/MobEffectInstance
[16Oct2025 02:43:53.766] [main/DEBUG] [mixin/]: Mixing ServerPlayNetworkHandlerMixin from bettercombat.mixins.json into net.minecraft.server.network.ServerGamePacketListenerImpl
[16Oct2025 02:43:53.767] [main/DEBUG] [mixin/]: Mixing passcode.ServerGamePacketListenerImplMixin from securitycraft.mixins.json into net.minecraft.server.network.ServerGamePacketListenerImpl
[16Oct2025 02:43:53.854] [main/DEBUG] [mixin/]: Mixing SweepingEnchantmentMixin from bettercombat.mixins.json into net.minecraft.world.item.enchantment.SweepingEdgeEnchantment
[16Oct2025 02:43:53.884] [main/DEBUG] [mixin/]: Mixing potion.BrewingStandMenuMixin from securitycraft.mixins.json into net.minecraft.world.inventory.BrewingStandMenu
[16Oct2025 02:43:53.918] [main/DEBUG] [mixin/]: Mixing StructureTemplateManagerMixin from structure_gel.mixins.json into net.minecraft.world.level.levelgen.structure.templatesystem.StructureTemplateManager
[16Oct2025 02:43:53.928] [main/DEBUG] [mixin/]: Mixing ChunkGeneratorMixin from citadel.mixins.json into net.minecraft.world.level.chunk.ChunkGenerator
[16Oct2025 02:43:53.930] [main/DEBUG] [net.minecraftforge.coremod.transformer.CoreModBaseTransformer/COREMOD]: Transforming net/minecraft/world/level/biome/Biome
[16Oct2025 02:43:53.939] [main/DEBUG] [mixin/]: Mixing ChunkGeneratorMixin from structure_gel.mixins.json into net.minecraft.world.level.chunk.ChunkGenerator
[16Oct2025 02:43:53.939] [main/DEBUG] [mixin/]: Renaming synthetic method lambda$stopIfNotInDimension$0(Lnet/minecraft/resources/ResourceKey;Ljava/util/Optional;)Z to md0e1804$lambda$stopIfNotInDimension$0$0 in structure_gel.mixins.json:ChunkGeneratorMixin
[16Oct2025 02:43:53.992] [main/DEBUG] [mixin/]: Mixing MixinInventory from curios.mixins.json into net.minecraft.world.entity.player.Inventory
[16Oct2025 02:43:53.993] [main/DEBUG] [mixin/]: Mixing InventoryMixin from moonlight-common.mixins.json into net.minecraft.world.entity.player.Inventory
[16Oct2025 02:43:54.016] [main/DEBUG] [mixin/]: Mixing GrindstoneMenuSlotMixin from moonlight-common.mixins.json into net.minecraft.world.inventory.GrindstoneMenu$4
[16Oct2025 02:43:54.033] [main/DEBUG] [mixin/]: Mixing MapExtendingRecipeMixin from moonlight-common.mixins.json into net.minecraft.world.item.crafting.MapExtendingRecipe
[16Oct2025 02:43:54.160] [main/DEBUG] [mixin/]: Mixing MixinApplyBonusCount from curios.mixins.json into net.minecraft.world.level.storage.loot.functions.ApplyBonusCount
[16Oct2025 02:43:54.305] [main/DEBUG] [mixin/]: Mixing gen.NoLakesInStructuresMixin from iceandfire.mixins.json into net.minecraft.world.level.levelgen.feature.LakeFeature
[16Oct2025 02:43:54.314] [main/DEBUG] [mixin/]: Mixing LakeFeatureMixin from structure_gel.mixins.json into net.minecraft.world.level.levelgen.feature.LakeFeature
[16Oct2025 02:43:54.467] [main/DEBUG] [net.minecraftforge.coremod.transformer.CoreModBaseTransformer/COREMOD]: Transforming net/minecraft/world/level/levelgen/structure/Structure
[16Oct2025 02:43:54.468] [main/DEBUG] [mixin/]: Mixing StructureMixin from structure_gel.mixins.json into net.minecraft.world.level.levelgen.structure.Structure
[16Oct2025 02:43:54.528] [main/DEBUG] [net.minecraftforge.coremod.transformer.CoreModBaseTransformer/COREMOD]: Transforming net/minecraft/world/level/levelgen/structure/structures/OceanRuinPieces$OceanRuinPiece
[16Oct2025 02:43:54.552] [main/DEBUG] [mixin/]: Mixing TemplateStructurePieceMixin from structure_gel.mixins.json into net.minecraft.world.level.levelgen.structure.TemplateStructurePiece
[16Oct2025 02:43:54.568] [main/DEBUG] [net.minecraftforge.coremod.transformer.CoreModBaseTransformer/COREMOD]: Transforming net/minecraft/world/level/levelgen/structure/structures/SwampHutPiece
[16Oct2025 02:43:54.603] [main/DEBUG] [net.minecraftforge.coremod.transformer.CoreModBaseTransformer/COREMOD]: Transforming net/minecraft/world/level/levelgen/structure/structures/OceanMonumentPieces$OceanMonumentPiece
[16Oct2025 02:43:54.644] [main/DEBUG] [net.minecraftforge.coremod.transformer.CoreModBaseTransformer/COREMOD]: Transforming net/minecraft/world/level/levelgen/structure/structures/WoodlandMansionPieces$WoodlandMansionPiece
[16Oct2025 02:43:54.675] [main/DEBUG] [mixin/]: Mixing PoolElementStructurePieceMixin from structure_gel.mixins.json into net.minecraft.world.level.levelgen.structure.PoolElementStructurePiece
[16Oct2025 02:43:54.781] [main/DEBUG] [net.minecraftforge.coremod.transformer.CoreModBaseTransformer/COREMOD]: Transforming net/minecraft/world/level/biome/Biome
[16Oct2025 02:43:54.843] [main/DEBUG] [mixin/]: Mixing NoiseGeneratorSettingsMixin from citadel.mixins.json into net.minecraft.world.level.levelgen.NoiseGeneratorSettings
[16Oct2025 02:43:54.946] [main/DEBUG] [mixin/]: Mixing SinglePoolElementMixin from structure_gel.mixins.json into net.minecraft.world.level.levelgen.structure.pools.SinglePoolElement
[16Oct2025 02:43:55.133] [main/DEBUG] [net.minecraftforge.common.ForgeI18n/CORE]: Loading I18N data entries: 6430
[16Oct2025 02:43:55.153] [main/DEBUG] [net.minecraftforge.fml.ModWorkManager/LOADING]: Using 2 threads for parallel mod-loading
[16Oct2025 02:43:55.159] [main/DEBUG] [net.minecraftforge.fml.javafmlmod.FMLJavaModLanguageProvider/LOADING]: Loading FMLModContainer from classloader cpw.mods.modlauncher.TransformingClassLoader@2ffb3aec - got cpw.mods.cl.ModuleClassLoader@6a4d7f76
[16Oct2025 02:43:55.160] [main/DEBUG] [net.minecraftforge.fml.javafmlmod.FMLModContainer/LOADING]: Creating FMLModContainer instance for net.mcreator.luminousbeasts.LuminousBeastsMod
[16Oct2025 02:43:55.165] [main/DEBUG] [net.minecraftforge.fml.javafmlmod.FMLJavaModLanguageProvider/LOADING]: Loading FMLModContainer from classloader cpw.mods.modlauncher.TransformingClassLoader@2ffb3aec - got cpw.mods.cl.ModuleClassLoader@6a4d7f76
[16Oct2025 02:43:55.165] [main/DEBUG] [net.minecraftforge.fml.javafmlmod.FMLModContainer/LOADING]: Creating FMLModContainer instance for software.bernie.example.GeckoLibMod
[16Oct2025 02:43:55.165] [main/DEBUG] [net.minecraftforge.fml.javafmlmod.FMLJavaModLanguageProvider/LOADING]: Loading FMLModContainer from classloader cpw.mods.modlauncher.TransformingClassLoader@2ffb3aec - got cpw.mods.cl.ModuleClassLoader@6a4d7f76
[16Oct2025 02:43:55.165] [main/DEBUG] [net.minecraftforge.fml.javafmlmod.FMLModContainer/LOADING]: Creating FMLModContainer instance for dev.kosmx.playerAnim.forge.ForgeModInterface
[16Oct2025 02:43:55.166] [main/DEBUG] [net.minecraftforge.fml.javafmlmod.FMLJavaModLanguageProvider/LOADING]: Loading FMLModContainer from classloader cpw.mods.modlauncher.TransformingClassLoader@2ffb3aec - got cpw.mods.cl.ModuleClassLoader@6a4d7f76
[16Oct2025 02:43:55.166] [main/DEBUG] [net.minecraftforge.fml.javafmlmod.FMLModContainer/LOADING]: Creating FMLModContainer instance for net.ancore.AncoreMod
[16Oct2025 02:43:55.166] [main/DEBUG] [net.minecraftforge.fml.javafmlmod.FMLJavaModLanguageProvider/LOADING]: Loading FMLModContainer from classloader cpw.mods.modlauncher.TransformingClassLoader@2ffb3aec - got cpw.mods.cl.ModuleClassLoader@6a4d7f76
[16Oct2025 02:43:55.167] [main/DEBUG] [net.minecraftforge.fml.javafmlmod.FMLModContainer/LOADING]: Creating FMLModContainer instance for mezz.jei.forge.JustEnoughItems
[16Oct2025 02:43:55.167] [main/DEBUG] [net.minecraftforge.fml.javafmlmod.FMLJavaModLanguageProvider/LOADING]: Loading FMLModContainer from classloader cpw.mods.modlauncher.TransformingClassLoader@2ffb3aec - got cpw.mods.cl.ModuleClassLoader@6a4d7f76
[16Oct2025 02:43:55.167] [main/DEBUG] [net.minecraftforge.fml.javafmlmod.FMLModContainer/LOADING]: Creating FMLModContainer instance for com.jtorleonstudios.libraryferret.LibraryFerret
[16Oct2025 02:43:55.168] [main/DEBUG] [net.minecraftforge.fml.javafmlmod.FMLJavaModLanguageProvider/LOADING]: Loading FMLModContainer from classloader cpw.mods.modlauncher.TransformingClassLoader@2ffb3aec - got cpw.mods.cl.ModuleClassLoader@6a4d7f76
[16Oct2025 02:43:55.168] [main/DEBUG] [net.minecraftforge.fml.javafmlmod.FMLModContainer/LOADING]: Creating FMLModContainer instance for net.mcreator.gnumus.GnumusMod
[16Oct2025 02:43:55.169] [main/DEBUG] [net.minecraftforge.fml.javafmlmod.FMLJavaModLanguageProvider/LOADING]: Loading FMLModContainer from classloader cpw.mods.modlauncher.TransformingClassLoader@2ffb3aec - got cpw.mods.cl.ModuleClassLoader@6a4d7f76
[16Oct2025 02:43:55.169] [main/DEBUG] [net.minecraftforge.fml.javafmlmod.FMLModContainer/LOADING]: Creating FMLModContainer instance for dev.xylonity.companions.Companions
[16Oct2025 02:43:55.169] [main/DEBUG] [net.minecraftforge.fml.javafmlmod.FMLJavaModLanguageProvider/LOADING]: Loading FMLModContainer from classloader cpw.mods.modlauncher.TransformingClassLoader@2ffb3aec - got cpw.mods.cl.ModuleClassLoader@6a4d7f76
[16Oct2025 02:43:55.169] [main/DEBUG] [net.minecraftforge.fml.javafmlmod.FMLModContainer/LOADING]: Creating FMLModContainer instance for dev.obscuria.fragmentum.forge.ForgeFragmentum
[16Oct2025 02:43:55.170] [main/DEBUG] [net.minecraftforge.fml.javafmlmod.FMLJavaModLanguageProvider/LOADING]: Loading FMLModContainer from classloader cpw.mods.modlauncher.TransformingClassLoader@2ffb3aec - got cpw.mods.cl.ModuleClassLoader@6a4d7f76
[16Oct2025 02:43:55.170] [main/DEBUG] [net.minecraftforge.fml.javafmlmod.FMLModContainer/LOADING]: Creating FMLModContainer instance for journeymap.common.Journeymap
[16Oct2025 02:43:55.171] [main/DEBUG] [net.minecraftforge.fml.javafmlmod.FMLJavaModLanguageProvider/LOADING]: Loading FMLModContainer from classloader cpw.mods.modlauncher.TransformingClassLoader@2ffb3aec - got cpw.mods.cl.ModuleClassLoader@6a4d7f76
[16Oct2025 02:43:55.171] [main/DEBUG] [net.minecraftforge.fml.javafmlmod.FMLModContainer/LOADING]: Creating FMLModContainer instance for com.github.alexthe666.citadel.Citadel
[16Oct2025 02:43:55.172] [main/DEBUG] [net.minecraftforge.fml.javafmlmod.FMLJavaModLanguageProvider/LOADING]: Loading FMLModContainer from classloader cpw.mods.modlauncher.TransformingClassLoader@2ffb3aec - got cpw.mods.cl.ModuleClassLoader@6a4d7f76
[16Oct2025 02:43:55.172] [main/DEBUG] [net.minecraftforge.fml.javafmlmod.FMLModContainer/LOADING]: Creating FMLModContainer instance for com.focamacho.myserveriscompatible.MyServerIsCompatible
[16Oct2025 02:43:55.172] [main/DEBUG] [net.minecraftforge.fml.javafmlmod.FMLJavaModLanguageProvider/LOADING]: Loading FMLModContainer from classloader cpw.mods.modlauncher.TransformingClassLoader@2ffb3aec - got cpw.mods.cl.ModuleClassLoader@6a4d7f76
[16Oct2025 02:43:55.172] [main/DEBUG] [net.minecraftforge.fml.javafmlmod.FMLModContainer/LOADING]: Creating FMLModContainer instance for dev.xylonity.knightlib.KnightLib
[16Oct2025 02:43:55.173] [main/DEBUG] [net.minecraftforge.fml.javafmlmod.FMLJavaModLanguageProvider/LOADING]: Loading FMLModContainer from classloader cpw.mods.modlauncher.TransformingClassLoader@2ffb3aec - got cpw.mods.cl.ModuleClassLoader@6a4d7f76
[16Oct2025 02:43:55.173] [main/DEBUG] [net.minecraftforge.fml.javafmlmod.FMLModContainer/LOADING]: Creating FMLModContainer instance for it.hurts.sskirillss.relics.Relics
[16Oct2025 02:43:55.173] [main/DEBUG] [net.minecraftforge.fml.javafmlmod.FMLJavaModLanguageProvider/LOADING]: Loading FMLModContainer from classloader cpw.mods.modlauncher.TransformingClassLoader@2ffb3aec - got cpw.mods.cl.ModuleClassLoader@6a4d7f76
[16Oct2025 02:43:55.173] [main/DEBUG] [net.minecraftforge.fml.javafmlmod.FMLModContainer/LOADING]: Creating FMLModContainer instance for com.github.alexthe666.iceandfire.IceAndFire
[16Oct2025 02:43:55.174] [main/DEBUG] [net.minecraftforge.fml.javafmlmod.FMLJavaModLanguageProvider/LOADING]: Loading FMLModContainer from classloader cpw.mods.modlauncher.TransformingClassLoader@2ffb3aec - got cpw.mods.cl.ModuleClassLoader@6a4d7f76
[16Oct2025 02:43:55.175] [main/DEBUG] [net.minecraftforge.fml.javafmlmod.FMLModContainer/LOADING]: Creating FMLModContainer instance for mod.azure.azurelib.NeoForgeAzureLibMod
[16Oct2025 02:43:55.175] [main/DEBUG] [net.minecraftforge.fml.javafmlmod.FMLJavaModLanguageProvider/LOADING]: Loading FMLModContainer from classloader cpw.mods.modlauncher.TransformingClassLoader@2ffb3aec - got cpw.mods.cl.ModuleClassLoader@6a4d7f76
[16Oct2025 02:43:55.175] [main/DEBUG] [net.minecraftforge.fml.javafmlmod.FMLModContainer/LOADING]: Creating FMLModContainer instance for tictim.paraglider.forge.ForgeParagliderMod
[16Oct2025 02:43:55.176] [main/DEBUG] [net.minecraftforge.fml.javafmlmod.FMLJavaModLanguageProvider/LOADING]: Loading FMLModContainer from classloader cpw.mods.modlauncher.TransformingClassLoader@2ffb3aec - got cpw.mods.cl.ModuleClassLoader@6a4d7f76
[16Oct2025 02:43:55.176] [main/DEBUG] [net.minecraftforge.fml.javafmlmod.FMLModContainer/LOADING]: Creating FMLModContainer instance for me.shedaniel.clothconfig.ClothConfigForge
[16Oct2025 02:43:55.177] [main/DEBUG] [net.minecraftforge.fml.javafmlmod.FMLJavaModLanguageProvider/LOADING]: Loading FMLModContainer from classloader cpw.mods.modlauncher.TransformingClassLoader@2ffb3aec - got cpw.mods.cl.ModuleClassLoader@6a4d7f76
[16Oct2025 02:43:55.177] [main/DEBUG] [net.minecraftforge.fml.javafmlmod.FMLModContainer/LOADING]: Creating FMLModContainer instance for net.minecraftforge.common.ForgeMod
[16Oct2025 02:43:55.181] [main/DEBUG] [net.minecraftforge.fml.javafmlmod.FMLJavaModLanguageProvider/LOADING]: Loading FMLModContainer from classloader cpw.mods.modlauncher.TransformingClassLoader@2ffb3aec - got cpw.mods.cl.ModuleClassLoader@6a4d7f76
[16Oct2025 02:43:55.181] [main/DEBUG] [net.minecraftforge.fml.javafmlmod.FMLModContainer/LOADING]: Creating FMLModContainer instance for com.legacy.structure_gel.core.StructureGelMod
[16Oct2025 02:43:55.182] [main/DEBUG] [net.minecraftforge.fml.javafmlmod.FMLJavaModLanguageProvider/LOADING]: Loading FMLModContainer from classloader cpw.mods.modlauncher.TransformingClassLoader@2ffb3aec - got cpw.mods.cl.ModuleClassLoader@6a4d7f76
[16Oct2025 02:43:55.182] [main/DEBUG] [net.minecraftforge.fml.javafmlmod.FMLModContainer/LOADING]: Creating FMLModContainer instance for net.msp.ancientscribes.AncientScribesMod
[16Oct2025 02:43:55.183] [main/DEBUG] [net.minecraftforge.fml.javafmlmod.FMLJavaModLanguageProvider/LOADING]: Loading FMLModContainer from classloader cpw.mods.modlauncher.TransformingClassLoader@2ffb3aec - got cpw.mods.cl.ModuleClassLoader@6a4d7f76
[16Oct2025 02:43:55.183] [main/DEBUG] [net.minecraftforge.fml.javafmlmod.FMLModContainer/LOADING]: Creating FMLModContainer instance for net.mcreator.lowlandsclothing.LowlandsClothingMod
[16Oct2025 02:43:55.183] [main/DEBUG] [net.minecraftforge.fml.javafmlmod.FMLJavaModLanguageProvider/LOADING]: Loading FMLModContainer from classloader cpw.mods.modlauncher.TransformingClassLoader@2ffb3aec - got cpw.mods.cl.ModuleClassLoader@6a4d7f76
[16Oct2025 02:43:55.184] [main/DEBUG] [net.minecraftforge.fml.javafmlmod.FMLModContainer/LOADING]: Creating FMLModContainer instance for net.mcreator.morecritters.MoreCrittersMod
[16Oct2025 02:43:55.184] [main/DEBUG] [net.minecraftforge.fml.javafmlmod.FMLJavaModLanguageProvider/LOADING]: Loading FMLModContainer from classloader cpw.mods.modlauncher.TransformingClassLoader@2ffb3aec - got cpw.mods.cl.ModuleClassLoader@6a4d7f76
[16Oct2025 02:43:55.184] [main/DEBUG] [net.minecraftforge.fml.javafmlmod.FMLModContainer/LOADING]: Creating FMLModContainer instance for net.alp.monsterexpansion.MonsterExpansion
[16Oct2025 02:43:55.185] [main/DEBUG] [net.minecraftforge.fml.javafmlmod.FMLJavaModLanguageProvider/LOADING]: Loading FMLModContainer from classloader cpw.mods.modlauncher.TransformingClassLoader@2ffb3aec - got cpw.mods.cl.ModuleClassLoader@6a4d7f76
[16Oct2025 02:43:55.185] [main/DEBUG] [net.minecraftforge.fml.javafmlmod.FMLModContainer/LOADING]: Creating FMLModContainer instance for net.mehvahdjukaar.moonlight.forge.MoonlightForge
[16Oct2025 02:43:55.186] [main/DEBUG] [net.minecraftforge.fml.javafmlmod.FMLJavaModLanguageProvider/LOADING]: Loading FMLModContainer from classloader cpw.mods.modlauncher.TransformingClassLoader@2ffb3aec - got cpw.mods.cl.ModuleClassLoader@6a4d7f76
[16Oct2025 02:43:55.186] [main/DEBUG] [net.minecraftforge.fml.javafmlmod.FMLModContainer/LOADING]: Creating FMLModContainer instance for net.unusual.blockfactorysbosses.BlockFactorysBossesMod
[16Oct2025 02:43:55.186] [main/DEBUG] [net.minecraftforge.fml.javafmlmod.FMLJavaModLanguageProvider/LOADING]: Loading FMLModContainer from classloader cpw.mods.modlauncher.TransformingClassLoader@2ffb3aec - got cpw.mods.cl.ModuleClassLoader@6a4d7f76
[16Oct2025 02:43:55.186] [main/DEBUG] [net.minecraftforge.fml.javafmlmod.FMLModContainer/LOADING]: Creating FMLModContainer instance for net.bettercombat.forge.BetterCombatForge
[16Oct2025 02:43:55.187] [main/DEBUG] [net.minecraftforge.fml.javafmlmod.FMLJavaModLanguageProvider/LOADING]: Loading FMLModContainer from classloader cpw.mods.modlauncher.TransformingClassLoader@2ffb3aec - got cpw.mods.cl.ModuleClassLoader@6a4d7f76
[16Oct2025 02:43:55.187] [main/DEBUG] [net.minecraftforge.fml.javafmlmod.FMLModContainer/LOADING]: Creating FMLModContainer instance for net.combatroll.forge.ForgeMod
[16Oct2025 02:43:55.188] [main/DEBUG] [net.minecraftforge.fml.javafmlmod.FMLJavaModLanguageProvider/LOADING]: Loading FMLModContainer from classloader cpw.mods.modlauncher.TransformingClassLoader@2ffb3aec - got cpw.mods.cl.ModuleClassLoader@6a4d7f76
[16Oct2025 02:43:55.188] [main/DEBUG] [net.minecraftforge.fml.javafmlmod.FMLModContainer/LOADING]: Creating FMLModContainer instance for dev.obscuria.tooltips.forge.ForgeObscureTooltips
[16Oct2025 02:43:55.188] [main/DEBUG] [net.minecraftforge.fml.javafmlmod.FMLJavaModLanguageProvider/LOADING]: Loading FMLModContainer from classloader cpw.mods.modlauncher.TransformingClassLoader@2ffb3aec - got cpw.mods.cl.ModuleClassLoader@6a4d7f76
[16Oct2025 02:43:55.188] [main/DEBUG] [net.minecraftforge.fml.javafmlmod.FMLModContainer/LOADING]: Creating FMLModContainer instance for net.rpgbackpacks.RpgBackpacksMod
[16Oct2025 02:43:55.189] [main/DEBUG] [net.minecraftforge.fml.javafmlmod.FMLJavaModLanguageProvider/LOADING]: Loading FMLModContainer from classloader cpw.mods.modlauncher.TransformingClassLoader@2ffb3aec - got cpw.mods.cl.ModuleClassLoader@6a4d7f76
[16Oct2025 02:43:55.189] [main/DEBUG] [net.minecraftforge.fml.javafmlmod.FMLModContainer/LOADING]: Creating FMLModContainer instance for team.creative.creativecore.CreativeCore
[16Oct2025 02:43:55.190] [main/DEBUG] [net.minecraftforge.fml.javafmlmod.FMLJavaModLanguageProvider/LOADING]: Loading FMLModContainer from classloader cpw.mods.modlauncher.TransformingClassLoader@2ffb3aec - got cpw.mods.cl.ModuleClassLoader@6a4d7f76
[16Oct2025 02:43:55.190] [main/DEBUG] [net.minecraftforge.fml.javafmlmod.FMLModContainer/LOADING]: Creating FMLModContainer instance for net.mcreator.borninchaosv.BornInChaosV1Mod
[16Oct2025 02:43:55.190] [main/DEBUG] [net.minecraftforge.fml.javafmlmod.FMLJavaModLanguageProvider/LOADING]: Loading FMLModContainer from classloader cpw.mods.modlauncher.TransformingClassLoader@2ffb3aec - got cpw.mods.cl.ModuleClassLoader@6a4d7f76
[16Oct2025 02:43:55.190] [main/DEBUG] [net.minecraftforge.fml.javafmlmod.FMLModContainer/LOADING]: Creating FMLModContainer instance for net.mcreator.fazroleplayplus.FazRoleplayPlusMod
[16Oct2025 02:43:55.191] [main/DEBUG] [net.minecraftforge.fml.javafmlmod.FMLJavaModLanguageProvider/LOADING]: Loading FMLModContainer from classloader cpw.mods.modlauncher.TransformingClassLoader@2ffb3aec - got cpw.mods.cl.ModuleClassLoader@6a4d7f76
[16Oct2025 02:43:55.191] [main/DEBUG] [net.minecraftforge.fml.javafmlmod.FMLModContainer/LOADING]: Creating FMLModContainer instance for com.barion.dungeons_enhanced.DungeonsEnhanced
[16Oct2025 02:43:55.192] [main/DEBUG] [net.minecraftforge.fml.javafmlmod.FMLJavaModLanguageProvider/LOADING]: Loading FMLModContainer from classloader cpw.mods.modlauncher.TransformingClassLoader@2ffb3aec - got cpw.mods.cl.ModuleClassLoader@6a4d7f76
[16Oct2025 02:43:55.192] [main/DEBUG] [net.minecraftforge.fml.javafmlmod.FMLModContainer/LOADING]: Creating FMLModContainer instance for top.theillusivec4.curios.Curios
[16Oct2025 02:43:55.192] [main/DEBUG] [net.minecraftforge.fml.javafmlmod.FMLJavaModLanguageProvider/LOADING]: Loading FMLModContainer from classloader cpw.mods.modlauncher.TransformingClassLoader@2ffb3aec - got cpw.mods.cl.ModuleClassLoader@6a4d7f76
[16Oct2025 02:43:55.193] [main/DEBUG] [net.minecraftforge.fml.javafmlmod.FMLModContainer/LOADING]: Creating FMLModContainer instance for net.geforcemods.securitycraft.SecurityCraft
[16Oct2025 02:43:55.194] [main/DEBUG] [net.minecraftforge.fml.javafmlmod.FMLJavaModLanguageProvider/LOADING]: Loading FMLModContainer from classloader cpw.mods.modlauncher.TransformingClassLoader@2ffb3aec - got cpw.mods.cl.ModuleClassLoader@6a4d7f76
[16Oct2025 02:43:55.194] [main/DEBUG] [net.minecraftforge.fml.javafmlmod.FMLModContainer/LOADING]: Creating FMLModContainer instance for sfiomn.legendarycreatures.LegendaryCreatures
[16Oct2025 02:43:55.195] [main/DEBUG] [net.minecraftforge.fml.javafmlmod.FMLJavaModLanguageProvider/LOADING]: Loading FMLModContainer from classloader cpw.mods.modlauncher.TransformingClassLoader@2ffb3aec - got cpw.mods.cl.ModuleClassLoader@6a4d7f76
[16Oct2025 02:43:55.195] [main/DEBUG] [net.minecraftforge.fml.javafmlmod.FMLModContainer/LOADING]: Creating FMLModContainer instance for dev.architectury.forge.ArchitecturyForge
[16Oct2025 02:43:55.195] [main/DEBUG] [net.minecraftforge.fml.javafmlmod.FMLJavaModLanguageProvider/LOADING]: Loading FMLModContainer from classloader cpw.mods.modlauncher.TransformingClassLoader@2ffb3aec - got cpw.mods.cl.ModuleClassLoader@6a4d7f76
[16Oct2025 02:43:55.195] [main/DEBUG] [net.minecraftforge.fml.javafmlmod.FMLModContainer/LOADING]: Creating FMLModContainer instance for it.hurts.octostudios.octolib.forge.OctoLibForge
[16Oct2025 02:43:55.196] [main/DEBUG] [net.minecraftforge.fml.javafmlmod.FMLJavaModLanguageProvider/LOADING]: Loading FMLModContainer from classloader cpw.mods.modlauncher.TransformingClassLoader@2ffb3aec - got cpw.mods.cl.ModuleClassLoader@6a4d7f76
[16Oct2025 02:43:55.196] [main/DEBUG] [net.minecraftforge.fml.javafmlmod.FMLModContainer/LOADING]: Creating FMLModContainer instance for com.teammetallurgy.aquaculture.Aquaculture
[16Oct2025 02:43:55.196] [main/DEBUG] [net.minecraftforge.fml.javafmlmod.FMLJavaModLanguageProvider/LOADING]: Loading FMLModContainer from classloader cpw.mods.modlauncher.TransformingClassLoader@2ffb3aec - got cpw.mods.cl.ModuleClassLoader@6a4d7f76
[16Oct2025 02:43:55.196] [main/DEBUG] [net.minecraftforge.fml.javafmlmod.FMLModContainer/LOADING]: Creating FMLModContainer instance for goblinstyranny.GoblinsTyrannyMod
[16Oct2025 02:43:55.197] [main/DEBUG] [net.minecraftforge.fml.javafmlmod.FMLJavaModLanguageProvider/LOADING]: Loading FMLModContainer from classloader cpw.mods.modlauncher.TransformingClassLoader@2ffb3aec - got cpw.mods.cl.ModuleClassLoader@6a4d7f76
[16Oct2025 02:43:55.197] [main/DEBUG] [net.minecraftforge.fml.javafmlmod.FMLModContainer/LOADING]: Creating FMLModContainer instance for net.mcreator.realmrpgquests.RealmrpgQuestsMod
[16Oct2025 02:43:55.198] [main/DEBUG] [net.minecraftforge.fml.javafmlmod.FMLJavaModLanguageProvider/LOADING]: Loading FMLModContainer from classloader cpw.mods.modlauncher.TransformingClassLoader@2ffb3aec - got cpw.mods.cl.ModuleClassLoader@6a4d7f76
[16Oct2025 02:43:55.198] [main/DEBUG] [net.minecraftforge.fml.javafmlmod.FMLModContainer/LOADING]: Creating FMLModContainer instance for team.creative.playerrevive.PlayerRevive
[16Oct2025 02:43:55.199] [main/DEBUG] [net.minecraftforge.fml.javafmlmod.FMLJavaModLanguageProvider/LOADING]: Loading FMLModContainer from classloader cpw.mods.modlauncher.TransformingClassLoader@2ffb3aec - got cpw.mods.cl.ModuleClassLoader@6a4d7f76
[16Oct2025 02:43:55.199] [main/DEBUG] [net.minecraftforge.fml.javafmlmod.FMLModContainer/LOADING]: Creating FMLModContainer instance for com.ordana.experienced_crops.forge.ExperiencedCropsForge
[16Oct2025 02:43:55.309] [modloading-worker-0/DEBUG] [net.minecraftforge.fml.javafmlmod.AutomaticEventSubscriber/LOADING]: Attempting to inject @EventBusSubscriber classes into the eventbus for geckolib
[16Oct2025 02:43:55.319] [modloading-worker-0/DEBUG] [net.minecraftforge.fml.javafmlmod.AutomaticEventSubscriber/LOADING]: Auto-subscribing software.bernie.example.GeckoLibMod to FORGE
[16Oct2025 02:43:55.320] [modloading-worker-0/DEBUG] [net.minecraftforge.fml.javafmlmod.AutomaticEventSubscriber/LOADING]: Auto-subscribing software.bernie.example.CommonListener to MOD
[16Oct2025 02:43:55.328] [modloading-worker-0/DEBUG] [net.minecraftforge.fml.javafmlmod.AutomaticEventSubscriber/LOADING]: Attempting to inject @EventBusSubscriber classes into the eventbus for playeranimator
[16Oct2025 02:43:55.332] [modloading-worker-0/DEBUG] [net.minecraftforge.fml.javafmlmod.AutomaticEventSubscriber/LOADING]: Attempting to inject @EventBusSubscriber classes into the eventbus for ancore
[16Oct2025 02:43:55.372] [modloading-worker-0/DEBUG] [net.minecraftforge.fml.config.ConfigTracker/CONFIG]: Config file jei-server.toml for jei tracking
[16Oct2025 02:43:55.377] [modloading-worker-0/DEBUG] [net.minecraftforge.fml.javafmlmod.AutomaticEventSubscriber/LOADING]: Attempting to inject @EventBusSubscriber classes into the eventbus for jei
[16Oct2025 02:43:55.398] [modloading-worker-0/INFO] [com.jtorleonstudios.libraryferret.LibraryFerret/]: Initialize mod Library Ferret
[16Oct2025 02:43:55.428] [modloading-worker-0/INFO] [com.jtorleonstudios.libraryferret.LibraryFerret/]: Initialized mod Library Ferret
[16Oct2025 02:43:55.429] [modloading-worker-0/DEBUG] [net.minecraftforge.fml.javafmlmod.AutomaticEventSubscriber/LOADING]: Attempting to inject @EventBusSubscriber classes into the eventbus for libraryferret
[16Oct2025 02:43:55.429] [modloading-worker-0/DEBUG] [net.minecraftforge.fml.javafmlmod.AutomaticEventSubscriber/LOADING]: Auto-subscribing com.jtorleonstudios.libraryferret.CommonEvent to FORGE
[16Oct2025 02:43:55.594] [modloading-worker-0/DEBUG] [net.minecraftforge.fml.javafmlmod.AutomaticEventSubscriber/LOADING]: Attempting to inject @EventBusSubscriber classes into the eventbus for gnumus
[16Oct2025 02:43:55.595] [modloading-worker-0/DEBUG] [net.minecraftforge.fml.javafmlmod.AutomaticEventSubscriber/LOADING]: Auto-subscribing net.mcreator.gnumus.world.features.StructureFeature to FORGE
[16Oct2025 02:43:55.595] [modloading-worker-0/DEBUG] [net.minecraftforge.fml.javafmlmod.AutomaticEventSubscriber/LOADING]: Auto-subscribing net.mcreator.gnumus.procedures.OverripeCarrotDropProcedure to FORGE
[16Oct2025 02:43:55.597] [modloading-worker-0/DEBUG] [net.minecraftforge.fml.javafmlmod.AutomaticEventSubscriber/LOADING]: Auto-subscribing net.mcreator.gnumus.procedures.KillGnumusProcedure to FORGE
[16Oct2025 02:43:55.604] [modloading-worker-0/DEBUG] [net.minecraftforge.fml.javafmlmod.AutomaticEventSubscriber/LOADING]: Auto-subscribing net.mcreator.gnumus.procedures.KillBigSnoutProcedure to FORGE
[16Oct2025 02:43:55.605] [modloading-worker-0/DEBUG] [net.minecraftforge.fml.javafmlmod.AutomaticEventSubscriber/LOADING]: Auto-subscribing net.mcreator.gnumus.procedures.BitternessProProcedure to FORGE
[16Oct2025 02:43:55.613] [modloading-worker-0/DEBUG] [net.minecraftforge.fml.javafmlmod.AutomaticEventSubscriber/LOADING]: Auto-subscribing net.mcreator.gnumus.init.GnumusModGameRules to MOD
[16Oct2025 02:43:55.636] [modloading-worker-0/DEBUG] [net.minecraftforge.fml.javafmlmod.AutomaticEventSubscriber/LOADING]: Auto-subscribing net.mcreator.gnumus.init.GnumusModFeatures to FORGE
[16Oct2025 02:43:55.636] [modloading-worker-0/DEBUG] [net.minecraftforge.fml.javafmlmod.AutomaticEventSubscriber/LOADING]: Auto-subscribing net.mcreator.gnumus.init.GnumusModEntities to MOD
[16Oct2025 02:43:55.637] [modloading-worker-0/DEBUG] [net.minecraftforge.fml.javafmlmod.AutomaticEventSubscriber/LOADING]: Auto-subscribing net.mcreator.gnumus.init.EntityAnimationFactory to FORGE
[16Oct2025 02:43:55.723] [modloading-worker-0/DEBUG] [net.minecraftforge.fml.javafmlmod.AutomaticEventSubscriber/LOADING]: Attempting to inject @EventBusSubscriber classes into the eventbus for luminous_beasts
[16Oct2025 02:43:55.724] [modloading-worker-0/DEBUG] [net.minecraftforge.fml.javafmlmod.AutomaticEventSubscriber/LOADING]: Auto-subscribing net.mcreator.luminousbeasts.world.features.StructureFeature to FORGE
[16Oct2025 02:43:55.726] [modloading-worker-0/DEBUG] [net.minecraftforge.fml.javafmlmod.AutomaticEventSubscriber/LOADING]: Auto-subscribing net.mcreator.luminousbeasts.procedures.YetiHornDropProcedure to FORGE
[16Oct2025 02:43:55.728] [modloading-worker-0/DEBUG] [net.minecraftforge.fml.javafmlmod.AutomaticEventSubscriber/LOADING]: Auto-subscribing net.mcreator.luminousbeasts.procedures.Yeti1AttacksProcedure to FORGE
[16Oct2025 02:43:55.732] [modloading-worker-0/DEBUG] [net.minecraftforge.fml.javafmlmod.AutomaticEventSubscriber/LOADING]: Auto-subscribing net.mcreator.luminousbeasts.procedures.WrapsdropProcedure to FORGE
[16Oct2025 02:43:55.733] [modloading-worker-0/DEBUG] [net.minecraftforge.fml.javafmlmod.AutomaticEventSubscriber/LOADING]: Auto-subscribing net.mcreator.luminousbeasts.procedures.ViperToothDropProcedure to FORGE
[16Oct2025 02:43:55.737] [modloading-worker-0/DEBUG] [net.minecraftforge.fml.javafmlmod.AutomaticEventSubscriber/LOADING]: Auto-subscribing net.mcreator.luminousbeasts.procedures.ViperAttacksProcedure to FORGE
[16Oct2025 02:43:55.740] [modloading-worker-0/DEBUG] [net.minecraftforge.fml.javafmlmod.AutomaticEventSubscriber/LOADING]: Auto-subscribing net.mcreator.luminousbeasts.procedures.VileGator1AttackProcedure to FORGE
[16Oct2025 02:43:55.741] [modloading-worker-0/DEBUG] [net.minecraftforge.fml.javafmlmod.AutomaticEventSubscriber/LOADING]: Auto-subscribing net.mcreator.luminousbeasts.procedures.TreeEnt1AttacksProcedure to FORGE
[16Oct2025 02:43:55.744] [modloading-worker-0/DEBUG] [net.minecraftforge.fml.javafmlmod.AutomaticEventSubscriber/LOADING]: Auto-subscribing net.mcreator.luminousbeasts.procedures.ShelldropProcedure to FORGE
[16Oct2025 02:43:55.747] [modloading-worker-0/DEBUG] [net.minecraftforge.fml.javafmlmod.AutomaticEventSubscriber/LOADING]: Auto-subscribing net.mcreator.luminousbeasts.procedures.ScarecrowAttackProcedure to FORGE
[16Oct2025 02:43:55.750] [modloading-worker-0/DEBUG] [net.minecraftforge.fml.javafmlmod.AutomaticEventSubscriber/LOADING]: Auto-subscribing net.mcreator.luminousbeasts.procedures.SFKillsProcedure to FORGE
[16Oct2025 02:43:55.754] [modloading-worker-0/DEBUG] [net.minecraftforge.fml.javafmlmod.AutomaticEventSubscriber/LOADING]: Auto-subscribing net.mcreator.luminousbeasts.procedures.RootSlownessProcedure to FORGE
[16Oct2025 02:43:55.756] [modloading-worker-0/DEBUG] [net.minecraftforge.fml.javafmlmod.AutomaticEventSubscriber/LOADING]: Auto-subscribing net.mcreator.luminousbeasts.procedures.RootDropProcedure to FORGE
[16Oct2025 02:43:55.757] [modloading-worker-0/DEBUG] [net.minecraftforge.fml.javafmlmod.AutomaticEventSubscriber/LOADING]: Auto-subscribing net.mcreator.luminousbeasts.procedures.RattleDropProcedure to FORGE
[16Oct2025 02:43:55.762] [modloading-worker-0/DEBUG] [net.minecraftforge.fml.javafmlmod.AutomaticEventSubscriber/LOADING]: Auto-subscribing net.mcreator.luminousbeasts.procedures.RareYetiAttacksProcedure to FORGE
[16Oct2025 02:43:55.763] [modloading-worker-0/DEBUG] [net.minecraftforge.fml.javafmlmod.AutomaticEventSubscriber/LOADING]: Auto-subscribing net.mcreator.luminousbeasts.procedures.RareVileGatorAttacksProcedure to FORGE
[16Oct2025 02:43:55.768] [modloading-worker-0/DEBUG] [net.minecraftforge.fml.javafmlmod.AutomaticEventSubscriber/LOADING]: Auto-subscribing net.mcreator.luminousbeasts.procedures.RareTreeEntAttacksProcedure to FORGE
[16Oct2025 02:43:55.769] [modloading-worker-0/DEBUG] [net.minecraftforge.fml.javafmlmod.AutomaticEventSubscriber/LOADING]: Auto-subscribing net.mcreator.luminousbeasts.procedures.RareSeaViperAttacksProcedure to FORGE
[16Oct2025 02:43:55.774] [modloading-worker-0/DEBUG] [net.minecraftforge.fml.javafmlmod.AutomaticEventSubscriber/LOADING]: Auto-subscribing net.mcreator.luminousbeasts.procedures.RareMummyAttacksProcedure to FORGE
[16Oct2025 02:43:55.775] [modloading-worker-0/DEBUG] [net.minecraftforge.fml.javafmlmod.AutomaticEventSubscriber/LOADING]: Auto-subscribing net.mcreator.luminousbeasts.procedures.RareHermitKingInvulerableProcedure to FORGE
[16Oct2025 02:43:55.778] [modloading-worker-0/DEBUG] [net.minecraftforge.fml.javafmlmod.AutomaticEventSubscriber/LOADING]: Auto-subscribing net.mcreator.luminousbeasts.procedures.RareHermitKingAttacksProcedure to FORGE
[16Oct2025 02:43:55.779] [modloading-worker-0/DEBUG] [net.minecraftforge.fml.javafmlmod.AutomaticEventSubscriber/LOADING]: Auto-subscribing net.mcreator.luminousbeasts.procedures.RareExecutioneAttackProcedure to FORGE
[16Oct2025 02:43:55.782] [modloading-worker-0/DEBUG] [net.minecraftforge.fml.javafmlmod.AutomaticEventSubscriber/LOADING]: Auto-subscribing net.mcreator.luminousbeasts.procedures.RareCrimsonSpitProcedure to FORGE
[16Oct2025 02:43:55.785] [modloading-worker-0/DEBUG] [net.minecraftforge.fml.javafmlmod.AutomaticEventSubscriber/LOADING]: Auto-subscribing net.mcreator.luminousbeasts.procedures.RareBoneStalkerAttackProcedure to FORGE
[16Oct2025 02:43:55.790] [modloading-worker-0/DEBUG] [net.minecraftforge.fml.javafmlmod.AutomaticEventSubscriber/LOADING]: Auto-subscribing net.mcreator.luminousbeasts.procedures.PumpkinHelmetDropProcedure to FORGE
[16Oct2025 02:43:55.795] [modloading-worker-0/DEBUG] [net.minecraftforge.fml.javafmlmod.AutomaticEventSubscriber/LOADING]: Auto-subscribing net.mcreator.luminousbeasts.procedures.PouchDropProcedure to FORGE
[16Oct2025 02:43:55.796] [modloading-worker-0/DEBUG] [net.minecraftforge.fml.javafmlmod.AutomaticEventSubscriber/LOADING]: Auto-subscribing net.mcreator.luminousbeasts.procedures.PouchActivateProcedure to FORGE
[16Oct2025 02:43:55.800] [modloading-worker-0/DEBUG] [net.minecraftforge.fml.javafmlmod.AutomaticEventSubscriber/LOADING]: Auto-subscribing net.mcreator.luminousbeasts.procedures.PhoenixSaveProcedure to FORGE
[16Oct2025 02:43:55.801] [modloading-worker-0/DEBUG] [net.minecraftforge.fml.javafmlmod.AutomaticEventSubscriber/LOADING]: Auto-subscribing net.mcreator.luminousbeasts.procedures.PendantDropProcedure to FORGE
[16Oct2025 02:43:55.803] [modloading-worker-0/DEBUG] [net.minecraftforge.fml.javafmlmod.AutomaticEventSubscriber/LOADING]: Auto-subscribing net.mcreator.luminousbeasts.procedures.MummyWrapsTickEventProcedure to FORGE
[16Oct2025 02:43:55.809] [modloading-worker-0/DEBUG] [net.minecraftforge.fml.javafmlmod.AutomaticEventSubscriber/LOADING]: Auto-subscribing net.mcreator.luminousbeasts.procedures.Mummy1AttacksProcedure to FORGE
[16Oct2025 02:43:55.810] [modloading-worker-0/DEBUG] [net.minecraftforge.fml.javafmlmod.AutomaticEventSubscriber/LOADING]: Auto-subscribing net.mcreator.luminousbeasts.procedures.JunglePendantResistanceProcedure to FORGE
[16Oct2025 02:43:55.812] [modloading-worker-0/DEBUG] [net.minecraftforge.fml.javafmlmod.AutomaticEventSubscriber/LOADING]: Auto-subscribing net.mcreator.luminousbeasts.procedures.IsInBoatProcedure to FORGE
[16Oct2025 02:43:55.813] [modloading-worker-0/DEBUG] [net.minecraftforge.fml.javafmlmod.AutomaticEventSubscriber/LOADING]: Auto-subscribing net.mcreator.luminousbeasts.procedures.HorselessAttackProcedure to FORGE
[16Oct2025 02:43:55.816] [modloading-worker-0/DEBUG] [net.minecraftforge.fml.javafmlmod.AutomaticEventSubscriber/LOADING]: Auto-subscribing net.mcreator.luminousbeasts.procedures.HermitKing1InvulnerableProcedure to FORGE
[16Oct2025 02:43:55.817] [modloading-worker-0/DEBUG] [net.minecraftforge.fml.javafmlmod.AutomaticEventSubscriber/LOADING]: Auto-subscribing net.mcreator.luminousbeasts.procedures.HermitKing1AttacksProcedure to FORGE
[16Oct2025 02:43:55.820] [modloading-worker-0/DEBUG] [net.minecraftforge.fml.javafmlmod.AutomaticEventSubscriber/LOADING]: Auto-subscribing net.mcreator.luminousbeasts.procedures.GildedEntAttacksProcedure to FORGE
[16Oct2025 02:43:55.821] [modloading-worker-0/DEBUG] [net.minecraftforge.fml.javafmlmod.AutomaticEventSubscriber/LOADING]: Auto-subscribing net.mcreator.luminousbeasts.procedures.GatorToothInHandProcedure to FORGE
[16Oct2025 02:43:55.822] [modloading-worker-0/DEBUG] [net.minecraftforge.fml.javafmlmod.AutomaticEventSubscriber/LOADING]: Auto-subscribing net.mcreator.luminousbeasts.procedures.GatorToothDropProcedure to FORGE
[16Oct2025 02:43:55.825] [modloading-worker-0/DEBUG] [net.minecraftforge.fml.javafmlmod.AutomaticEventSubscriber/LOADING]: Auto-subscribing net.mcreator.luminousbeasts.procedures.FurnaceKillsProcedure to FORGE
[16Oct2025 02:43:55.829] [modloading-worker-0/DEBUG] [net.minecraftforge.fml.javafmlmod.AutomaticEventSubscriber/LOADING]: Auto-subscribing net.mcreator.luminousbeasts.procedures.FeatherDropProcedure to FORGE
[16Oct2025 02:43:55.829] [modloading-worker-0/DEBUG] [net.minecraftforge.fml.javafmlmod.AutomaticEventSubscriber/LOADING]: Auto-subscribing net.mcreator.luminousbeasts.procedures.Executioner1AttackProcedure to FORGE
[16Oct2025 02:43:55.830] [modloading-worker-0/DEBUG] [net.minecraftforge.fml.javafmlmod.AutomaticEventSubscriber/LOADING]: Auto-subscribing net.mcreator.luminousbeasts.procedures.CrimsonSpit1Procedure to FORGE
[16Oct2025 02:43:55.833] [modloading-worker-0/DEBUG] [net.minecraftforge.fml.javafmlmod.AutomaticEventSubscriber/LOADING]: Auto-subscribing net.mcreator.luminousbeasts.procedures.CowlProcedureProcedure to FORGE
[16Oct2025 02:43:55.834] [modloading-worker-0/DEBUG] [net.minecraftforge.fml.javafmlmod.AutomaticEventSubscriber/LOADING]: Auto-subscribing net.mcreator.luminousbeasts.procedures.CowlDropProcedure to FORGE
[16Oct2025 02:43:55.837] [modloading-worker-0/DEBUG] [net.minecraftforge.fml.javafmlmod.AutomaticEventSubscriber/LOADING]: Auto-subscribing net.mcreator.luminousbeasts.procedures.CoalDropProcedure to FORGE
[16Oct2025 02:43:55.838] [modloading-worker-0/DEBUG] [net.minecraftforge.fml.javafmlmod.AutomaticEventSubscriber/LOADING]: Auto-subscribing net.mcreator.luminousbeasts.procedures.BoneStalker1AttackProcedure to FORGE
[16Oct2025 02:43:55.839] [modloading-worker-0/DEBUG] [net.minecraftforge.fml.javafmlmod.AutomaticEventSubscriber/LOADING]: Auto-subscribing net.mcreator.luminousbeasts.procedures.BoneRattleProcedureProcedure to FORGE
[16Oct2025 02:43:55.842] [modloading-worker-0/DEBUG] [net.minecraftforge.fml.javafmlmod.AutomaticEventSubscriber/LOADING]: Auto-subscribing net.mcreator.luminousbeasts.network.LuminousBeastsModVariables to MOD
[16Oct2025 02:43:55.849] [modloading-worker-0/DEBUG] [net.minecraftforge.fml.javafmlmod.AutomaticEventSubscriber/LOADING]: Auto-subscribing net.mcreator.luminousbeasts.network.LuminousBeastsModVariables$PlayerVariablesProvider to FORGE
[16Oct2025 02:43:55.855] [modloading-worker-0/DEBUG] [net.minecraftforge.fml.javafmlmod.AutomaticEventSubscriber/LOADING]: Auto-subscribing net.mcreator.luminousbeasts.network.LuminousBeastsModVariables$EventBusVariableHandlers to FORGE
[16Oct2025 02:43:55.867] [modloading-worker-0/DEBUG] [net.minecraftforge.fml.javafmlmod.AutomaticEventSubscriber/LOADING]: Auto-subscribing net.mcreator.luminousbeasts.network.BeastBook9ButtonMessage to MOD
[16Oct2025 02:43:55.868] [modloading-worker-0/DEBUG] [net.minecraftforge.fml.javafmlmod.AutomaticEventSubscriber/LOADING]: Auto-subscribing net.mcreator.luminousbeasts.network.BeastBook8ButtonMessage to MOD
[16Oct2025 02:43:55.870] [modloading-worker-0/DEBUG] [net.minecraftforge.fml.javafmlmod.AutomaticEventSubscriber/LOADING]: Auto-subscribing net.mcreator.luminousbeasts.network.BeastBook7ButtonMessage to MOD
[16Oct2025 02:43:55.873] [modloading-worker-0/DEBUG] [net.minecraftforge.fml.javafmlmod.AutomaticEventSubscriber/LOADING]: Auto-subscribing net.mcreator.luminousbeasts.network.BeastBook6ButtonMessage to MOD
[16Oct2025 02:43:55.874] [modloading-worker-0/DEBUG] [net.minecraftforge.fml.javafmlmod.AutomaticEventSubscriber/LOADING]: Auto-subscribing net.mcreator.luminousbeasts.network.BeastBook5ButtonMessage to MOD
[16Oct2025 02:43:55.875] [modloading-worker-0/DEBUG] [net.minecraftforge.fml.javafmlmod.AutomaticEventSubscriber/LOADING]: Auto-subscribing net.mcreator.luminousbeasts.network.BeastBook4ButtonMessage to MOD
[16Oct2025 02:43:55.878] [modloading-worker-0/DEBUG] [net.minecraftforge.fml.javafmlmod.AutomaticEventSubscriber/LOADING]: Auto-subscribing net.mcreator.luminousbeasts.network.BeastBook3ButtonMessage to MOD
[16Oct2025 02:43:55.879] [modloading-worker-0/DEBUG] [net.minecraftforge.fml.javafmlmod.AutomaticEventSubscriber/LOADING]: Auto-subscribing net.mcreator.luminousbeasts.network.BeastBook2ButtonMessage to MOD
[16Oct2025 02:43:55.880] [modloading-worker-0/DEBUG] [net.minecraftforge.fml.javafmlmod.AutomaticEventSubscriber/LOADING]: Auto-subscribing net.mcreator.luminousbeasts.network.BeastBook27ButtonMessage to MOD
[16Oct2025 02:43:55.883] [modloading-worker-0/DEBUG] [net.minecraftforge.fml.javafmlmod.AutomaticEventSubscriber/LOADING]: Auto-subscribing net.mcreator.luminousbeasts.network.BeastBook26ButtonMessage to MOD
[16Oct2025 02:43:55.884] [modloading-worker-0/DEBUG] [net.minecraftforge.fml.javafmlmod.AutomaticEventSubscriber/LOADING]: Auto-subscribing net.mcreator.luminousbeasts.network.BeastBook25ButtonMessage to MOD
[16Oct2025 02:43:55.885] [modloading-worker-0/DEBUG] [net.minecraftforge.fml.javafmlmod.AutomaticEventSubscriber/LOADING]: Auto-subscribing net.mcreator.luminousbeasts.network.BeastBook24ButtonMessage to MOD
[16Oct2025 02:43:55.888] [modloading-worker-0/DEBUG] [net.minecraftforge.fml.javafmlmod.AutomaticEventSubscriber/LOADING]: Auto-subscribing net.mcreator.luminousbeasts.network.BeastBook23ButtonMessage to MOD
[16Oct2025 02:43:55.895] [modloading-worker-0/DEBUG] [net.minecraftforge.fml.javafmlmod.AutomaticEventSubscriber/LOADING]: Auto-subscribing net.mcreator.luminousbeasts.network.BeastBook22ButtonMessage to MOD
[16Oct2025 02:43:55.896] [modloading-worker-0/DEBUG] [net.minecraftforge.fml.javafmlmod.AutomaticEventSubscriber/LOADING]: Auto-subscribing net.mcreator.luminousbeasts.network.BeastBook21ButtonMessage to MOD
[16Oct2025 02:43:55.897] [modloading-worker-0/DEBUG] [net.minecraftforge.fml.javafmlmod.AutomaticEventSubscriber/LOADING]: Auto-subscribing net.mcreator.luminousbeasts.network.BeastBook20ButtonMessage to MOD
[16Oct2025 02:43:55.905] [modloading-worker-0/DEBUG] [net.minecraftforge.fml.javafmlmod.AutomaticEventSubscriber/LOADING]: Auto-subscribing net.mcreator.luminousbeasts.network.BeastBook1ButtonMessage to MOD
[16Oct2025 02:43:55.906] [modloading-worker-0/DEBUG] [net.minecraftforge.fml.javafmlmod.AutomaticEventSubscriber/LOADING]: Auto-subscribing net.mcreator.luminousbeasts.network.BeastBook19ButtonMessage to MOD
[16Oct2025 02:43:55.912] [modloading-worker-0/DEBUG] [net.minecraftforge.fml.javafmlmod.AutomaticEventSubscriber/LOADING]: Auto-subscribing net.mcreator.luminousbeasts.network.BeastBook18ButtonMessage to MOD
[16Oct2025 02:43:55.914] [modloading-worker-0/DEBUG] [net.minecraftforge.fml.javafmlmod.AutomaticEventSubscriber/LOADING]: Auto-subscribing net.mcreator.luminousbeasts.network.BeastBook17ButtonMessage to MOD
[16Oct2025 02:43:55.921] [modloading-worker-0/DEBUG] [net.minecraftforge.fml.javafmlmod.AutomaticEventSubscriber/LOADING]: Auto-subscribing net.mcreator.luminousbeasts.network.BeastBook16ButtonMessage to MOD
[16Oct2025 02:43:55.927] [modloading-worker-0/DEBUG] [net.minecraftforge.fml.javafmlmod.AutomaticEventSubscriber/LOADING]: Auto-subscribing net.mcreator.luminousbeasts.network.BeastBook15ButtonMessage to MOD
[16Oct2025 02:43:55.935] [modloading-worker-0/DEBUG] [net.minecraftforge.fml.javafmlmod.AutomaticEventSubscriber/LOADING]: Auto-subscribing net.mcreator.luminousbeasts.network.BeastBook14ButtonMessage to MOD
[16Oct2025 02:43:55.937] [modloading-worker-0/DEBUG] [net.minecraftforge.fml.javafmlmod.AutomaticEventSubscriber/LOADING]: Auto-subscribing net.mcreator.luminousbeasts.network.BeastBook13ButtonMessage to MOD
[16Oct2025 02:43:55.940] [modloading-worker-0/DEBUG] [net.minecraftforge.fml.javafmlmod.AutomaticEventSubscriber/LOADING]: Auto-subscribing net.mcreator.luminousbeasts.network.BeastBook12ButtonMessage to MOD
[16Oct2025 02:43:55.945] [modloading-worker-0/DEBUG] [net.minecraftforge.fml.javafmlmod.AutomaticEventSubscriber/LOADING]: Auto-subscribing net.mcreator.luminousbeasts.network.BeastBook11ButtonMessage to MOD
[16Oct2025 02:43:55.951] [modloading-worker-0/DEBUG] [net.minecraftforge.fml.javafmlmod.AutomaticEventSubscriber/LOADING]: Auto-subscribing net.mcreator.luminousbeasts.network.BeastBook10ButtonMessage to MOD
[16Oct2025 02:43:55.956] [modloading-worker-0/DEBUG] [net.minecraftforge.fml.javafmlmod.AutomaticEventSubscriber/LOADING]: Auto-subscribing net.mcreator.luminousbeasts.init.LuminousBeastsModTabs to MOD
[16Oct2025 02:43:55.968] [modloading-worker-0/DEBUG] [net.minecraftforge.fml.javafmlmod.AutomaticEventSubscriber/LOADING]: Auto-subscribing net.mcreator.luminousbeasts.init.LuminousBeastsModGameRules to MOD
[16Oct2025 02:43:55.969] [modloading-worker-0/DEBUG] [net.minecraftforge.fml.javafmlmod.AutomaticEventSubscriber/LOADING]: Auto-subscribing net.mcreator.luminousbeasts.init.LuminousBeastsModFeatures to FORGE
[16Oct2025 02:43:55.969] [modloading-worker-0/DEBUG] [net.minecraftforge.fml.javafmlmod.AutomaticEventSubscriber/LOADING]: Auto-subscribing net.mcreator.luminousbeasts.init.LuminousBeastsModEntities to MOD
[16Oct2025 02:43:55.973] [modloading-worker-0/DEBUG] [net.minecraftforge.fml.javafmlmod.AutomaticEventSubscriber/LOADING]: Auto-subscribing net.mcreator.luminousbeasts.init.LuminousBeastsModConfigs to MOD
[16Oct2025 02:43:55.974] [modloading-worker-0/DEBUG] [net.minecraftforge.fml.javafmlmod.AutomaticEventSubscriber/LOADING]: Auto-subscribing net.mcreator.luminousbeasts.init.EntityAnimationFactory to FORGE
[16Oct2025 02:43:55.991] [modloading-worker-0/DEBUG] [net.minecraftforge.fml.javafmlmod.AutomaticEventSubscriber/LOADING]: Attempting to inject @EventBusSubscriber classes into the eventbus for fragmentum
[16Oct2025 02:43:56.011] [modloading-worker-0/DEBUG] [net.minecraftforge.fml.config.ConfigTracker/CONFIG]: Config file journeymap-server.toml for journeymap tracking
[16Oct2025 02:43:56.025] [modloading-worker-0/DEBUG] [net.minecraftforge.fml.javafmlmod.AutomaticEventSubscriber/LOADING]: Attempting to inject @EventBusSubscriber classes into the eventbus for journeymap
[16Oct2025 02:43:56.027] [modloading-worker-0/DEBUG] [net.minecraftforge.fml.javafmlmod.AutomaticEventSubscriber/LOADING]: Auto-subscribing journeymap.common.config.forge.ForgeConfig to MOD
[16Oct2025 02:43:56.034] [modloading-worker-0/DEBUG] [net.minecraftforge.fml.javafmlmod.AutomaticEventSubscriber/LOADING]: Auto-subscribing journeymap.common.Journeymap to FORGE
[16Oct2025 02:43:56.097] [modloading-worker-0/DEBUG] [net.minecraftforge.fml.config.ConfigTracker/CONFIG]: Config file citadel-common.toml for citadel tracking
[16Oct2025 02:43:56.118] [modloading-worker-0/DEBUG] [net.minecraftforge.fml.javafmlmod.AutomaticEventSubscriber/LOADING]: Attempting to inject @EventBusSubscriber classes into the eventbus for citadel
[16Oct2025 02:43:56.121] [modloading-worker-0/DEBUG] [net.minecraftforge.fml.javafmlmod.AutomaticEventSubscriber/LOADING]: Auto-subscribing com.github.alexthe666.citadel.ServerProxy to MOD
[16Oct2025 02:43:56.121] [modloading-worker-0/DEBUG] [net.minecraftforge.fml.javafmlmod.AutomaticEventSubscriber/LOADING]: Attempting to inject @EventBusSubscriber classes into the eventbus for myserveriscompatible
[16Oct2025 02:43:56.207] [modloading-worker-0/DEBUG] [net.minecraftforge.fml.config.ConfigTracker/CONFIG]: Config file knightlib.toml for knightlib tracking
[16Oct2025 02:43:56.236] [modloading-worker-0/DEBUG] [net.minecraftforge.fml.javafmlmod.AutomaticEventSubscriber/LOADING]: Attempting to inject @EventBusSubscriber classes into the eventbus for knightlib
[16Oct2025 02:43:56.243] [modloading-worker-0/DEBUG] [net.minecraftforge.fml.javafmlmod.AutomaticEventSubscriber/LOADING]: Auto-subscribing dev.xylonity.knightlib.common.event.KnightLibServerEvents to MOD
[16Oct2025 02:43:56.259] [modloading-worker-0/DEBUG] [net.minecraftforge.fml.javafmlmod.AutomaticEventSubscriber/LOADING]: Auto-subscribing dev.xylonity.knightlib.common.event.KnightLibCommonEvents to FORGE
[16Oct2025 02:43:56.260] [modloading-worker-0/DEBUG] [mixin/]: Mixing MixinLevelEvent from architectury.mixins.json into net.minecraftforge.event.level.LevelEvent
[16Oct2025 02:43:56.332] [modloading-worker-0/DEBUG] [net.minecraftforge.fml.config.ConfigTracker/CONFIG]: Config file companions.toml for companions tracking
[16Oct2025 02:43:56.575] [modloading-worker-0/DEBUG] [net.minecraftforge.fml.javafmlmod.AutomaticEventSubscriber/LOADING]: Attempting to inject @EventBusSubscriber classes into the eventbus for relics
[16Oct2025 02:43:56.575] [modloading-worker-0/DEBUG] [net.minecraftforge.fml.javafmlmod.AutomaticEventSubscriber/LOADING]: Auto-subscribing it.hurts.sskirillss.relics.network.NetworkHandler to MOD
[16Oct2025 02:43:56.578] [modloading-worker-0/DEBUG] [net.minecraftforge.fml.javafmlmod.AutomaticEventSubscriber/LOADING]: Auto-subscribing it.hurts.sskirillss.relics.items.relics.ring.ChorusInhibitorItem$Events to FORGE
[16Oct2025 02:43:56.583] [modloading-worker-0/DEBUG] [net.minecraftforge.fml.javafmlmod.AutomaticEventSubscriber/LOADING]: Auto-subscribing it.hurts.sskirillss.relics.items.relics.ring.BastionRingItem$Events to FORGE
[16Oct2025 02:43:56.584] [modloading-worker-0/DEBUG] [net.minecraftforge.fml.javafmlmod.AutomaticEventSubscriber/LOADING]: Auto-subscribing it.hurts.sskirillss.relics.items.relics.necklace.ReflectionNecklaceItem$ReflectionNecklaceServerEvents to FORGE
[16Oct2025 02:43:56.585] [modloading-worker-0/DEBUG] [net.minecraftforge.fml.javafmlmod.AutomaticEventSubscriber/LOADING]: Auto-subscribing it.hurts.sskirillss.relics.items.relics.necklace.HolyLocketItem$Events to FORGE
[16Oct2025 02:43:56.593] [modloading-worker-0/DEBUG] [net.minecraftforge.fml.javafmlmod.AutomaticEventSubscriber/LOADING]: Auto-subscribing it.hurts.sskirillss.relics.items.relics.hands.WoolMittenItem$Events to FORGE
[16Oct2025 02:43:56.594] [modloading-worker-0/DEBUG] [net.minecraftforge.fml.javafmlmod.AutomaticEventSubscriber/LOADING]: Auto-subscribing it.hurts.sskirillss.relics.items.relics.hands.RageGloveItem$Events to FORGE
[16Oct2025 02:43:56.595] [modloading-worker-0/DEBUG] [net.minecraftforge.fml.javafmlmod.AutomaticEventSubscriber/LOADING]: Auto-subscribing it.hurts.sskirillss.relics.items.relics.feet.RollerSkatesItem$Events to FORGE
[16Oct2025 02:43:56.596] [modloading-worker-0/DEBUG] [net.minecraftforge.fml.javafmlmod.AutomaticEventSubscriber/LOADING]: Auto-subscribing it.hurts.sskirillss.relics.items.relics.feet.MagmaWalkerItem to FORGE
[16Oct2025 02:43:56.609] [modloading-worker-0/DEBUG] [net.minecraftforge.fml.javafmlmod.AutomaticEventSubscriber/LOADING]: Auto-subscribing it.hurts.sskirillss.relics.items.relics.feet.IceBreakerItem$Events to FORGE
[16Oct2025 02:43:56.610] [modloading-worker-0/DEBUG] [net.minecraftforge.fml.javafmlmod.AutomaticEventSubscriber/LOADING]: Auto-subscribing it.hurts.sskirillss.relics.items.relics.feet.AquaWalkerItem to FORGE
[16Oct2025 02:43:56.610] [modloading-worker-0/DEBUG] [net.minecraftforge.fml.javafmlmod.AutomaticEventSubscriber/LOADING]: Auto-subscribing it.hurts.sskirillss.relics.items.relics.feet.AmphibianBootItem$Events to FORGE
[16Oct2025 02:43:56.612] [modloading-worker-0/DEBUG] [net.minecraftforge.fml.javafmlmod.AutomaticEventSubscriber/LOADING]: Auto-subscribing it.hurts.sskirillss.relics.items.relics.charm.SporeSackItem$Events to FORGE
[16Oct2025 02:43:56.614] [modloading-worker-0/DEBUG] [net.minecraftforge.fml.javafmlmod.AutomaticEventSubscriber/LOADING]: Auto-subscribing it.hurts.sskirillss.relics.items.relics.belt.LeatherBeltItem to FORGE
[16Oct2025 02:43:56.614] [modloading-worker-0/DEBUG] [net.minecraftforge.fml.javafmlmod.AutomaticEventSubscriber/LOADING]: Auto-subscribing it.hurts.sskirillss.relics.items.relics.belt.HunterBeltItem$HunterBeltEvents to FORGE
[16Oct2025 02:43:56.615] [modloading-worker-0/DEBUG] [net.minecraftforge.fml.javafmlmod.AutomaticEventSubscriber/LOADING]: Auto-subscribing it.hurts.sskirillss.relics.items.relics.belt.DrownedBeltItem$Events to FORGE
[16Oct2025 02:43:56.620] [modloading-worker-0/DEBUG] [net.minecraftforge.fml.javafmlmod.AutomaticEventSubscriber/LOADING]: Auto-subscribing it.hurts.sskirillss.relics.items.relics.back.MidnightRobeItem$ServerEvents to FORGE
[16Oct2025 02:43:56.621] [modloading-worker-0/DEBUG] [net.minecraftforge.fml.javafmlmod.AutomaticEventSubscriber/LOADING]: Auto-subscribing it.hurts.sskirillss.relics.items.relics.back.ElytraBoosterItem to FORGE
[16Oct2025 02:43:56.622] [modloading-worker-0/DEBUG] [net.minecraftforge.fml.javafmlmod.AutomaticEventSubscriber/LOADING]: Auto-subscribing it.hurts.sskirillss.relics.items.relics.back.ArrowQuiverItem$Events to FORGE
[16Oct2025 02:43:56.627] [modloading-worker-0/DEBUG] [net.minecraftforge.fml.javafmlmod.AutomaticEventSubscriber/LOADING]: Auto-subscribing it.hurts.sskirillss.relics.items.relics.SpatialSignItem$Events to FORGE
[16Oct2025 02:43:56.628] [modloading-worker-0/DEBUG] [net.minecraftforge.fml.javafmlmod.AutomaticEventSubscriber/LOADING]: Auto-subscribing it.hurts.sskirillss.relics.items.relics.MagicMirrorItem$ServerEvents to FORGE
[16Oct2025 02:43:56.629] [modloading-worker-0/DEBUG] [net.minecraftforge.fml.javafmlmod.AutomaticEventSubscriber/LOADING]: Auto-subscribing it.hurts.sskirillss.relics.items.relics.InfinityHamItem$Events to FORGE
[16Oct2025 02:43:56.630] [modloading-worker-0/DEBUG] [net.minecraftforge.fml.javafmlmod.AutomaticEventSubscriber/LOADING]: Auto-subscribing it.hurts.sskirillss.relics.init.CommandRegistry to FORGE
[16Oct2025 02:43:56.633] [modloading-worker-0/DEBUG] [net.minecraftforge.fml.javafmlmod.AutomaticEventSubscriber/LOADING]: Auto-subscribing it.hurts.sskirillss.relics.init.CapabilityRegistry to FORGE
[16Oct2025 02:43:56.636] [modloading-worker-0/DEBUG] [net.minecraftforge.fml.javafmlmod.AutomaticEventSubscriber/LOADING]: Auto-subscribing it.hurts.sskirillss.relics.entities.ArrowRainEntity$Events to FORGE
[16Oct2025 02:43:56.636] [modloading-worker-0/DEBUG] [net.minecraftforge.fml.javafmlmod.AutomaticEventSubscriber/LOADING]: Auto-subscribing it.hurts.sskirillss.relics.effects.BleedingEffect$Events to FORGE
[16Oct2025 02:43:56.637] [modloading-worker-0/DEBUG] [net.minecraftforge.fml.javafmlmod.AutomaticEventSubscriber/LOADING]: Auto-subscribing it.hurts.sskirillss.relics.effects.AntiHealEffect$Events to FORGE
[16Oct2025 02:43:56.638] [modloading-worker-0/DEBUG] [net.minecraftforge.fml.javafmlmod.AutomaticEventSubscriber/LOADING]: Auto-subscribing it.hurts.sskirillss.relics.capability.handlers.SyncHandler to FORGE
[16Oct2025 02:43:56.655] [modloading-worker-0/DEBUG] [net.minecraftforge.fml.config.ConfigTracker/CONFIG]: Config file iceandfire-client.toml for iceandfire tracking
[16Oct2025 02:43:56.655] [modloading-worker-0/DEBUG] [net.minecraftforge.fml.config.ConfigTracker/CONFIG]: Config file iceandfire-common.toml for iceandfire tracking
[16Oct2025 02:43:57.518] [modloading-worker-0/DEBUG] [net.minecraftforge.fml.javafmlmod.AutomaticEventSubscriber/LOADING]: Attempting to inject @EventBusSubscriber classes into the eventbus for companions
[16Oct2025 02:43:57.519] [modloading-worker-0/DEBUG] [net.minecraftforge.fml.javafmlmod.AutomaticEventSubscriber/LOADING]: Auto-subscribing dev.xylonity.companions.loot.CompanionsLootTables to FORGE
[16Oct2025 02:43:57.531] [modloading-worker-0/DEBUG] [net.minecraftforge.fml.javafmlmod.AutomaticEventSubscriber/LOADING]: Auto-subscribing dev.xylonity.companions.common.event.CompanionsServerEvents$CompanionsServerModBus to MOD
[16Oct2025 02:43:57.537] [modloading-worker-0/DEBUG] [net.minecraftforge.fml.javafmlmod.AutomaticEventSubscriber/LOADING]: Auto-subscribing dev.xylonity.companions.common.event.CompanionsServerEvents$CompanionsServerForgeBus to FORGE
[16Oct2025 02:43:57.540] [modloading-worker-0/DEBUG] [net.minecraftforge.fml.javafmlmod.AutomaticEventSubscriber/LOADING]: Auto-subscribing dev.xylonity.companions.common.event.CompanionsEntityTracker to FORGE
[16Oct2025 02:43:57.544] [modloading-worker-0/DEBUG] [net.minecraftforge.fml.javafmlmod.AutomaticEventSubscriber/LOADING]: Auto-subscribing dev.xylonity.companions.common.event.CompanionsEntityRespawnTracker to FORGE
[16Oct2025 02:43:57.546] [modloading-worker-0/DEBUG] [net.minecraftforge.fml.javafmlmod.AutomaticEventSubscriber/LOADING]: Auto-subscribing dev.xylonity.companions.common.event.CompanionsCommonEvents to FORGE
[16Oct2025 02:43:57.607] [modloading-worker-0/DEBUG] [net.minecraftforge.fml.javafmlmod.AutomaticEventSubscriber/LOADING]: Attempting to inject @EventBusSubscriber classes into the eventbus for iceandfire
[16Oct2025 02:43:57.607] [modloading-worker-0/DEBUG] [net.minecraftforge.fml.javafmlmod.AutomaticEventSubscriber/LOADING]: Auto-subscribing com.github.alexthe666.iceandfire.recipe.IafRecipeRegistry to MOD
[16Oct2025 02:43:57.610] [modloading-worker-0/DEBUG] [net.minecraftforge.fml.javafmlmod.AutomaticEventSubscriber/LOADING]: Auto-subscribing com.github.alexthe666.iceandfire.misc.IafSoundRegistry to MOD
[16Oct2025 02:43:57.610] [modloading-worker-0/DEBUG] [net.minecraftforge.fml.javafmlmod.AutomaticEventSubscriber/LOADING]: Auto-subscribing com.github.alexthe666.iceandfire.misc.IafDamageRegistry to MOD
[16Oct2025 02:43:57.611] [modloading-worker-0/DEBUG] [net.minecraftforge.fml.javafmlmod.AutomaticEventSubscriber/LOADING]: Auto-subscribing com.github.alexthe666.iceandfire.item.IafItemRegistry to MOD
[16Oct2025 02:43:57.614] [modloading-worker-0/DEBUG] [net.minecraftforge.fml.javafmlmod.AutomaticEventSubscriber/LOADING]: Auto-subscribing com.github.alexthe666.iceandfire.event.ServerEvents to FORGE
[16Oct2025 02:43:57.640] [modloading-worker-0/DEBUG] [net.minecraftforge.fml.javafmlmod.AutomaticEventSubscriber/LOADING]: Auto-subscribing com.github.alexthe666.iceandfire.entity.props.CapabilityHandler to FORGE
[16Oct2025 02:43:57.650] [modloading-worker-0/DEBUG] [net.minecraftforge.fml.javafmlmod.AutomaticEventSubscriber/LOADING]: Auto-subscribing com.github.alexthe666.iceandfire.entity.IafVillagerRegistry to MOD
[16Oct2025 02:43:57.650] [modloading-worker-0/DEBUG] [net.minecraftforge.fml.javafmlmod.AutomaticEventSubscriber/LOADING]: Auto-subscribing com.github.alexthe666.iceandfire.entity.IafEntityRegistry to MOD
[16Oct2025 02:43:57.651] [modloading-worker-0/DEBUG] [net.minecraftforge.fml.javafmlmod.AutomaticEventSubscriber/LOADING]: Auto-subscribing com.github.alexthe666.iceandfire.datagen.DataGenerators to MOD
[16Oct2025 02:43:57.670] [modloading-worker-0/DEBUG] [net.minecraftforge.fml.javafmlmod.AutomaticEventSubscriber/LOADING]: Auto-subscribing com.github.alexthe666.iceandfire.block.IafBlockRegistry to MOD
[16Oct2025 02:43:57.670] [modloading-worker-0/DEBUG] [net.minecraftforge.fml.javafmlmod.AutomaticEventSubscriber/LOADING]: Auto-subscribing com.github.alexthe666.iceandfire.IceAndFire to FORGE
[16Oct2025 02:43:57.670] [modloading-worker-0/DEBUG] [net.minecraftforge.fml.javafmlmod.AutomaticEventSubscriber/LOADING]: Auto-subscribing com.github.alexthe666.iceandfire.CommonProxy to MOD
[16Oct2025 02:43:57.708] [modloading-worker-0/DEBUG] [Paraglider/]: Loaded plugin class tictim.paraglider.plugin.ParagliderDefaultPlugin associated with mod paraglider
[16Oct2025 02:43:57.711] [modloading-worker-0/DEBUG] [Paraglider/]: Loaded 1 plugins total
[16Oct2025 02:43:57.715] [modloading-worker-0/DEBUG] [azurelib/IO]: Starting processing of config azurelib
[16Oct2025 02:43:57.715] [modloading-worker-0/DEBUG] [azurelib/IO]: Reading config azurelib
[16Oct2025 02:43:57.723] [modloading-worker-0/DEBUG] [azurelib/IO]: Writing config azurelib
[16Oct2025 02:43:57.730] [modloading-worker-0/DEBUG] [azurelib/IO]: Processing of config azurelib has finished
[16Oct2025 02:43:57.730] [modloading-worker-0/INFO] [azurelib/FileWatching]: Registered azurelib config for auto-sync function
[16Oct2025 02:43:57.748] [modloading-worker-0/DEBUG] [net.minecraftforge.fml.javafmlmod.AutomaticEventSubscriber/LOADING]: Attempting to inject @EventBusSubscriber classes into the eventbus for azurelib
[16Oct2025 02:43:57.748] [modloading-worker-0/DEBUG] [net.minecraftforge.fml.javafmlmod.AutomaticEventSubscriber/LOADING]: Auto-subscribing mod.azure.azurelib.NeoForgeAzureLibMod to FORGE
[16Oct2025 02:43:57.751] [modloading-worker-0/DEBUG] [net.minecraftforge.fml.javafmlmod.AutomaticEventSubscriber/LOADING]: Attempting to inject @EventBusSubscriber classes into the eventbus for cloth_config
[16Oct2025 02:43:57.757] [modloading-worker-0/DEBUG] [net.minecraftforge.fml.config.ConfigTracker/CONFIG]: Config file paraglider-player-states.toml for paraglider tracking
[16Oct2025 02:43:57.771] [modloading-worker-0/DEBUG] [mixin/]: Mixing PlayerListMixin from azurelib.forge.mixins.json into net.minecraft.server.players.PlayerList
[16Oct2025 02:43:57.771] [modloading-worker-0/DEBUG] [mixin/]: Renaming synthetic method lambda$azurelib$sendServerConfigs$0(Lnet/minecraft/server/level/ServerPlayer;Ljava/lang/String;)V to md0e1804$lambda$azurelib$sendServerConfigs$0$0 in azurelib.forge.mixins.json:PlayerListMixin
[16Oct2025 02:43:57.774] [modloading-worker-0/DEBUG] [mixin/]: Mixing camera.PlayerListMixin from securitycraft.mixins.json into net.minecraft.server.players.PlayerList
[16Oct2025 02:43:57.790] [modloading-worker-0/DEBUG] [net.minecraftforge.versions.forge.ForgeVersion/CORE]: Forge Version package package net.minecraftforge.versions.forge, Forge, version 47.3 from cpw.mods.modlauncher.TransformingClassLoader@2ffb3aec
[16Oct2025 02:43:57.792] [modloading-worker-0/DEBUG] [net.minecraftforge.versions.forge.ForgeVersion/CORE]: Found Forge version 47.3.7
[16Oct2025 02:43:57.793] [modloading-worker-0/DEBUG] [net.minecraftforge.versions.forge.ForgeVersion/CORE]: Found Forge spec 47.3
[16Oct2025 02:43:57.794] [modloading-worker-0/DEBUG] [net.minecraftforge.versions.forge.ForgeVersion/CORE]: Found Forge group net.minecraftforge
[16Oct2025 02:43:57.794] [modloading-worker-0/DEBUG] [net.minecraftforge.versions.mcp.MCPVersion/CORE]: MCP Version package package net.minecraftforge.versions.mcp, Minecraft, version 1.20.1 from cpw.mods.modlauncher.TransformingClassLoader@2ffb3aec
[16Oct2025 02:43:57.794] [modloading-worker-0/DEBUG] [net.minecraftforge.versions.mcp.MCPVersion/CORE]: Found MC version information 1.20.1
[16Oct2025 02:43:57.794] [modloading-worker-0/DEBUG] [net.minecraftforge.versions.mcp.MCPVersion/CORE]: Found MCP version information 20230612.114412
[16Oct2025 02:43:57.794] [modloading-worker-0/INFO] [net.minecraftforge.common.ForgeMod/FORGEMOD]: Forge mod loading, version 47.3.7, for MC 1.20.1 with MCP 20230612.114412
[16Oct2025 02:43:57.796] [modloading-worker-0/INFO] [net.minecraftforge.common.MinecraftForge/FORGE]: MinecraftForge v47.3.7 Initialized
[16Oct2025 02:43:57.863] [modloading-worker-0/DEBUG] [net.minecraftforge.fml.config.ConfigTracker/CONFIG]: Config file paraglider-common.toml for paraglider tracking
[16Oct2025 02:43:57.878] [modloading-worker-0/DEBUG] [io.netty.util.internal.PlatformDependent0/]: -Dio.netty.noUnsafe: false
[16Oct2025 02:43:57.878] [modloading-worker-0/DEBUG] [io.netty.util.internal.PlatformDependent0/]: Java version: 17
[16Oct2025 02:43:57.881] [modloading-worker-0/DEBUG] [io.netty.util.internal.PlatformDependent0/]: sun.misc.Unsafe.theUnsafe: available
[16Oct2025 02:43:57.881] [modloading-worker-0/DEBUG] [io.netty.util.internal.PlatformDependent0/]: sun.misc.Unsafe.copyMemory: available
[16Oct2025 02:43:57.882] [modloading-worker-0/DEBUG] [io.netty.util.internal.PlatformDependent0/]: sun.misc.Unsafe.storeFence: available
[16Oct2025 02:43:57.884] [modloading-worker-0/DEBUG] [io.netty.util.internal.PlatformDependent0/]: java.nio.Buffer.address: available
[16Oct2025 02:43:57.884] [modloading-worker-0/DEBUG] [io.netty.util.internal.PlatformDependent0/]: direct buffer constructor: unavailable
java.lang.UnsupportedOperationException: Reflective setAccessible(true) disabled
	at io.netty.util.internal.ReflectionUtil.trySetAccessible(ReflectionUtil.java:31) ~[netty-common-4.1.82.Final.jar%2382!/:4.1.82.Final]
	at io.netty.util.internal.PlatformDependent0$5.run(PlatformDependent0.java:288) ~[netty-common-4.1.82.Final.jar%2382!/:4.1.82.Final]
	at java.security.AccessController.doPrivileged(AccessController.java:318) ~[?:?]
	at io.netty.util.internal.PlatformDependent0.<clinit>(PlatformDependent0.java:282) ~[netty-common-4.1.82.Final.jar%2382!/:4.1.82.Final]
	at io.netty.util.internal.PlatformDependent.isAndroid(PlatformDependent.java:333) ~[netty-common-4.1.82.Final.jar%2382!/:4.1.82.Final]
	at io.netty.util.internal.PlatformDependent.<clinit>(PlatformDependent.java:88) ~[netty-common-4.1.82.Final.jar%2382!/:4.1.82.Final]
	at io.netty.util.ConstantPool.<init>(ConstantPool.java:34) ~[netty-common-4.1.82.Final.jar%2382!/:4.1.82.Final]
	at io.netty.util.AttributeKey$1.<init>(AttributeKey.java:27) ~[netty-common-4.1.82.Final.jar%2382!/:4.1.82.Final]
	at io.netty.util.AttributeKey.<clinit>(AttributeKey.java:27) ~[netty-common-4.1.82.Final.jar%2382!/:4.1.82.Final]
	at net.minecraftforge.network.NetworkConstants.<clinit>(NetworkConstants.java:34) ~[forge-1.20.1-47.3.7-universal.jar%23194!/:?]
	at net.minecraftforge.common.ForgeMod.<init>(ForgeMod.java:429) ~[forge-1.20.1-47.3.7-universal.jar%23194!/:?]
	at jdk.internal.reflect.NativeConstructorAccessorImpl.newInstance0(Native Method) ~[?:?]
	at jdk.internal.reflect.NativeConstructorAccessorImpl.newInstance(NativeConstructorAccessorImpl.java:77) ~[?:?]
	at jdk.internal.reflect.DelegatingConstructorAccessorImpl.newInstance(DelegatingConstructorAccessorImpl.java:45) ~[?:?]
	at java.lang.reflect.Constructor.newInstanceWithCaller(Constructor.java:500) ~[?:?]
	at java.lang.reflect.Constructor.newInstance(Constructor.java:481) ~[?:?]
	at net.minecraftforge.fml.javafmlmod.FMLModContainer.constructMod(FMLModContainer.java:70) ~[javafmllanguage-1.20.1-47.3.7.jar%23191!/:?]
	at net.minecraftforge.fml.ModContainer.lambda$buildTransitionHandler$4(ModContainer.java:124) ~[fmlcore-1.20.1-47.3.7.jar%23190!/:?]
	at java.util.concurrent.CompletableFuture$AsyncRun.run(CompletableFuture.java:1804) ~[?:?]
	at java.util.concurrent.CompletableFuture$AsyncRun.exec(CompletableFuture.java:1796) ~[?:?]
	at java.util.concurrent.ForkJoinTask.doExec(ForkJoinTask.java:373) ~[?:?]
	at java.util.concurrent.ForkJoinPool$WorkQueue.topLevelExec(ForkJoinPool.java:1182) ~[?:?]
	at java.util.concurrent.ForkJoinPool.scan(ForkJoinPool.java:1655) ~[?:?]
	at java.util.concurrent.ForkJoinPool.runWorker(ForkJoinPool.java:1622) ~[?:?]
	at java.util.concurrent.ForkJoinWorkerThread.run(ForkJoinWorkerThread.java:165) ~[?:?]
[16Oct2025 02:43:57.887] [modloading-worker-0/DEBUG] [io.netty.util.internal.PlatformDependent0/]: java.nio.Bits.unaligned: available, true
[16Oct2025 02:43:57.889] [modloading-worker-0/DEBUG] [io.netty.util.internal.PlatformDependent0/]: jdk.internal.misc.Unsafe.allocateUninitializedArray(int): unavailable
java.lang.IllegalAccessException: class io.netty.util.internal.PlatformDependent0$7 (in module io.netty.common) cannot access class jdk.internal.misc.Unsafe (in module java.base) because module java.base does not export jdk.internal.misc to module io.netty.common
	at jdk.internal.reflect.Reflection.newIllegalAccessException(Reflection.java:392) ~[?:?]
	at java.lang.reflect.AccessibleObject.checkAccess(AccessibleObject.java:674) ~[?:?]
	at java.lang.reflect.Method.invoke(Method.java:561) ~[?:?]
	at io.netty.util.internal.PlatformDependent0$7.run(PlatformDependent0.java:410) ~[netty-common-4.1.82.Final.jar%2382!/:4.1.82.Final]
	at java.security.AccessController.doPrivileged(AccessController.java:318) ~[?:?]
	at io.netty.util.internal.PlatformDependent0.<clinit>(PlatformDependent0.java:401) ~[netty-common-4.1.82.Final.jar%2382!/:4.1.82.Final]
	at io.netty.util.internal.PlatformDependent.isAndroid(PlatformDependent.java:333) ~[netty-common-4.1.82.Final.jar%2382!/:4.1.82.Final]
	at io.netty.util.internal.PlatformDependent.<clinit>(PlatformDependent.java:88) ~[netty-common-4.1.82.Final.jar%2382!/:4.1.82.Final]
	at io.netty.util.ConstantPool.<init>(ConstantPool.java:34) ~[netty-common-4.1.82.Final.jar%2382!/:4.1.82.Final]
	at io.netty.util.AttributeKey$1.<init>(AttributeKey.java:27) ~[netty-common-4.1.82.Final.jar%2382!/:4.1.82.Final]
	at io.netty.util.AttributeKey.<clinit>(AttributeKey.java:27) ~[netty-common-4.1.82.Final.jar%2382!/:4.1.82.Final]
	at net.minecraftforge.network.NetworkConstants.<clinit>(NetworkConstants.java:34) ~[forge-1.20.1-47.3.7-universal.jar%23194!/:?]
	at net.minecraftforge.common.ForgeMod.<init>(ForgeMod.java:429) ~[forge-1.20.1-47.3.7-universal.jar%23194!/:?]
	at jdk.internal.reflect.NativeConstructorAccessorImpl.newInstance0(Native Method) ~[?:?]
	at jdk.internal.reflect.NativeConstructorAccessorImpl.newInstance(NativeConstructorAccessorImpl.java:77) ~[?:?]
	at jdk.internal.reflect.DelegatingConstructorAccessorImpl.newInstance(DelegatingConstructorAccessorImpl.java:45) ~[?:?]
	at java.lang.reflect.Constructor.newInstanceWithCaller(Constructor.java:500) ~[?:?]
	at java.lang.reflect.Constructor.newInstance(Constructor.java:481) ~[?:?]
	at net.minecraftforge.fml.javafmlmod.FMLModContainer.constructMod(FMLModContainer.java:70) ~[javafmllanguage-1.20.1-47.3.7.jar%23191!/:?]
	at net.minecraftforge.fml.ModContainer.lambda$buildTransitionHandler$4(ModContainer.java:124) ~[fmlcore-1.20.1-47.3.7.jar%23190!/:?]
	at java.util.concurrent.CompletableFuture$AsyncRun.run(CompletableFuture.java:1804) ~[?:?]
	at java.util.concurrent.CompletableFuture$AsyncRun.exec(CompletableFuture.java:1796) ~[?:?]
	at java.util.concurrent.ForkJoinTask.doExec(ForkJoinTask.java:373) ~[?:?]
	at java.util.concurrent.ForkJoinPool$WorkQueue.topLevelExec(ForkJoinPool.java:1182) ~[?:?]
	at java.util.concurrent.ForkJoinPool.scan(ForkJoinPool.java:1655) ~[?:?]
	at java.util.concurrent.ForkJoinPool.runWorker(ForkJoinPool.java:1622) ~[?:?]
	at java.util.concurrent.ForkJoinWorkerThread.run(ForkJoinWorkerThread.java:165) ~[?:?]
[16Oct2025 02:43:57.894] [modloading-worker-0/DEBUG] [io.netty.util.internal.PlatformDependent0/]: java.nio.DirectByteBuffer.<init>(long, int): unavailable
[16Oct2025 02:43:57.894] [modloading-worker-0/DEBUG] [io.netty.util.internal.PlatformDependent/]: sun.misc.Unsafe: available
[16Oct2025 02:43:57.895] [modloading-worker-0/DEBUG] [io.netty.util.internal.PlatformDependent/]: maxDirectMemory: 8589934592 bytes (maybe)
[16Oct2025 02:43:57.895] [modloading-worker-0/DEBUG] [io.netty.util.internal.PlatformDependent/]: -Dio.netty.tmpdir: /tmp (java.io.tmpdir)
[16Oct2025 02:43:57.895] [modloading-worker-0/DEBUG] [io.netty.util.internal.PlatformDependent/]: -Dio.netty.bitMode: 64 (sun.arch.data.model)
[16Oct2025 02:43:57.900] [modloading-worker-0/DEBUG] [io.netty.util.internal.PlatformDependent/]: -Dio.netty.maxDirectMemory: -1 bytes
[16Oct2025 02:43:57.900] [modloading-worker-0/DEBUG] [io.netty.util.internal.PlatformDependent/]: -Dio.netty.uninitializedArrayAllocationThreshold: -1
[16Oct2025 02:43:57.901] [modloading-worker-0/DEBUG] [io.netty.util.internal.CleanerJava9/]: java.nio.ByteBuffer.cleaner(): available
[16Oct2025 02:43:57.901] [modloading-worker-0/DEBUG] [io.netty.util.internal.PlatformDependent/]: -Dio.netty.noPreferDirect: false
[16Oct2025 02:43:57.923] [modloading-worker-0/DEBUG] [net.minecraftforge.fml.config.ConfigTracker/CONFIG]: Config file paraglider-server.toml for paraglider tracking
[16Oct2025 02:43:57.925] [modloading-worker-0/DEBUG] [net.minecraftforge.fml.javafmlmod.AutomaticEventSubscriber/LOADING]: Attempting to inject @EventBusSubscriber classes into the eventbus for paraglider
[16Oct2025 02:43:57.926] [modloading-worker-0/DEBUG] [net.minecraftforge.fml.javafmlmod.AutomaticEventSubscriber/LOADING]: Auto-subscribing tictim.paraglider.forge.contents.ForgeBargainTypeRegistry to MOD
[16Oct2025 02:43:57.930] [modloading-worker-0/DEBUG] [net.minecraftforge.fml.javafmlmod.AutomaticEventSubscriber/LOADING]: Auto-subscribing tictim.paraglider.forge.event.ParagliderEventHandler to FORGE
[16Oct2025 02:43:57.938] [modloading-worker-0/DEBUG] [net.minecraftforge.fml.javafmlmod.AutomaticEventSubscriber/LOADING]: Auto-subscribing tictim.paraglider.forge.event.WindEventHandler to FORGE
[16Oct2025 02:43:57.949] [modloading-worker-0/DEBUG] [net.minecraftforge.common.ForgeMod/FORGEMOD]: Loading Network data for FML net version: FML3
[16Oct2025 02:43:57.962] [modloading-worker-0/DEBUG] [net.minecraftforge.fml.config.ConfigTracker/CONFIG]: Config file structure_gel-common.toml for structure_gel tracking
[16Oct2025 02:43:57.970] [modloading-worker-0/DEBUG] [net.minecraftforge.fml.config.ConfigTracker/CONFIG]: Config file forge-client.toml for forge tracking
[16Oct2025 02:43:57.971] [modloading-worker-0/DEBUG] [net.minecraftforge.fml.config.ConfigTracker/CONFIG]: Config file forge-server.toml for forge tracking
[16Oct2025 02:43:57.971] [modloading-worker-0/DEBUG] [net.minecraftforge.fml.ModLoadingContext/]: Attempted to register an empty config for type COMMON on mod forge
[16Oct2025 02:43:57.988] [modloading-worker-0/DEBUG] [mixin/]: Mixing ConditionHackMixin from moonlight.mixins.json into net.minecraft.server.packs.resources.SimplePreparableReloadListener
[16Oct2025 02:43:58.009] [modloading-worker-0/DEBUG] [mixin/]: Mixing ReloadableServerResourcesMixin from moonlight-common.mixins.json into net.minecraft.server.ReloadableServerResources
[16Oct2025 02:43:58.021] [modloading-worker-0/DEBUG] [net.minecraftforge.fml.javafmlmod.AutomaticEventSubscriber/LOADING]: Attempting to inject @EventBusSubscriber classes into the eventbus for forge
[16Oct2025 02:43:58.026] [modloading-worker-0/DEBUG] [net.minecraftforge.fml.javafmlmod.AutomaticEventSubscriber/LOADING]: Auto-subscribing net.minecraftforge.common.ForgeSpawnEggItem$CommonHandler to MOD
[16Oct2025 02:43:58.115] [modloading-worker-0/DEBUG] [net.minecraftforge.fml.javafmlmod.AutomaticEventSubscriber/LOADING]: Attempting to inject @EventBusSubscriber classes into the eventbus for structure_gel
[16Oct2025 02:43:58.116] [modloading-worker-0/DEBUG] [net.minecraftforge.fml.javafmlmod.AutomaticEventSubscriber/LOADING]: Auto-subscribing com.legacy.structure_gel.core.events.SGCommonEvents$ModBus to MOD
[16Oct2025 02:43:58.123] [modloading-worker-0/DEBUG] [net.minecraftforge.fml.javafmlmod.AutomaticEventSubscriber/LOADING]: Auto-subscribing com.legacy.structure_gel.core.events.SGCommonEvents$ForgeBus to FORGE
[16Oct2025 02:43:58.147] [modloading-worker-0/INFO] [net.msp.ancientscribes.procedures.RarityUpgradeProcedure/]: Registering RarityUpgradeRecipe serializer for ancientscribes:rarity_upgrade
[16Oct2025 02:43:58.152] [modloading-worker-0/DEBUG] [net.minecraftforge.fml.javafmlmod.AutomaticEventSubscriber/LOADING]: Attempting to inject @EventBusSubscriber classes into the eventbus for ancient_scribes
[16Oct2025 02:43:58.152] [modloading-worker-0/DEBUG] [net.minecraftforge.fml.javafmlmod.AutomaticEventSubscriber/LOADING]: Auto-subscribing net.msp.ancientscribes.world.inventory.MythicTableGUIMenu to FORGE
[16Oct2025 02:43:58.161] [modloading-worker-0/DEBUG] [net.minecraftforge.fml.javafmlmod.AutomaticEventSubscriber/LOADING]: Auto-subscribing net.msp.ancientscribes.procedures.WateritemProcedure to FORGE
[16Oct2025 02:43:58.162] [modloading-worker-0/DEBUG] [net.minecraftforge.fml.javafmlmod.AutomaticEventSubscriber/LOADING]: Auto-subscribing net.msp.ancientscribes.procedures.UseSilverMirrorProcedure to FORGE
[16Oct2025 02:43:58.168] [modloading-worker-0/DEBUG] [net.minecraftforge.fml.javafmlmod.AutomaticEventSubscriber/LOADING]: Auto-subscribing net.msp.ancientscribes.procedures.UseSilverMirrorPriNazhatiiKlavishiProcedure to FORGE
[16Oct2025 02:43:58.174] [modloading-worker-0/DEBUG] [net.minecraftforge.fml.javafmlmod.AutomaticEventSubscriber/LOADING]: Auto-subscribing net.msp.ancientscribes.procedures.UsePortalizerProcedure to FORGE
[16Oct2025 02:43:58.177] [modloading-worker-0/DEBUG] [net.minecraftforge.fml.javafmlmod.AutomaticEventSubscriber/LOADING]: Auto-subscribing net.msp.ancientscribes.procedures.UseNetheriteAmuletProcedure to FORGE
[16Oct2025 02:43:58.181] [modloading-worker-0/DEBUG] [net.minecraftforge.fml.javafmlmod.AutomaticEventSubscriber/LOADING]: Auto-subscribing net.msp.ancientscribes.procedures.UseGoldenRingProcedure to FORGE
[16Oct2025 02:43:58.183] [modloading-worker-0/DEBUG] [net.minecraftforge.fml.javafmlmod.AutomaticEventSubscriber/LOADING]: Auto-subscribing net.msp.ancientscribes.procedures.UseGoldenHarpProcedure to FORGE
[16Oct2025 02:43:58.187] [modloading-worker-0/DEBUG] [net.minecraftforge.fml.javafmlmod.AutomaticEventSubscriber/LOADING]: Auto-subscribing net.msp.ancientscribes.procedures.UseGoldenAmuletProcedure to FORGE
[16Oct2025 02:43:58.191] [modloading-worker-0/DEBUG] [net.minecraftforge.fml.javafmlmod.AutomaticEventSubscriber/LOADING]: Auto-subscribing net.msp.ancientscribes.procedures.UseFlameBowlProcedure to FORGE
[16Oct2025 02:43:58.195] [modloading-worker-0/DEBUG] [net.minecraftforge.fml.javafmlmod.AutomaticEventSubscriber/LOADING]: Auto-subscribing net.msp.ancientscribes.procedures.UseEternalAmuletProcedure to FORGE
[16Oct2025 02:43:58.196] [modloading-worker-0/DEBUG] [net.minecraftforge.fml.javafmlmod.AutomaticEventSubscriber/LOADING]: Auto-subscribing net.msp.ancientscribes.procedures.UseAresBraceletProcedure to FORGE
[16Oct2025 02:43:58.200] [modloading-worker-0/DEBUG] [net.minecraftforge.fml.javafmlmod.AutomaticEventSubscriber/LOADING]: Auto-subscribing net.msp.ancientscribes.procedures.UseAllSeeingEyeProcedure to FORGE
[16Oct2025 02:43:58.204] [modloading-worker-0/DEBUG] [net.minecraftforge.fml.javafmlmod.AutomaticEventSubscriber/LOADING]: Auto-subscribing net.msp.ancientscribes.procedures.TooltipsRuneBookProcedure to FORGE
[16Oct2025 02:43:58.207] [modloading-worker-0/DEBUG] [net.minecraftforge.fml.javafmlmod.AutomaticEventSubscriber/LOADING]: Auto-subscribing net.msp.ancientscribes.procedures.TooltipsProcedure to FORGE
[16Oct2025 02:43:58.210] [modloading-worker-0/DEBUG] [net.minecraftforge.fml.javafmlmod.AutomaticEventSubscriber/LOADING]: Auto-subscribing net.msp.ancientscribes.procedures.SilverMirrorBindPriNazhatiiKlavishiProcedure to FORGE
[16Oct2025 02:43:58.214] [modloading-worker-0/DEBUG] [net.minecraftforge.fml.javafmlmod.AutomaticEventSubscriber/LOADING]: Auto-subscribing net.msp.ancientscribes.procedures.SetVariablesProcedure to FORGE
[16Oct2025 02:43:58.215] [modloading-worker-0/DEBUG] [net.minecraftforge.fml.javafmlmod.AutomaticEventSubscriber/LOADING]: Auto-subscribing net.msp.ancientscribes.procedures.SetStatsArtifactsProcedure to FORGE
[16Oct2025 02:43:58.218] [modloading-worker-0/DEBUG] [net.minecraftforge.fml.javafmlmod.AutomaticEventSubscriber/LOADING]: Auto-subscribing net.msp.ancientscribes.procedures.SetSpawnCoordsProcedure to FORGE
[16Oct2025 02:43:58.219] [modloading-worker-0/DEBUG] [net.minecraftforge.fml.javafmlmod.AutomaticEventSubscriber/LOADING]: Auto-subscribing net.msp.ancientscribes.procedures.SetRarityItemProcedure to FORGE
[16Oct2025 02:43:58.221] [modloading-worker-0/DEBUG] [net.minecraftforge.fml.javafmlmod.AutomaticEventSubscriber/LOADING]: Auto-subscribing net.msp.ancientscribes.procedures.SetCooldawnOnArtifactsProcedure to FORGE
[16Oct2025 02:43:58.223] [modloading-worker-0/DEBUG] [net.minecraftforge.fml.javafmlmod.AutomaticEventSubscriber/LOADING]: Auto-subscribing net.msp.ancientscribes.procedures.HideTagsProcedure to FORGE
[16Oct2025 02:43:58.226] [modloading-worker-0/DEBUG] [net.minecraftforge.fml.javafmlmod.AutomaticEventSubscriber/LOADING]: Auto-subscribing net.msp.ancientscribes.procedures.EctoPlasmaDropProcedure to FORGE
[16Oct2025 02:43:58.227] [modloading-worker-0/DEBUG] [net.minecraftforge.fml.javafmlmod.AutomaticEventSubscriber/LOADING]: Auto-subscribing net.msp.ancientscribes.procedures.DolfinFinDropProcedure to FORGE
[16Oct2025 02:43:58.230] [modloading-worker-0/DEBUG] [net.minecraftforge.fml.javafmlmod.AutomaticEventSubscriber/LOADING]: Auto-subscribing net.msp.ancientscribes.network.UseMessage to MOD
[16Oct2025 02:43:58.232] [modloading-worker-0/DEBUG] [net.minecraftforge.fml.javafmlmod.AutomaticEventSubscriber/LOADING]: Auto-subscribing net.msp.ancientscribes.network.UseAbilityMessage to MOD
[16Oct2025 02:43:58.233] [modloading-worker-0/DEBUG] [net.minecraftforge.fml.javafmlmod.AutomaticEventSubscriber/LOADING]: Auto-subscribing net.msp.ancientscribes.network.MythicTableGUISlotMessage to MOD
[16Oct2025 02:43:58.236] [modloading-worker-0/DEBUG] [net.minecraftforge.fml.javafmlmod.AutomaticEventSubscriber/LOADING]: Auto-subscribing net.msp.ancientscribes.network.AncientScribesModVariables to MOD
[16Oct2025 02:43:58.240] [modloading-worker-0/DEBUG] [net.minecraftforge.fml.javafmlmod.AutomaticEventSubscriber/LOADING]: Auto-subscribing net.msp.ancientscribes.network.AncientScribesModVariables$PlayerVariablesProvider to FORGE
[16Oct2025 02:43:58.244] [modloading-worker-0/DEBUG] [net.minecraftforge.fml.javafmlmod.AutomaticEventSubscriber/LOADING]: Auto-subscribing net.msp.ancientscribes.network.AncientScribesModVariables$EventBusVariableHandlers to FORGE
[16Oct2025 02:43:58.247] [modloading-worker-0/DEBUG] [net.minecraftforge.fml.javafmlmod.AutomaticEventSubscriber/LOADING]: Auto-subscribing net.msp.ancientscribes.init.AncientScribesModTabs to MOD
[16Oct2025 02:43:58.248] [modloading-worker-0/DEBUG] [net.minecraftforge.fml.javafmlmod.AutomaticEventSubscriber/LOADING]: Auto-subscribing net.msp.ancientscribes.init.AncientScribesModRecipeTypes to MOD
[16Oct2025 02:43:58.249] [modloading-worker-0/DEBUG] [net.minecraftforge.fml.javafmlmod.AutomaticEventSubscriber/LOADING]: Auto-subscribing net.msp.ancientscribes.init.AncientScribesModCuriosSlots to MOD
[16Oct2025 02:43:58.251] [modloading-worker-0/DEBUG] [net.minecraftforge.fml.javafmlmod.AutomaticEventSubscriber/LOADING]: Auto-subscribing net.msp.ancientscribes.init.AncientScribesModCuriosRenderers to MOD
[16Oct2025 02:43:58.254] [modloading-worker-0/DEBUG] [net.minecraftforge.fml.javafmlmod.AutomaticEventSubscriber/LOADING]: Attempting to inject @EventBusSubscriber classes into the eventbus for lowlands_clothing
[16Oct2025 02:43:58.254] [modloading-worker-0/DEBUG] [net.minecraftforge.fml.javafmlmod.AutomaticEventSubscriber/LOADING]: Auto-subscribing net.mcreator.lowlandsclothing.network.LowlandsClothingModVariables to MOD
[16Oct2025 02:43:58.258] [modloading-worker-0/DEBUG] [net.minecraftforge.fml.javafmlmod.AutomaticEventSubscriber/LOADING]: Auto-subscribing net.mcreator.lowlandsclothing.network.LowlandsClothingModVariables$PlayerVariablesProvider to FORGE
[16Oct2025 02:43:58.258] [modloading-worker-0/DEBUG] [net.minecraftforge.fml.javafmlmod.AutomaticEventSubscriber/LOADING]: Auto-subscribing net.msp.ancientscribes.command.SetRarityCommand to FORGE
[16Oct2025 02:43:58.259] [modloading-worker-0/DEBUG] [net.minecraftforge.fml.javafmlmod.AutomaticEventSubscriber/LOADING]: Auto-subscribing net.mcreator.lowlandsclothing.network.LowlandsClothingModVariables$EventBusVariableHandlers to FORGE
[16Oct2025 02:43:58.266] [modloading-worker-0/DEBUG] [net.minecraftforge.fml.javafmlmod.AutomaticEventSubscriber/LOADING]: Auto-subscribing net.mcreator.lowlandsclothing.init.LowlandsClothingModTabs to MOD
[16Oct2025 02:43:58.266] [modloading-worker-0/DEBUG] [net.minecraftforge.fml.javafmlmod.AutomaticEventSubscriber/LOADING]: Auto-subscribing net.mcreator.lowlandsclothing.init.LowlandsClothingModEntities to MOD
[16Oct2025 02:43:58.386] [modloading-worker-0/DEBUG] [net.minecraftforge.fml.config.ConfigTracker/CONFIG]: Config file monsterexpansion-common.toml for monsterexpansion tracking
[16Oct2025 02:43:58.386] [modloading-worker-0/DEBUG] [net.minecraftforge.fml.javafmlmod.AutomaticEventSubscriber/LOADING]: Attempting to inject @EventBusSubscriber classes into the eventbus for monsterexpansion
[16Oct2025 02:43:58.386] [modloading-worker-0/DEBUG] [net.minecraftforge.fml.javafmlmod.AutomaticEventSubscriber/LOADING]: Auto-subscribing net.alp.monsterexpansion.event.SkrytheSetBonusEvents to FORGE
[16Oct2025 02:43:58.394] [modloading-worker-0/DEBUG] [net.minecraftforge.fml.javafmlmod.AutomaticEventSubscriber/LOADING]: Auto-subscribing net.alp.monsterexpansion.event.RhyzaSetBonusEvents to FORGE
[16Oct2025 02:43:58.396] [modloading-worker-0/DEBUG] [net.minecraftforge.fml.javafmlmod.AutomaticEventSubscriber/LOADING]: Auto-subscribing net.alp.monsterexpansion.event.RhyzaInvisiblityEvents to FORGE
[16Oct2025 02:43:58.397] [modloading-worker-0/DEBUG] [net.minecraftforge.fml.javafmlmod.AutomaticEventSubscriber/LOADING]: Auto-subscribing net.alp.monsterexpansion.event.ModEventBusEvents to MOD
[16Oct2025 02:43:58.402] [modloading-worker-0/DEBUG] [net.minecraftforge.fml.javafmlmod.AutomaticEventSubscriber/LOADING]: Auto-subscribing net.alp.monsterexpansion.event.LargeMonsterUninterruptibleEvents to FORGE
[16Oct2025 02:43:58.405] [modloading-worker-0/DEBUG] [net.minecraftforge.fml.javafmlmod.AutomaticEventSubscriber/LOADING]: Auto-subscribing net.alp.monsterexpansion.event.ForgeServerEvents to FORGE
[16Oct2025 02:43:58.405] [modloading-worker-0/DEBUG] [net.minecraftforge.fml.javafmlmod.AutomaticEventSubscriber/LOADING]: Auto-subscribing net.alp.monsterexpansion.event.CloakedEffectEvents to FORGE
[16Oct2025 02:43:58.406] [modloading-worker-0/DEBUG] [net.minecraftforge.fml.javafmlmod.AutomaticEventSubscriber/LOADING]: Auto-subscribing net.alp.monsterexpansion.event.BlindedEffectEvents to FORGE
[16Oct2025 02:43:58.409] [modloading-worker-0/DEBUG] [net.minecraftforge.fml.javafmlmod.AutomaticEventSubscriber/LOADING]: Auto-subscribing net.alp.monsterexpansion.Config to MOD
[16Oct2025 02:43:58.442] [modloading-worker-0/DEBUG] [net.minecraftforge.fml.config.ConfigTracker/CONFIG]: Config file moonlight-common.toml for moonlight tracking
[16Oct2025 02:43:58.738] [modloading-worker-0/DEBUG] [net.minecraftforge.fml.javafmlmod.AutomaticEventSubscriber/LOADING]: Attempting to inject @EventBusSubscriber classes into the eventbus for moonlight
[16Oct2025 02:43:58.979] [modloading-worker-0/DEBUG] [net.minecraftforge.fml.javafmlmod.AutomaticEventSubscriber/LOADING]: Attempting to inject @EventBusSubscriber classes into the eventbus for block_factorys_bosses
[16Oct2025 02:43:58.979] [modloading-worker-0/DEBUG] [net.minecraftforge.fml.javafmlmod.AutomaticEventSubscriber/LOADING]: Auto-subscribing net.unusual.blockfactorysbosses.procedures.PlayerRollHandlerProcedure to FORGE
[16Oct2025 02:43:58.983] [modloading-worker-0/DEBUG] [net.minecraftforge.fml.javafmlmod.AutomaticEventSubscriber/LOADING]: Auto-subscribing net.unusual.blockfactorysbosses.procedures.NoHitBossBattleTriggerProcedure to FORGE
[16Oct2025 02:43:58.985] [modloading-worker-0/DEBUG] [net.minecraftforge.fml.javafmlmod.AutomaticEventSubscriber/LOADING]: Auto-subscribing net.unusual.blockfactorysbosses.procedures.MusicStopHandlerProcedure to FORGE
[16Oct2025 02:43:58.987] [modloading-worker-0/DEBUG] [net.minecraftforge.fml.javafmlmod.AutomaticEventSubscriber/LOADING]: Auto-subscribing net.unusual.blockfactorysbosses.procedures.MusicHandlerProcedure to FORGE
[16Oct2025 02:43:58.989] [modloading-worker-0/DEBUG] [net.minecraftforge.fml.javafmlmod.AutomaticEventSubscriber/LOADING]: Auto-subscribing net.unusual.blockfactorysbosses.procedures.CinematicInvulnerabilityProcedure to FORGE
[16Oct2025 02:43:58.998] [modloading-worker-0/DEBUG] [net.minecraftforge.fml.javafmlmod.AutomaticEventSubscriber/LOADING]: Auto-subscribing net.unusual.blockfactorysbosses.procedures.BossCancelDieProcedure to FORGE
[16Oct2025 02:43:59.004] [modloading-worker-0/DEBUG] [net.minecraftforge.fml.javafmlmod.AutomaticEventSubscriber/LOADING]: Auto-subscribing net.unusual.blockfactorysbosses.procedures.BossCancelDie2Procedure to FORGE
[16Oct2025 02:43:59.007] [modloading-worker-0/DEBUG] [net.minecraftforge.fml.javafmlmod.AutomaticEventSubscriber/LOADING]: Auto-subscribing net.unusual.blockfactorysbosses.network.DodgeRollMessage to MOD
[16Oct2025 02:43:59.008] [modloading-worker-0/DEBUG] [net.minecraftforge.fml.javafmlmod.AutomaticEventSubscriber/LOADING]: Auto-subscribing net.unusual.blockfactorysbosses.network.BlockFactorysBossesModVariables to MOD
[16Oct2025 02:43:59.009] [modloading-worker-0/DEBUG] [net.minecraftforge.fml.javafmlmod.AutomaticEventSubscriber/LOADING]: Auto-subscribing net.unusual.blockfactorysbosses.network.BlockFactorysBossesModVariables$PlayerVariablesProvider to FORGE
[16Oct2025 02:43:59.010] [modloading-worker-0/DEBUG] [net.minecraftforge.fml.javafmlmod.AutomaticEventSubscriber/LOADING]: Auto-subscribing net.unusual.blockfactorysbosses.network.BlockFactorysBossesModVariables$EventBusVariableHandlers to FORGE
[16Oct2025 02:43:59.014] [modloading-worker-0/DEBUG] [net.minecraftforge.fml.javafmlmod.AutomaticEventSubscriber/LOADING]: Auto-subscribing net.unusual.blockfactorysbosses.init.BlockFactorysBossesModTabs to MOD
[16Oct2025 02:43:59.014] [modloading-worker-0/DEBUG] [net.minecraftforge.fml.javafmlmod.AutomaticEventSubscriber/LOADING]: Auto-subscribing net.unusual.blockfactorysbosses.init.BlockFactorysBossesModEntities to MOD
[16Oct2025 02:43:59.016] [modloading-worker-0/DEBUG] [net.minecraftforge.fml.javafmlmod.AutomaticEventSubscriber/LOADING]: Auto-subscribing net.unusual.blockfactorysbosses.init.BlockFactorysBossesModConfigs to MOD
[16Oct2025 02:43:59.017] [modloading-worker-0/DEBUG] [net.minecraftforge.fml.javafmlmod.AutomaticEventSubscriber/LOADING]: Auto-subscribing net.unusual.blockfactorysbosses.init.BlockFactorysBossesModAttributes to MOD
[16Oct2025 02:43:59.025] [modloading-worker-0/DEBUG] [net.minecraftforge.fml.javafmlmod.AutomaticEventSubscriber/LOADING]: Auto-subscribing net.unusual.blockfactorysbosses.init.BlockFactorysBossesModAttributes$PlayerAttributesSync to FORGE
[16Oct2025 02:43:59.025] [modloading-worker-0/DEBUG] [net.minecraftforge.fml.javafmlmod.AutomaticEventSubscriber/LOADING]: Auto-subscribing net.unusual.blockfactorysbosses.command.PosDebugCommand to FORGE
[16Oct2025 02:43:59.026] [modloading-worker-0/DEBUG] [net.minecraftforge.fml.javafmlmod.AutomaticEventSubscriber/LOADING]: Auto-subscribing net.unusual.blockfactorysbosses.AttributesModifier to FORGE
[16Oct2025 02:43:59.063] [modloading-worker-0/DEBUG] [net.minecraftforge.fml.javafmlmod.AutomaticEventSubscriber/LOADING]: Attempting to inject @EventBusSubscriber classes into the eventbus for more_critters
[16Oct2025 02:43:59.063] [modloading-worker-0/DEBUG] [net.minecraftforge.fml.javafmlmod.AutomaticEventSubscriber/LOADING]: Auto-subscribing net.mcreator.morecritters.world.features.StructureFeature to FORGE
[16Oct2025 02:43:59.063] [modloading-worker-0/DEBUG] [net.minecraftforge.fml.javafmlmod.AutomaticEventSubscriber/LOADING]: Auto-subscribing net.mcreator.morecritters.recipes.brewing.ShriekResistanceCrfBrewingRecipe to MOD
[16Oct2025 02:43:59.064] [modloading-worker-0/DEBUG] [net.minecraftforge.fml.javafmlmod.AutomaticEventSubscriber/LOADING]: Auto-subscribing net.mcreator.morecritters.recipes.brewing.RatBrew7BrewingRecipe to MOD
[16Oct2025 02:43:59.069] [modloading-worker-0/DEBUG] [net.minecraftforge.fml.javafmlmod.AutomaticEventSubscriber/LOADING]: Auto-subscribing net.mcreator.morecritters.recipes.brewing.RatBrew4BrewingRecipe to MOD
[16Oct2025 02:43:59.069] [modloading-worker-0/DEBUG] [net.minecraftforge.fml.javafmlmod.AutomaticEventSubscriber/LOADING]: Auto-subscribing net.mcreator.morecritters.recipes.brewing.RatBrew1BrewingRecipe to MOD
[16Oct2025 02:43:59.078] [modloading-worker-0/DEBUG] [net.minecraftforge.fml.javafmlmod.AutomaticEventSubscriber/LOADING]: Auto-subscribing net.mcreator.morecritters.recipes.brewing.RatBrew12BrewingRecipe to MOD
[16Oct2025 02:43:59.079] [modloading-worker-0/DEBUG] [net.minecraftforge.fml.javafmlmod.AutomaticEventSubscriber/LOADING]: Auto-subscribing net.mcreator.morecritters.recipes.brewing.RatBrew10BrewingRecipe to MOD
[16Oct2025 02:43:59.084] [modloading-worker-0/DEBUG] [net.minecraftforge.fml.javafmlmod.AutomaticEventSubscriber/LOADING]: Auto-subscribing net.mcreator.morecritters.recipes.brewing.FrostbiteBrewBrewingRecipe to MOD
[16Oct2025 02:43:59.085] [modloading-worker-0/DEBUG] [net.minecraftforge.fml.javafmlmod.AutomaticEventSubscriber/LOADING]: Auto-subscribing net.mcreator.morecritters.recipes.brewing.EndsBlessingBrewBrewingRecipe to MOD
[16Oct2025 02:43:59.090] [modloading-worker-0/DEBUG] [net.minecraftforge.fml.javafmlmod.AutomaticEventSubscriber/LOADING]: Auto-subscribing net.mcreator.morecritters.recipes.brewing.CupcakeBrew5BrewingRecipe to MOD
[16Oct2025 02:43:59.090] [modloading-worker-0/DEBUG] [net.minecraftforge.fml.javafmlmod.AutomaticEventSubscriber/LOADING]: Auto-subscribing net.mcreator.morecritters.recipes.brewing.CupcakeBrew4BrewingRecipe to MOD
[16Oct2025 02:43:59.095] [modloading-worker-0/DEBUG] [net.minecraftforge.fml.javafmlmod.AutomaticEventSubscriber/LOADING]: Auto-subscribing net.mcreator.morecritters.recipes.brewing.CupcakeBrew3BrewingRecipe to MOD
[16Oct2025 02:43:59.097] [modloading-worker-0/DEBUG] [net.minecraftforge.fml.javafmlmod.AutomaticEventSubscriber/LOADING]: Auto-subscribing net.mcreator.morecritters.recipes.brewing.CupcakeBrew2BrewingRecipe to MOD
[16Oct2025 02:43:59.101] [modloading-worker-0/DEBUG] [net.minecraftforge.fml.javafmlmod.AutomaticEventSubscriber/LOADING]: Auto-subscribing net.mcreator.morecritters.recipes.brewing.CupcakeBrew1BrewingRecipe to MOD
[16Oct2025 02:43:59.102] [modloading-worker-0/DEBUG] [net.minecraftforge.fml.javafmlmod.AutomaticEventSubscriber/LOADING]: Auto-subscribing net.mcreator.morecritters.procedures.ZoglinHurtsEffectEntityProcedure to FORGE
[16Oct2025 02:43:59.106] [modloading-worker-0/DEBUG] [net.minecraftforge.fml.javafmlmod.AutomaticEventSubscriber/LOADING]: Auto-subscribing net.mcreator.morecritters.procedures.WarpTrapKillProcedure to FORGE
[16Oct2025 02:43:59.109] [modloading-worker-0/DEBUG] [net.minecraftforge.fml.javafmlmod.AutomaticEventSubscriber/LOADING]: Auto-subscribing net.mcreator.morecritters.procedures.WarpTrapAttackProcedure to FORGE
[16Oct2025 02:43:59.114] [modloading-worker-0/DEBUG] [net.minecraftforge.fml.javafmlmod.AutomaticEventSubscriber/LOADING]: Auto-subscribing net.mcreator.morecritters.procedures.TaserAttackedProcedure to FORGE
[16Oct2025 02:43:59.120] [modloading-worker-0/DEBUG] [net.minecraftforge.fml.javafmlmod.AutomaticEventSubscriber/LOADING]: Auto-subscribing net.mcreator.morecritters.procedures.SturdyArmorHurtProcedure to FORGE
[16Oct2025 02:43:59.123] [modloading-worker-0/DEBUG] [net.minecraftforge.fml.javafmlmod.AutomaticEventSubscriber/LOADING]: Auto-subscribing net.mcreator.morecritters.procedures.SnowflakeSpiderAttackProcedure to FORGE
[16Oct2025 02:43:59.127] [modloading-worker-0/DEBUG] [net.minecraftforge.fml.javafmlmod.AutomaticEventSubscriber/LOADING]: Auto-subscribing net.mcreator.morecritters.procedures.SdgdsgdsfgProcedure to FORGE
[16Oct2025 02:43:59.129] [modloading-worker-0/DEBUG] [net.minecraftforge.fml.javafmlmod.AutomaticEventSubscriber/LOADING]: Auto-subscribing net.mcreator.morecritters.procedures.RightClickMobProcedure to FORGE
[16Oct2025 02:43:59.135] [modloading-worker-0/DEBUG] [net.minecraftforge.fml.javafmlmod.AutomaticEventSubscriber/LOADING]: Auto-subscribing net.mcreator.morecritters.procedures.RecipeGiverProcedure to FORGE
[16Oct2025 02:43:59.140] [modloading-worker-0/DEBUG] [net.minecraftforge.fml.javafmlmod.AutomaticEventSubscriber/LOADING]: Auto-subscribing net.mcreator.morecritters.procedures.PotProcedureProcedure to FORGE
[16Oct2025 02:43:59.144] [modloading-worker-0/DEBUG] [net.minecraftforge.fml.javafmlmod.AutomaticEventSubscriber/LOADING]: Auto-subscribing net.mcreator.morecritters.procedures.MusicDiscDropProcedure to FORGE
[16Oct2025 02:43:59.147] [modloading-worker-0/DEBUG] [net.minecraftforge.fml.javafmlmod.AutomaticEventSubscriber/LOADING]: Auto-subscribing net.mcreator.morecritters.procedures.MuscleAche6Procedure to FORGE
[16Oct2025 02:43:59.153] [modloading-worker-0/DEBUG] [net.minecraftforge.fml.javafmlmod.AutomaticEventSubscriber/LOADING]: Auto-subscribing net.mcreator.morecritters.procedures.MuscleAche5Procedure to FORGE
[16Oct2025 02:43:59.156] [modloading-worker-0/DEBUG] [net.minecraftforge.fml.javafmlmod.AutomaticEventSubscriber/LOADING]: Auto-subscribing net.mcreator.morecritters.procedures.MuscleAche4Procedure$MuscleAche4Message to MOD
[16Oct2025 02:43:59.159] [modloading-worker-0/DEBUG] [net.minecraftforge.fml.javafmlmod.AutomaticEventSubscriber/LOADING]: Auto-subscribing net.mcreator.morecritters.procedures.MuscleAche3Procedure to FORGE
[16Oct2025 02:43:59.165] [modloading-worker-0/DEBUG] [net.minecraftforge.fml.javafmlmod.AutomaticEventSubscriber/LOADING]: Auto-subscribing net.mcreator.morecritters.procedures.MuscleAche2Procedure to FORGE
[16Oct2025 02:43:59.169] [modloading-worker-0/DEBUG] [net.minecraftforge.fml.javafmlmod.AutomaticEventSubscriber/LOADING]: Auto-subscribing net.mcreator.morecritters.procedures.MuscleAche1Procedure to FORGE
[16Oct2025 02:43:59.170] [modloading-worker-0/DEBUG] [net.minecraftforge.fml.javafmlmod.AutomaticEventSubscriber/LOADING]: Auto-subscribing net.mcreator.morecritters.procedures.MightshroomAttackProcedure to FORGE
[16Oct2025 02:43:59.173] [modloading-worker-0/DEBUG] [net.minecraftforge.fml.javafmlmod.AutomaticEventSubscriber/LOADING]: Auto-subscribing net.mcreator.morecritters.procedures.LockedHeartParticleProcedure to FORGE
[16Oct2025 02:43:59.174] [modloading-worker-0/DEBUG] [net.minecraftforge.fml.javafmlmod.AutomaticEventSubscriber/LOADING]: Auto-subscribing net.mcreator.morecritters.procedures.KelpireBiteSoundProcedure to FORGE
[16Oct2025 02:43:59.177] [modloading-worker-0/DEBUG] [net.minecraftforge.fml.javafmlmod.AutomaticEventSubscriber/LOADING]: Auto-subscribing net.mcreator.morecritters.procedures.KelpireAttackProcedure to FORGE
[16Oct2025 02:43:59.181] [modloading-worker-0/DEBUG] [net.minecraftforge.fml.javafmlmod.AutomaticEventSubscriber/LOADING]: Auto-subscribing net.mcreator.morecritters.procedures.KelpireAchivementProcedure to FORGE
[16Oct2025 02:43:59.182] [modloading-worker-0/DEBUG] [net.minecraftforge.fml.javafmlmod.AutomaticEventSubscriber/LOADING]: Auto-subscribing net.mcreator.morecritters.procedures.JellyAttackedProcedure to FORGE
[16Oct2025 02:43:59.185] [modloading-worker-0/DEBUG] [net.minecraftforge.fml.javafmlmod.AutomaticEventSubscriber/LOADING]: Auto-subscribing net.mcreator.morecritters.procedures.IropodAttackedProcedure to FORGE
[16Oct2025 02:43:59.191] [modloading-worker-0/DEBUG] [net.minecraftforge.fml.javafmlmod.AutomaticEventSubscriber/LOADING]: Auto-subscribing net.mcreator.morecritters.procedures.FrightshroomAttackProcedure to FORGE
[16Oct2025 02:43:59.191] [modloading-worker-0/DEBUG] [net.minecraftforge.fml.javafmlmod.AutomaticEventSubscriber/LOADING]: Auto-subscribing net.mcreator.morecritters.procedures.EndsBlessingJumpProcedure to FORGE
[16Oct2025 02:43:59.196] [modloading-worker-0/DEBUG] [net.minecraftforge.fml.javafmlmod.AutomaticEventSubscriber/LOADING]: Auto-subscribing net.mcreator.morecritters.procedures.ElectrocutedHurtProcedure to FORGE
[16Oct2025 02:43:59.197] [modloading-worker-0/DEBUG] [net.minecraftforge.fml.javafmlmod.AutomaticEventSubscriber/LOADING]: Auto-subscribing net.mcreator.morecritters.procedures.ElectrocutedDeathProcedure to FORGE
[16Oct2025 02:43:59.197] [modloading-worker-0/DEBUG] [net.minecraftforge.fml.javafmlmod.AutomaticEventSubscriber/LOADING]: Auto-subscribing net.mcreator.morecritters.procedures.CritterlingSackRightclickMobProcedure to FORGE
[16Oct2025 02:43:59.201] [modloading-worker-0/DEBUG] [net.minecraftforge.fml.javafmlmod.AutomaticEventSubscriber/LOADING]: Auto-subscribing net.mcreator.morecritters.procedures.CritterEaterAttackProcedure to FORGE
[16Oct2025 02:43:59.205] [modloading-worker-0/DEBUG] [net.minecraftforge.fml.javafmlmod.AutomaticEventSubscriber/LOADING]: Auto-subscribing net.mcreator.morecritters.procedures.CreeblossomAttackProcedure to FORGE
[16Oct2025 02:43:59.206] [modloading-worker-0/DEBUG] [net.minecraftforge.fml.javafmlmod.AutomaticEventSubscriber/LOADING]: Auto-subscribing net.mcreator.morecritters.procedures.BrittlenessEffectProcedure to FORGE
[16Oct2025 02:43:59.209] [modloading-worker-0/DEBUG] [net.minecraftforge.fml.javafmlmod.AutomaticEventSubscriber/LOADING]: Auto-subscribing net.mcreator.morecritters.procedures.BlossomingSpawnProcedure to FORGE
[16Oct2025 02:43:59.212] [modloading-worker-0/DEBUG] [net.minecraftforge.fml.javafmlmod.AutomaticEventSubscriber/LOADING]: Auto-subscribing net.mcreator.morecritters.procedures.BlossomDeathProcedure to FORGE
[16Oct2025 02:43:59.219] [modloading-worker-0/DEBUG] [net.minecraftforge.fml.javafmlmod.AutomaticEventSubscriber/LOADING]: Auto-subscribing net.mcreator.morecritters.procedures.BalloonRatFeedProcedure to FORGE
[16Oct2025 02:43:59.222] [modloading-worker-0/DEBUG] [net.minecraftforge.fml.javafmlmod.AutomaticEventSubscriber/LOADING]: Auto-subscribing net.mcreator.morecritters.network.WanderingTraderGuiSlotMessage to MOD
[16Oct2025 02:43:59.225] [modloading-worker-0/DEBUG] [io.netty.buffer.AbstractByteBuf/]: -Dio.netty.buffer.checkAccessible: true
[16Oct2025 02:43:59.227] [modloading-worker-0/DEBUG] [io.netty.buffer.AbstractByteBuf/]: -Dio.netty.buffer.checkBounds: true
[16Oct2025 02:43:59.227] [modloading-worker-0/DEBUG] [io.netty.util.ResourceLeakDetectorFactory/]: Loaded default ResourceLeakDetector: io.netty.util.ResourceLeakDetector@632a1d47
[16Oct2025 02:43:59.226] [modloading-worker-0/DEBUG] [net.minecraftforge.fml.javafmlmod.AutomaticEventSubscriber/LOADING]: Auto-subscribing net.mcreator.morecritters.network.WanderingTraderGuiButtonMessage to MOD
[16Oct2025 02:43:59.230] [modloading-worker-0/DEBUG] [net.minecraftforge.fml.javafmlmod.AutomaticEventSubscriber/LOADING]: Auto-subscribing net.mcreator.morecritters.network.CritterAtlasWarptrapButtonMessage to MOD
[16Oct2025 02:43:59.231] [modloading-worker-0/DEBUG] [net.minecraftforge.fml.javafmlmod.AutomaticEventSubscriber/LOADING]: Auto-subscribing net.mcreator.morecritters.network.CritterAtlasWarptrap2ButtonMessage to MOD
[16Oct2025 02:43:59.237] [modloading-worker-0/DEBUG] [net.minecraftforge.fml.javafmlmod.AutomaticEventSubscriber/LOADING]: Auto-subscribing net.mcreator.morecritters.network.CritterAtlasStincarpButtonMessage to MOD
[16Oct2025 02:43:59.240] [modloading-worker-0/DEBUG] [net.minecraftforge.fml.javafmlmod.AutomaticEventSubscriber/LOADING]: Auto-subscribing net.mcreator.morecritters.network.CritterAtlasStincarp2ButtonMessage to MOD
[16Oct2025 02:43:59.243] [modloading-worker-0/DEBUG] [net.minecraftforge.fml.javafmlmod.AutomaticEventSubscriber/LOADING]: Auto-subscribing net.mcreator.morecritters.network.CritterAtlasSnowflakeSpiderButtonMessage to MOD
[16Oct2025 02:43:59.244] [modloading-worker-0/DEBUG] [net.minecraftforge.fml.javafmlmod.AutomaticEventSubscriber/LOADING]: Auto-subscribing net.mcreator.morecritters.network.CritterAtlasSnowflakeSpider2ButtonMessage to MOD
[16Oct2025 02:43:59.249] [modloading-worker-0/DEBUG] [net.minecraftforge.fml.javafmlmod.AutomaticEventSubscriber/LOADING]: Auto-subscribing net.mcreator.morecritters.network.CritterAtlasShriekbatButtonMessage to MOD
[16Oct2025 02:43:59.250] [modloading-worker-0/DEBUG] [net.minecraftforge.fml.javafmlmod.AutomaticEventSubscriber/LOADING]: Auto-subscribing net.mcreator.morecritters.network.CritterAtlasShriekbat2ButtonMessage to MOD
[16Oct2025 02:43:59.253] [modloading-worker-0/DEBUG] [net.minecraftforge.fml.javafmlmod.AutomaticEventSubscriber/LOADING]: Auto-subscribing net.mcreator.morecritters.network.CritterAtlasShimmerwingButtonMessage to MOD
[16Oct2025 02:43:59.254] [modloading-worker-0/DEBUG] [net.minecraftforge.fml.javafmlmod.AutomaticEventSubscriber/LOADING]: Auto-subscribing net.mcreator.morecritters.network.CritterAtlasShimmerwing2ButtonMessage to MOD
[16Oct2025 02:43:59.257] [modloading-worker-0/DEBUG] [net.minecraftforge.fml.javafmlmod.AutomaticEventSubscriber/LOADING]: Auto-subscribing net.mcreator.morecritters.network.CritterAtlasRootPageButtonMessage to MOD
[16Oct2025 02:43:59.260] [modloading-worker-0/DEBUG] [net.minecraftforge.fml.javafmlmod.AutomaticEventSubscriber/LOADING]: Auto-subscribing net.mcreator.morecritters.network.CritterAtlasNauticrawlButtonMessage to MOD
[16Oct2025 02:43:59.263] [modloading-worker-0/DEBUG] [net.minecraftforge.fml.javafmlmod.AutomaticEventSubscriber/LOADING]: Auto-subscribing net.mcreator.morecritters.network.CritterAtlasNauticrawl2ButtonMessage to MOD
[16Oct2025 02:43:59.266] [modloading-worker-0/DEBUG] [net.minecraftforge.fml.javafmlmod.AutomaticEventSubscriber/LOADING]: Auto-subscribing net.mcreator.morecritters.network.CritterAtlasMightshroomButtonMessage to MOD
[16Oct2025 02:43:59.268] [modloading-worker-0/DEBUG] [net.minecraftforge.fml.javafmlmod.AutomaticEventSubscriber/LOADING]: Auto-subscribing net.mcreator.morecritters.network.CritterAtlasMightshroom3ButtonMessage to MOD
[16Oct2025 02:43:59.267] [modloading-worker-0/DEBUG] [net.minecraftforge.fml.javafmlmod.AutomaticEventSubscriber/LOADING]: Attempting to inject @EventBusSubscriber classes into the eventbus for bettercombat
[16Oct2025 02:43:59.268] [modloading-worker-0/DEBUG] [net.minecraftforge.fml.javafmlmod.AutomaticEventSubscriber/LOADING]: Auto-subscribing net.bettercombat.forge.events.ForgeModEvents to MOD
[16Oct2025 02:43:59.269] [modloading-worker-0/DEBUG] [net.minecraftforge.fml.javafmlmod.AutomaticEventSubscriber/LOADING]: Auto-subscribing net.bettercombat.forge.events.ForgeEvents to FORGE
[16Oct2025 02:43:59.273] [modloading-worker-0/DEBUG] [net.minecraftforge.fml.javafmlmod.AutomaticEventSubscriber/LOADING]: Auto-subscribing net.mcreator.morecritters.network.CritterAtlasMightshroom2ButtonMessage to MOD
[16Oct2025 02:43:59.278] [modloading-worker-0/DEBUG] [net.minecraftforge.fml.javafmlmod.AutomaticEventSubscriber/LOADING]: Auto-subscribing net.mcreator.morecritters.network.CritterAtlasKelpireButtonMessage to MOD
[16Oct2025 02:43:59.281] [modloading-worker-0/DEBUG] [net.minecraftforge.fml.javafmlmod.AutomaticEventSubscriber/LOADING]: Auto-subscribing net.mcreator.morecritters.network.CritterAtlasIropodButtonMessage to MOD
[16Oct2025 02:43:59.282] [modloading-worker-0/DEBUG] [net.minecraftforge.fml.javafmlmod.AutomaticEventSubscriber/LOADING]: Auto-subscribing net.mcreator.morecritters.network.CritterAtlasCreeblossomButtonMessage to MOD
[16Oct2025 02:43:59.284] [modloading-worker-0/DEBUG] [net.minecraftforge.fml.javafmlmod.AutomaticEventSubscriber/LOADING]: Auto-subscribing net.mcreator.morecritters.network.CritterAtlasCreeblossom2ButtonMessage to MOD
[16Oct2025 02:43:59.287] [modloading-worker-0/DEBUG] [net.minecraftforge.fml.javafmlmod.AutomaticEventSubscriber/LOADING]: Auto-subscribing net.mcreator.morecritters.network.CritterAtlasBunbugButtonMessage to MOD
[16Oct2025 02:43:59.290] [modloading-worker-0/DEBUG] [net.minecraftforge.fml.javafmlmod.AutomaticEventSubscriber/LOADING]: Auto-subscribing net.mcreator.morecritters.network.CritterAtlasBouncelizardButtonMessage to MOD
[16Oct2025 02:43:59.294] [modloading-worker-0/DEBUG] [net.minecraftforge.fml.javafmlmod.AutomaticEventSubscriber/LOADING]: Auto-subscribing net.mcreator.morecritters.network.CritterAtlasBombJellyButtonMessage to MOD
[16Oct2025 02:43:59.296] [modloading-worker-0/DEBUG] [net.minecraftforge.fml.javafmlmod.AutomaticEventSubscriber/LOADING]: Auto-subscribing net.mcreator.morecritters.network.CritterAtlasBlubberfishButtonMessage to MOD
[16Oct2025 02:43:59.300] [modloading-worker-0/DEBUG] [net.minecraftforge.fml.javafmlmod.AutomaticEventSubscriber/LOADING]: Auto-subscribing net.mcreator.morecritters.network.CritterAtlasBalloonRatButtonMessage to MOD
[16Oct2025 02:43:59.304] [modloading-worker-0/DEBUG] [net.minecraftforge.fml.javafmlmod.AutomaticEventSubscriber/LOADING]: Auto-subscribing net.mcreator.morecritters.network.CritterAtlasBalloonRat2ButtonMessage to MOD
[16Oct2025 02:43:59.306] [modloading-worker-0/DEBUG] [net.minecraftforge.fml.javafmlmod.AutomaticEventSubscriber/LOADING]: Auto-subscribing net.mcreator.morecritters.network.CritterAtlasAvoiderButtonMessage to MOD
[16Oct2025 02:43:59.309] [modloading-worker-0/DEBUG] [net.minecraftforge.fml.javafmlmod.AutomaticEventSubscriber/LOADING]: Auto-subscribing net.mcreator.morecritters.network.CritterAtlasAvoider2ButtonMessage to MOD
[16Oct2025 02:43:59.310] [modloading-worker-0/DEBUG] [net.minecraftforge.fml.javafmlmod.AutomaticEventSubscriber/LOADING]: Auto-subscribing net.mcreator.morecritters.init.MoreCrittersModTrades to FORGE
[16Oct2025 02:43:59.314] [modloading-worker-0/DEBUG] [net.minecraftforge.fml.javafmlmod.AutomaticEventSubscriber/LOADING]: Auto-subscribing net.mcreator.morecritters.init.MoreCrittersModEntities to MOD
[16Oct2025 02:43:59.314] [modloading-worker-0/DEBUG] [net.minecraftforge.fml.javafmlmod.AutomaticEventSubscriber/LOADING]: Auto-subscribing net.mcreator.morecritters.init.MoreCrittersModConfigs to MOD
[16Oct2025 02:43:59.315] [modloading-worker-0/DEBUG] [net.minecraftforge.fml.javafmlmod.AutomaticEventSubscriber/LOADING]: Attempting to inject @EventBusSubscriber classes into the eventbus for combatroll
[16Oct2025 02:43:59.315] [modloading-worker-0/DEBUG] [net.minecraftforge.fml.javafmlmod.AutomaticEventSubscriber/LOADING]: Auto-subscribing net.combatroll.forge.ForgeEvents to FORGE
[16Oct2025 02:43:59.315] [modloading-worker-0/DEBUG] [net.minecraftforge.fml.javafmlmod.AutomaticEventSubscriber/LOADING]: Auto-subscribing net.mcreator.morecritters.init.ItemAnimationFactory to FORGE
[16Oct2025 02:43:59.316] [modloading-worker-0/DEBUG] [net.minecraftforge.fml.javafmlmod.AutomaticEventSubscriber/LOADING]: Attempting to inject @EventBusSubscriber classes into the eventbus for obscure_tooltips
[16Oct2025 02:43:59.319] [modloading-worker-0/DEBUG] [net.minecraftforge.fml.javafmlmod.AutomaticEventSubscriber/LOADING]: Auto-subscribing net.mcreator.morecritters.init.EntityAnimationFactory to FORGE
[16Oct2025 02:43:59.336] [modloading-worker-0/DEBUG] [net.minecraftforge.fml.javafmlmod.AutomaticEventSubscriber/LOADING]: Attempting to inject @EventBusSubscriber classes into the eventbus for rpg_backpacks
[16Oct2025 02:43:59.336] [modloading-worker-0/DEBUG] [net.minecraftforge.fml.javafmlmod.AutomaticEventSubscriber/LOADING]: Auto-subscribing net.rpgbackpacks.world.inventory.NetheriteBackpackGUIMenu to FORGE
[16Oct2025 02:43:59.383] [modloading-worker-0/DEBUG] [net.minecraftforge.fml.javafmlmod.AutomaticEventSubscriber/LOADING]: Auto-subscribing net.rpgbackpacks.world.inventory.LeatherBackpackGUIMenu to FORGE
[16Oct2025 02:43:59.406] [modloading-worker-0/DEBUG] [net.minecraftforge.fml.javafmlmod.AutomaticEventSubscriber/LOADING]: Auto-subscribing net.rpgbackpacks.world.inventory.IronBackpackGUIMenu to FORGE
[16Oct2025 02:43:59.430] [modloading-worker-0/DEBUG] [net.minecraftforge.fml.javafmlmod.AutomaticEventSubscriber/LOADING]: Auto-subscribing net.rpgbackpacks.world.inventory.GoldenBackpackGUIMenu to FORGE
[16Oct2025 02:43:59.464] [modloading-worker-0/DEBUG] [net.minecraftforge.fml.javafmlmod.AutomaticEventSubscriber/LOADING]: Auto-subscribing net.rpgbackpacks.world.inventory.DiamondBackpackGUIMenu to FORGE
[16Oct2025 02:43:59.483] [modloading-worker-0/DEBUG] [creativecore/]: Created network creativecore:main
[16Oct2025 02:43:59.488] [modloading-worker-0/DEBUG] [net.minecraftforge.fml.javafmlmod.AutomaticEventSubscriber/LOADING]: Attempting to inject @EventBusSubscriber classes into the eventbus for creativecore
[16Oct2025 02:43:59.520] [modloading-worker-0/DEBUG] [net.minecraftforge.fml.javafmlmod.AutomaticEventSubscriber/LOADING]: Auto-subscribing net.rpgbackpacks.procedures.PlayerJoinsProcedure to FORGE
[16Oct2025 02:43:59.521] [modloading-worker-0/DEBUG] [net.minecraftforge.fml.javafmlmod.AutomaticEventSubscriber/LOADING]: Auto-subscribing net.rpgbackpacks.network.RpgBackpacksModVariables to MOD
[16Oct2025 02:43:59.527] [modloading-worker-0/DEBUG] [net.minecraftforge.fml.javafmlmod.AutomaticEventSubscriber/LOADING]: Auto-subscribing net.rpgbackpacks.network.RpgBackpacksModVariables$PlayerVariablesProvider to FORGE
[16Oct2025 02:43:59.532] [modloading-worker-0/DEBUG] [net.minecraftforge.fml.javafmlmod.AutomaticEventSubscriber/LOADING]: Auto-subscribing net.rpgbackpacks.network.RpgBackpacksModVariables$EventBusVariableHandlers to FORGE
[16Oct2025 02:43:59.533] [modloading-worker-0/DEBUG] [net.minecraftforge.fml.javafmlmod.AutomaticEventSubscriber/LOADING]: Auto-subscribing net.rpgbackpacks.network.OpenBackpackMessage to MOD
[16Oct2025 02:43:59.538] [modloading-worker-0/DEBUG] [net.minecraftforge.fml.javafmlmod.AutomaticEventSubscriber/LOADING]: Auto-subscribing net.rpgbackpacks.init.RpgBackpacksModCustomCuriosSlots to MOD
[16Oct2025 02:43:59.539] [modloading-worker-0/DEBUG] [net.minecraftforge.fml.javafmlmod.AutomaticEventSubscriber/LOADING]: Auto-subscribing net.rpgbackpacks.init.RpgBackpacksModCuriosSlots to MOD
[16Oct2025 02:43:59.542] [modloading-worker-0/DEBUG] [net.minecraftforge.fml.javafmlmod.AutomaticEventSubscriber/LOADING]: Auto-subscribing net.rpgbackpacks.init.RpgBackpacksModCuriosRenderers to MOD
[16Oct2025 02:43:59.683] [modloading-worker-0/DEBUG] [net.minecraftforge.fml.javafmlmod.AutomaticEventSubscriber/LOADING]: Attempting to inject @EventBusSubscriber classes into the eventbus for faz_roleplay_plus
[16Oct2025 02:43:59.783] [modloading-worker-0/DEBUG] [net.minecraftforge.fml.javafmlmod.AutomaticEventSubscriber/LOADING]: Attempting to inject @EventBusSubscriber classes into the eventbus for dungeons_enhanced
[16Oct2025 02:43:59.783] [modloading-worker-0/DEBUG] [net.minecraftforge.fml.javafmlmod.AutomaticEventSubscriber/LOADING]: Auto-subscribing com.barion.dungeons_enhanced.event.DEModEvents to MOD
[16Oct2025 02:43:59.787] [modloading-worker-0/DEBUG] [net.minecraftforge.fml.javafmlmod.AutomaticEventSubscriber/LOADING]: Auto-subscribing com.barion.dungeons_enhanced.event.DEGameEvents to FORGE
[16Oct2025 02:43:59.801] [modloading-worker-0/DEBUG] [net.minecraftforge.fml.config.ConfigTracker/CONFIG]: Config file curios-client.toml for curios tracking
[16Oct2025 02:43:59.805] [modloading-worker-0/DEBUG] [net.minecraftforge.fml.config.ConfigTracker/CONFIG]: Config file curios-common.toml for curios tracking
[16Oct2025 02:43:59.805] [modloading-worker-0/DEBUG] [net.minecraftforge.fml.config.ConfigTracker/CONFIG]: Config file curios-server.toml for curios tracking
[16Oct2025 02:43:59.807] [modloading-worker-0/DEBUG] [net.minecraftforge.fml.javafmlmod.AutomaticEventSubscriber/LOADING]: Attempting to inject @EventBusSubscriber classes into the eventbus for curios
[16Oct2025 02:43:59.822] [modloading-worker-0/DEBUG] [net.minecraftforge.fml.config.ConfigTracker/CONFIG]: Config file securitycraft-client.toml for securitycraft tracking
[16Oct2025 02:43:59.823] [modloading-worker-0/DEBUG] [net.minecraftforge.fml.config.ConfigTracker/CONFIG]: Config file securitycraft-server.toml for securitycraft tracking
[16Oct2025 02:44:00.487] [modloading-worker-0/DEBUG] [net.minecraftforge.fml.javafmlmod.AutomaticEventSubscriber/LOADING]: Attempting to inject @EventBusSubscriber classes into the eventbus for securitycraft
[16Oct2025 02:44:00.487] [modloading-worker-0/DEBUG] [net.minecraftforge.fml.javafmlmod.AutomaticEventSubscriber/LOADING]: Auto-subscribing net.geforcemods.securitycraft.api.SecurityCraftAPI to MOD
[16Oct2025 02:44:00.491] [modloading-worker-0/DEBUG] [net.minecraftforge.fml.javafmlmod.AutomaticEventSubscriber/LOADING]: Auto-subscribing net.geforcemods.securitycraft.SecurityCraft to MOD
[16Oct2025 02:44:00.492] [modloading-worker-0/DEBUG] [net.minecraftforge.fml.javafmlmod.AutomaticEventSubscriber/LOADING]: Auto-subscribing net.geforcemods.securitycraft.SCEventHandler to FORGE
[16Oct2025 02:44:00.509] [modloading-worker-0/DEBUG] [net.minecraftforge.fml.javafmlmod.AutomaticEventSubscriber/LOADING]: Attempting to inject @EventBusSubscriber classes into the eventbus for born_in_chaos_v1
[16Oct2025 02:44:00.510] [modloading-worker-0/DEBUG] [net.minecraftforge.fml.javafmlmod.AutomaticEventSubscriber/LOADING]: Auto-subscribing net.mcreator.borninchaosv.recipes.brewing.StimulatingDecoctionPBrewingRecipe to MOD
[16Oct2025 02:44:00.510] [modloading-worker-0/DEBUG] [net.minecraftforge.fml.javafmlmod.AutomaticEventSubscriber/LOADING]: Auto-subscribing net.mcreator.borninchaosv.recipes.brewing.SeaTerrorEyeKBrewingRecipe to MOD
[16Oct2025 02:44:00.512] [modloading-worker-0/DEBUG] [net.minecraftforge.fml.javafmlmod.AutomaticEventSubscriber/LOADING]: Auto-subscribing net.mcreator.borninchaosv.recipes.brewing.PotionofRampagekBrewingRecipe to MOD
[16Oct2025 02:44:00.515] [modloading-worker-0/DEBUG] [net.minecraftforge.fml.javafmlmod.AutomaticEventSubscriber/LOADING]: Auto-subscribing net.mcreator.borninchaosv.recipes.brewing.PotionofMagicalDepletionKBrewingRecipe to MOD
[16Oct2025 02:44:00.515] [modloading-worker-0/DEBUG] [net.minecraftforge.fml.javafmlmod.AutomaticEventSubscriber/LOADING]: Auto-subscribing net.geforcemods.securitycraft.RegistrationHandler to MOD
[16Oct2025 02:44:00.516] [modloading-worker-0/DEBUG] [net.minecraftforge.fml.javafmlmod.AutomaticEventSubscriber/LOADING]: Auto-subscribing net.mcreator.borninchaosv.recipes.brewing.PotionofLivingCocoonCraftBrewingRecipe to MOD
[16Oct2025 02:44:00.517] [modloading-worker-0/DEBUG] [net.minecraftforge.fml.javafmlmod.AutomaticEventSubscriber/LOADING]: Auto-subscribing net.mcreator.borninchaosv.recipes.brewing.IntoxicationPotionKBrewingRecipe to MOD
[16Oct2025 02:44:00.517] [modloading-worker-0/DEBUG] [net.minecraftforge.fml.javafmlmod.AutomaticEventSubscriber/LOADING]: Auto-subscribing net.mcreator.borninchaosv.recipes.brewing.ElixirofWitherResistanceCraftBrewingRecipe to MOD
[16Oct2025 02:44:00.519] [modloading-worker-0/DEBUG] [net.minecraftforge.fml.javafmlmod.AutomaticEventSubscriber/LOADING]: Auto-subscribing net.mcreator.borninchaosv.recipes.brewing.ElixirofVampirismKBrewingRecipe to MOD
[16Oct2025 02:44:00.520] [modloading-worker-0/DEBUG] [net.minecraftforge.fml.javafmlmod.AutomaticEventSubscriber/LOADING]: Auto-subscribing net.geforcemods.securitycraft.ConfigHandler to MOD
[16Oct2025 02:44:00.521] [modloading-worker-0/DEBUG] [net.minecraftforge.fml.javafmlmod.AutomaticEventSubscriber/LOADING]: Auto-subscribing net.mcreator.borninchaosv.recipes.brewing.ElixirofInsectProtectionCraftBrewingRecipe to MOD
[16Oct2025 02:44:00.523] [modloading-worker-0/DEBUG] [net.minecraftforge.fml.javafmlmod.AutomaticEventSubscriber/LOADING]: Auto-subscribing net.mcreator.borninchaosv.recipes.brewing.ElixirofIceBarrierCraftBrewingRecipe to MOD
[16Oct2025 02:44:00.524] [modloading-worker-0/DEBUG] [net.minecraftforge.fml.javafmlmod.AutomaticEventSubscriber/LOADING]: Auto-subscribing net.mcreator.borninchaosv.recipes.brewing.ChaosComponentCraftBrewingRecipe to MOD
[16Oct2025 02:44:00.525] [modloading-worker-0/DEBUG] [net.minecraftforge.fml.javafmlmod.AutomaticEventSubscriber/LOADING]: Auto-subscribing net.mcreator.borninchaosv.recipes.brewing.BottleOfMagicalEnergyKBrewingRecipe to MOD
[16Oct2025 02:44:00.528] [modloading-worker-0/DEBUG] [net.minecraftforge.fml.javafmlmod.AutomaticEventSubscriber/LOADING]: Auto-subscribing net.mcreator.borninchaosv.procedures.ZombieswithDoorPriObnovlieniiTaktaSushchnostiProcedure to FORGE
[16Oct2025 02:44:00.529] [modloading-worker-0/DEBUG] [net.minecraftforge.fml.javafmlmod.AutomaticEventSubscriber/LOADING]: Auto-subscribing net.mcreator.borninchaosv.procedures.ZombiefishermanatackProcedure to FORGE
[16Oct2025 02:44:00.530] [modloading-worker-0/DEBUG] [net.minecraftforge.fml.javafmlmod.AutomaticEventSubscriber/LOADING]: Auto-subscribing net.mcreator.borninchaosv.procedures.ZombieclownatacProcedure to FORGE
[16Oct2025 02:44:00.532] [modloading-worker-0/DEBUG] [net.minecraftforge.fml.javafmlmod.AutomaticEventSubscriber/LOADING]: Auto-subscribing net.mcreator.borninchaosv.procedures.ZombieMaggotsProcedure to FORGE
[16Oct2025 02:44:00.533] [modloading-worker-0/DEBUG] [net.minecraftforge.fml.javafmlmod.AutomaticEventSubscriber/LOADING]: Auto-subscribing net.mcreator.borninchaosv.procedures.ZombieLumberjackAtackProcedure to FORGE
[16Oct2025 02:44:00.535] [modloading-worker-0/DEBUG] [net.minecraftforge.fml.javafmlmod.AutomaticEventSubscriber/LOADING]: Auto-subscribing net.mcreator.borninchaosv.procedures.ZombieBruiseratackProcedure to FORGE
[16Oct2025 02:44:00.536] [modloading-worker-0/DEBUG] [net.minecraftforge.fml.javafmlmod.AutomaticEventSubscriber/LOADING]: Auto-subscribing net.mcreator.borninchaosv.procedures.WarningSoundProcedure to FORGE
[16Oct2025 02:44:00.539] [modloading-worker-0/DEBUG] [net.minecraftforge.fml.javafmlmod.AutomaticEventSubscriber/LOADING]: Auto-subscribing net.mcreator.borninchaosv.procedures.VampiricTouchAtackProcedure to FORGE
[16Oct2025 02:44:00.540] [modloading-worker-0/DEBUG] [net.minecraftforge.fml.javafmlmod.AutomaticEventSubscriber/LOADING]: Auto-subscribing net.mcreator.borninchaosv.procedures.TransmutingElixirclicProcedure to FORGE
[16Oct2025 02:44:00.541] [modloading-worker-0/DEBUG] [net.minecraftforge.fml.javafmlmod.AutomaticEventSubscriber/LOADING]: Auto-subscribing net.mcreator.borninchaosv.procedures.ThornshellCrabPriShchielchkiePKMPoSushchnostiProcedure to FORGE
[16Oct2025 02:44:00.544] [modloading-worker-0/DEBUG] [net.minecraftforge.fml.javafmlmod.AutomaticEventSubscriber/LOADING]: Auto-subscribing net.mcreator.borninchaosv.procedures.SwarmerPreparationProcedure to FORGE
[16Oct2025 02:44:00.545] [modloading-worker-0/DEBUG] [net.minecraftforge.fml.javafmlmod.AutomaticEventSubscriber/LOADING]: Auto-subscribing net.mcreator.borninchaosv.procedures.SpiritofChaosAtackProcedure to FORGE
[16Oct2025 02:44:00.546] [modloading-worker-0/DEBUG] [net.minecraftforge.fml.javafmlmod.AutomaticEventSubscriber/LOADING]: Auto-subscribing net.mcreator.borninchaosv.procedures.SpiritGuideAtacProcedure to FORGE
[16Oct2025 02:44:00.549] [modloading-worker-0/DEBUG] [net.minecraftforge.fml.javafmlmod.AutomaticEventSubscriber/LOADING]: Auto-subscribing net.mcreator.borninchaosv.procedures.SpinyShellArmorKazhdyiTikDliaShliemaProcedure to FORGE
[16Oct2025 02:44:00.550] [modloading-worker-0/DEBUG] [net.minecraftforge.fml.javafmlmod.AutomaticEventSubscriber/LOADING]: Auto-subscribing net.mcreator.borninchaosv.procedures.SkeletonThrasherDProcedure to FORGE
[16Oct2025 02:44:00.553] [modloading-worker-0/DEBUG] [net.minecraftforge.fml.javafmlmod.AutomaticEventSubscriber/LOADING]: Auto-subscribing net.mcreator.borninchaosv.procedures.SerPumpkinheadAtacProcedure to FORGE
[16Oct2025 02:44:00.554] [modloading-worker-0/DEBUG] [net.minecraftforge.fml.javafmlmod.AutomaticEventSubscriber/LOADING]: Auto-subscribing net.mcreator.borninchaosv.procedures.SearedspiritPProcedure to FORGE
[16Oct2025 02:44:00.557] [modloading-worker-0/DEBUG] [net.minecraftforge.fml.javafmlmod.AutomaticEventSubscriber/LOADING]: Auto-subscribing net.mcreator.borninchaosv.procedures.RampagePProcedure to FORGE
[16Oct2025 02:44:00.558] [modloading-worker-0/DEBUG] [net.minecraftforge.fml.javafmlmod.AutomaticEventSubscriber/LOADING]: Auto-subscribing net.mcreator.borninchaosv.procedures.PumpkinbruiserAtacProcedure to FORGE
[16Oct2025 02:44:00.558] [modloading-worker-0/DEBUG] [net.minecraftforge.fml.config.ConfigTracker/CONFIG]: Config file legendarycreatures/legendarycreatures-common.toml for legendarycreatures tracking
[16Oct2025 02:44:00.558] [modloading-worker-0/DEBUG] [net.minecraftforge.fml.javafmlmod.AutomaticEventSubscriber/LOADING]: Auto-subscribing net.mcreator.borninchaosv.procedures.PositiveTamingProcedure to FORGE
[16Oct2025 02:44:00.561] [modloading-worker-0/DEBUG] [net.minecraftforge.fml.javafmlmod.AutomaticEventSubscriber/LOADING]: Auto-subscribing net.mcreator.borninchaosv.procedures.PositiveFertilizerProcedure to FORGE
[16Oct2025 02:44:00.559] [modloading-worker-0/DEBUG] [net.minecraftforge.fml.javafmlmod.AutomaticEventSubscriber/LOADING]: Attempting to inject @EventBusSubscriber classes into the eventbus for legendarycreatures
[16Oct2025 02:44:00.562] [modloading-worker-0/DEBUG] [net.minecraftforge.fml.javafmlmod.AutomaticEventSubscriber/LOADING]: Auto-subscribing sfiomn.legendarycreatures.events.ModBusEvents to MOD
[16Oct2025 02:44:00.562] [modloading-worker-0/DEBUG] [net.minecraftforge.fml.javafmlmod.AutomaticEventSubscriber/LOADING]: Auto-subscribing sfiomn.legendarycreatures.events.ForgeEvents to FORGE
[16Oct2025 02:44:00.563] [modloading-worker-0/DEBUG] [net.minecraftforge.fml.javafmlmod.AutomaticEventSubscriber/LOADING]: Auto-subscribing net.mcreator.borninchaosv.procedures.PiritAtacProcedure to FORGE
[16Oct2025 02:44:00.565] [modloading-worker-0/DEBUG] [net.minecraftforge.fml.javafmlmod.AutomaticEventSubscriber/LOADING]: Auto-subscribing net.mcreator.borninchaosv.procedures.ObsessiondeadProcedure to FORGE
[16Oct2025 02:44:00.566] [modloading-worker-0/DEBUG] [net.minecraftforge.fml.javafmlmod.AutomaticEventSubscriber/LOADING]: Auto-subscribing sfiomn.legendarycreatures.data.DataGenerators to MOD
[16Oct2025 02:44:00.566] [modloading-worker-0/DEBUG] [net.minecraftforge.fml.javafmlmod.AutomaticEventSubscriber/LOADING]: Auto-subscribing net.mcreator.borninchaosv.procedures.NightmareStalkerDamProcedure to FORGE
[16Oct2025 02:44:00.569] [modloading-worker-0/DEBUG] [net.minecraftforge.fml.javafmlmod.AutomaticEventSubscriber/LOADING]: Auto-subscribing net.mcreator.borninchaosv.procedures.MrPumpkinAtacProcedure to FORGE
[16Oct2025 02:44:00.570] [modloading-worker-0/DEBUG] [net.minecraftforge.fml.javafmlmod.AutomaticEventSubscriber/LOADING]: Auto-subscribing net.mcreator.borninchaosv.procedures.MotherSpiderAtackProcedure to FORGE
[16Oct2025 02:44:00.571] [modloading-worker-0/DEBUG] [net.minecraftforge.fml.javafmlmod.AutomaticEventSubscriber/LOADING]: Auto-subscribing net.mcreator.borninchaosv.procedures.MissionaryHatpProcedure to FORGE
[16Oct2025 02:44:00.572] [modloading-worker-0/DEBUG] [net.minecraftforge.fml.javafmlmod.AutomaticEventSubscriber/LOADING]: Auto-subscribing net.mcreator.borninchaosv.procedures.MissionaryAtacktargetProcedure to FORGE
[16Oct2025 02:44:00.574] [modloading-worker-0/DEBUG] [net.minecraftforge.fml.javafmlmod.AutomaticEventSubscriber/LOADING]: Auto-subscribing net.mcreator.borninchaosv.procedures.MinionsattacktargetProcedure to FORGE
[16Oct2025 02:44:00.575] [modloading-worker-0/DEBUG] [net.minecraftforge.fml.javafmlmod.AutomaticEventSubscriber/LOADING]: Auto-subscribing net.mcreator.borninchaosv.procedures.LunarSpruceCowboyPProcedure to FORGE
[16Oct2025 02:44:00.577] [modloading-worker-0/DEBUG] [net.minecraftforge.fml.javafmlmod.AutomaticEventSubscriber/LOADING]: Auto-subscribing net.mcreator.borninchaosv.procedures.LordsFelsteedatackProcedure to FORGE
[16Oct2025 02:44:00.580] [modloading-worker-0/DEBUG] [net.minecraftforge.fml.javafmlmod.AutomaticEventSubscriber/LOADING]: Auto-subscribing net.mcreator.borninchaosv.procedures.LordTheHeadlessAtackProcedure to FORGE
[16Oct2025 02:44:00.581] [modloading-worker-0/DEBUG] [net.minecraftforge.fml.javafmlmod.AutomaticEventSubscriber/LOADING]: Auto-subscribing net.mcreator.borninchaosv.procedures.LordPumpkinheadsHatHitProcedure to FORGE
[16Oct2025 02:44:00.584] [modloading-worker-0/DEBUG] [net.minecraftforge.fml.javafmlmod.AutomaticEventSubscriber/LOADING]: Auto-subscribing net.mcreator.borninchaosv.procedures.LordPumpkinheadatackProcedure to FORGE
[16Oct2025 02:44:00.586] [modloading-worker-0/DEBUG] [net.minecraftforge.fml.javafmlmod.AutomaticEventSubscriber/LOADING]: Auto-subscribing net.mcreator.borninchaosv.procedures.LivingcocoonplayersideDeadProcedure to FORGE
[16Oct2025 02:44:00.587] [modloading-worker-0/DEBUG] [net.minecraftforge.fml.javafmlmod.AutomaticEventSubscriber/LOADING]: Auto-subscribing net.mcreator.borninchaosv.procedures.LivingCocoonDeadProcedure to FORGE
[16Oct2025 02:44:00.589] [modloading-worker-0/DEBUG] [net.minecraftforge.fml.javafmlmod.AutomaticEventSubscriber/LOADING]: Auto-subscribing net.mcreator.borninchaosv.procedures.LifestealerTFAtackProcedure to FORGE
[16Oct2025 02:44:00.591] [modloading-worker-0/DEBUG] [net.minecraftforge.fml.javafmlmod.AutomaticEventSubscriber/LOADING]: Auto-subscribing net.mcreator.borninchaosv.procedures.LifestealerAtackProcedure to FORGE
[16Oct2025 02:44:00.592] [modloading-worker-0/DEBUG] [net.minecraftforge.fml.javafmlmod.AutomaticEventSubscriber/LOADING]: Auto-subscribing net.mcreator.borninchaosv.procedures.KrampusHenchmanAttackProcedure to FORGE
[16Oct2025 02:44:00.595] [modloading-worker-0/DEBUG] [net.minecraftforge.fml.javafmlmod.AutomaticEventSubscriber/LOADING]: Auto-subscribing net.mcreator.borninchaosv.procedures.KrampusAttackProcedure to FORGE
[16Oct2025 02:44:00.596] [modloading-worker-0/DEBUG] [net.minecraftforge.fml.javafmlmod.AutomaticEventSubscriber/LOADING]: Auto-subscribing net.mcreator.borninchaosv.procedures.KillinganimalsProcedure to FORGE
[16Oct2025 02:44:00.599] [modloading-worker-0/DEBUG] [net.minecraftforge.fml.javafmlmod.AutomaticEventSubscriber/LOADING]: Auto-subscribing net.mcreator.borninchaosv.procedures.KillingVillagersProcedure to FORGE
[16Oct2025 02:44:00.600] [modloading-worker-0/DEBUG] [net.minecraftforge.fml.javafmlmod.AutomaticEventSubscriber/LOADING]: Auto-subscribing net.mcreator.borninchaosv.procedures.InsectProtectionTrigerProcedure to FORGE
[16Oct2025 02:44:00.603] [modloading-worker-0/DEBUG] [net.minecraftforge.fml.javafmlmod.AutomaticEventSubscriber/LOADING]: Auto-subscribing net.mcreator.borninchaosv.procedures.InfernalSpiritAtackProcedure to FORGE
[16Oct2025 02:44:00.604] [modloading-worker-0/DEBUG] [net.minecraftforge.fml.javafmlmod.AutomaticEventSubscriber/LOADING]: Auto-subscribing net.mcreator.borninchaosv.procedures.IceBarrierAttackProcedure to FORGE
[16Oct2025 02:44:00.605] [modloading-worker-0/DEBUG] [net.minecraftforge.fml.javafmlmod.AutomaticEventSubscriber/LOADING]: Auto-subscribing net.mcreator.borninchaosv.procedures.HewnScorchedLogPProcedure to FORGE
[16Oct2025 02:44:00.607] [modloading-worker-0/DEBUG] [net.minecraftforge.fml.javafmlmod.AutomaticEventSubscriber/LOADING]: Auto-subscribing net.mcreator.borninchaosv.procedures.GluttonfishatackProcedure to FORGE
[16Oct2025 02:44:00.608] [modloading-worker-0/DEBUG] [net.minecraftforge.fml.javafmlmod.AutomaticEventSubscriber/LOADING]: Auto-subscribing net.mcreator.borninchaosv.procedures.FragileScorchedPlanksPProcedure to FORGE
[16Oct2025 02:44:00.611] [modloading-worker-0/DEBUG] [net.minecraftforge.fml.javafmlmod.AutomaticEventSubscriber/LOADING]: Auto-subscribing net.mcreator.borninchaosv.procedures.FirelightDProcedure to FORGE
[16Oct2025 02:44:00.612] [modloading-worker-0/DEBUG] [net.minecraftforge.fml.javafmlmod.AutomaticEventSubscriber/LOADING]: Auto-subscribing net.mcreator.borninchaosv.procedures.ExperienceContainerDeathProcedure to FORGE
[16Oct2025 02:44:00.613] [modloading-worker-0/DEBUG] [net.minecraftforge.fml.javafmlmod.AutomaticEventSubscriber/LOADING]: Auto-subscribing net.mcreator.borninchaosv.procedures.EvilCarvedPumpkinPProcedure to FORGE
[16Oct2025 02:44:00.615] [modloading-worker-0/DEBUG] [net.minecraftforge.fml.javafmlmod.AutomaticEventSubscriber/LOADING]: Auto-subscribing net.mcreator.borninchaosv.procedures.EatingRottenFleshProcedure to FORGE
[16Oct2025 02:44:00.618] [modloading-worker-0/DEBUG] [net.minecraftforge.fml.javafmlmod.AutomaticEventSubscriber/LOADING]: Auto-subscribing net.mcreator.borninchaosv.procedures.EasterDropProcedure to FORGE
[16Oct2025 02:44:00.618] [modloading-worker-0/DEBUG] [net.minecraftforge.fml.javafmlmod.AutomaticEventSubscriber/LOADING]: Auto-subscribing net.mcreator.borninchaosv.procedures.DreadHoundPriNazhatiiPravoiKnopkiNaSushchnostProcedure to FORGE
[16Oct2025 02:44:00.620] [modloading-worker-0/DEBUG] [net.minecraftforge.fml.javafmlmod.AutomaticEventSubscriber/LOADING]: Auto-subscribing net.mcreator.borninchaosv.procedures.DreadHoundAtacProcedure to FORGE
[16Oct2025 02:44:00.621] [modloading-worker-0/DEBUG] [net.minecraftforge.fml.javafmlmod.AutomaticEventSubscriber/LOADING]: Auto-subscribing net.mcreator.borninchaosv.procedures.DireHoundLeaderAtackProcedure to FORGE
[16Oct2025 02:44:00.623] [modloading-worker-0/DEBUG] [net.minecraftforge.fml.javafmlmod.AutomaticEventSubscriber/LOADING]: Auto-subscribing net.mcreator.borninchaosv.procedures.DimonBaitProcedure to FORGE
[16Oct2025 02:44:00.624] [modloading-worker-0/DEBUG] [net.minecraftforge.fml.javafmlmod.AutomaticEventSubscriber/LOADING]: Auto-subscribing net.mcreator.borninchaosv.procedures.DeathTotemKoghdaPriedmietNakhoditsiaVRukieProcedure to FORGE
[16Oct2025 02:44:00.627] [modloading-worker-0/DEBUG] [net.minecraftforge.fml.javafmlmod.AutomaticEventSubscriber/LOADING]: Auto-subscribing net.mcreator.borninchaosv.procedures.DarkWardActivProcedure to FORGE
[16Oct2025 02:44:00.628] [modloading-worker-0/DEBUG] [net.minecraftforge.fml.javafmlmod.AutomaticEventSubscriber/LOADING]: Auto-subscribing net.mcreator.borninchaosv.procedures.DarkRitualDaggerPProcedure to FORGE
[16Oct2025 02:44:00.629] [modloading-worker-0/DEBUG] [net.minecraftforge.fml.javafmlmod.AutomaticEventSubscriber/LOADING]: Auto-subscribing net.mcreator.borninchaosv.procedures.DZombieDProcedure to FORGE
[16Oct2025 02:44:00.631] [modloading-worker-0/DEBUG] [net.minecraftforge.fml.javafmlmod.AutomaticEventSubscriber/LOADING]: Auto-subscribing net.mcreator.borninchaosv.procedures.CursedMarkAtacProcedure to FORGE
[16Oct2025 02:44:00.633] [modloading-worker-0/DEBUG] [net.minecraftforge.fml.javafmlmod.AutomaticEventSubscriber/LOADING]: Auto-subscribing net.mcreator.borninchaosv.procedures.CorpseflyatacProcedure to FORGE
[16Oct2025 02:44:00.635] [modloading-worker-0/DEBUG] [net.minecraftforge.fml.javafmlmod.AutomaticEventSubscriber/LOADING]: Auto-subscribing net.mcreator.borninchaosv.procedures.BoneBarrierProProcedure to FORGE
[16Oct2025 02:44:00.636] [modloading-worker-0/DEBUG] [net.minecraftforge.fml.javafmlmod.AutomaticEventSubscriber/LOADING]: Auto-subscribing net.mcreator.borninchaosv.procedures.BloodyGadflyAtacProcedure to FORGE
[16Oct2025 02:44:00.638] [modloading-worker-0/DEBUG] [net.minecraftforge.fml.javafmlmod.AutomaticEventSubscriber/LOADING]: Auto-subscribing net.mcreator.borninchaosv.procedures.BlockSkeletonTrasherProcedure to FORGE
[16Oct2025 02:44:00.641] [modloading-worker-0/DEBUG] [net.minecraftforge.fml.javafmlmod.AutomaticEventSubscriber/LOADING]: Auto-subscribing net.mcreator.borninchaosv.procedures.BabyspidercontrolledAtackProcedure to FORGE
[16Oct2025 02:44:00.642] [modloading-worker-0/DEBUG] [net.minecraftforge.fml.javafmlmod.AutomaticEventSubscriber/LOADING]: Auto-subscribing net.mcreator.borninchaosv.procedures.BabySpiderAtackProcedure to FORGE
[16Oct2025 02:44:00.642] [modloading-worker-0/DEBUG] [net.minecraftforge.fml.javafmlmod.AutomaticEventSubscriber/LOADING]: Auto-subscribing net.mcreator.borninchaosv.procedures.AxeAtackProcedure to FORGE
[16Oct2025 02:44:00.645] [modloading-worker-0/DEBUG] [net.minecraftforge.fml.javafmlmod.AutomaticEventSubscriber/LOADING]: Auto-subscribing net.mcreator.borninchaosv.procedures.AttackoftheDisobedientProcedure to FORGE
[16Oct2025 02:44:00.646] [modloading-worker-0/DEBUG] [net.minecraftforge.fml.javafmlmod.AutomaticEventSubscriber/LOADING]: Auto-subscribing net.mcreator.borninchaosv.network.BornInChaosV1ModVariables to MOD
[16Oct2025 02:44:00.647] [modloading-worker-0/DEBUG] [net.minecraftforge.fml.javafmlmod.AutomaticEventSubscriber/LOADING]: Auto-subscribing net.mcreator.borninchaosv.network.BornInChaosV1ModVariables$PlayerVariablesProvider to FORGE
[16Oct2025 02:44:00.647] [modloading-worker-0/DEBUG] [net.minecraftforge.fml.javafmlmod.AutomaticEventSubscriber/LOADING]: Attempting to inject @EventBusSubscriber classes into the eventbus for architectury
[16Oct2025 02:44:00.648] [modloading-worker-0/DEBUG] [net.minecraftforge.fml.javafmlmod.AutomaticEventSubscriber/LOADING]: Auto-subscribing dev.architectury.registry.level.entity.trade.forge.TradeRegistryImpl to FORGE
[16Oct2025 02:44:00.649] [modloading-worker-0/DEBUG] [net.minecraftforge.fml.javafmlmod.AutomaticEventSubscriber/LOADING]: Auto-subscribing dev.architectury.registry.forge.ReloadListenerRegistryImpl to FORGE
[16Oct2025 02:44:00.650] [modloading-worker-0/DEBUG] [net.minecraftforge.fml.javafmlmod.AutomaticEventSubscriber/LOADING]: Auto-subscribing net.mcreator.borninchaosv.network.BornInChaosV1ModVariables$EventBusVariableHandlers to FORGE
[16Oct2025 02:44:00.652] [modloading-worker-0/DEBUG] [net.minecraftforge.fml.javafmlmod.AutomaticEventSubscriber/LOADING]: Auto-subscribing net.mcreator.borninchaosv.init.ItemAnimationFactory to FORGE
[16Oct2025 02:44:00.653] [modloading-worker-0/DEBUG] [net.minecraftforge.fml.javafmlmod.AutomaticEventSubscriber/LOADING]: Auto-subscribing dev.architectury.networking.forge.NetworkManagerImpl to FORGE
[16Oct2025 02:44:00.654] [modloading-worker-0/DEBUG] [net.minecraftforge.fml.javafmlmod.AutomaticEventSubscriber/LOADING]: Auto-subscribing net.mcreator.borninchaosv.init.EntityAnimationFactory to FORGE
[16Oct2025 02:44:00.657] [modloading-worker-0/DEBUG] [net.minecraftforge.fml.javafmlmod.AutomaticEventSubscriber/LOADING]: Auto-subscribing net.mcreator.borninchaosv.init.BornInChaosV1ModGameRules to MOD
[16Oct2025 02:44:00.657] [modloading-worker-0/DEBUG] [net.minecraftforge.fml.javafmlmod.AutomaticEventSubscriber/LOADING]: Auto-subscribing net.mcreator.borninchaosv.init.BornInChaosV1ModFuels to FORGE
[16Oct2025 02:44:00.660] [modloading-worker-0/DEBUG] [net.minecraftforge.fml.javafmlmod.AutomaticEventSubscriber/LOADING]: Auto-subscribing net.mcreator.borninchaosv.init.BornInChaosV1ModFeatures to FORGE
[16Oct2025 02:44:00.660] [modloading-worker-0/DEBUG] [net.minecraftforge.fml.javafmlmod.AutomaticEventSubscriber/LOADING]: Auto-subscribing net.mcreator.borninchaosv.init.BornInChaosV1ModEntities to MOD
[16Oct2025 02:44:00.661] [modloading-worker-0/DEBUG] [net.minecraftforge.fml.javafmlmod.AutomaticEventSubscriber/LOADING]: Auto-subscribing net.mcreator.borninchaosv.init.BornInChaosV1ModCompostableItems to MOD
[16Oct2025 02:44:00.662] [modloading-worker-0/INFO] [dev.architectury.networking.forge.NetworkManagerImpl/]: Registering C2S receiver with id architectury:sync_ids
[16Oct2025 02:44:00.777] [modloading-worker-0/DEBUG] [net.minecraftforge.fml.javafmlmod.AutomaticEventSubscriber/LOADING]: Attempting to inject @EventBusSubscriber classes into the eventbus for octolib
[16Oct2025 02:44:00.876] [modloading-worker-0/DEBUG] [net.minecraftforge.fml.config.ConfigTracker/CONFIG]: Config file aquaculture-common.toml for aquaculture tracking
[16Oct2025 02:44:00.879] [modloading-worker-0/DEBUG] [net.minecraftforge.fml.javafmlmod.AutomaticEventSubscriber/LOADING]: Attempting to inject @EventBusSubscriber classes into the eventbus for aquaculture
[16Oct2025 02:44:00.879] [modloading-worker-0/DEBUG] [net.minecraftforge.fml.javafmlmod.AutomaticEventSubscriber/LOADING]: Auto-subscribing com.teammetallurgy.aquaculture.misc.NeptunesMight to FORGE
[16Oct2025 02:44:00.882] [modloading-worker-0/DEBUG] [net.minecraftforge.fml.javafmlmod.AutomaticEventSubscriber/LOADING]: Auto-subscribing com.teammetallurgy.aquaculture.misc.FurnaceFuel to FORGE
[16Oct2025 02:44:00.883] [modloading-worker-0/DEBUG] [net.minecraftforge.fml.javafmlmod.AutomaticEventSubscriber/LOADING]: Auto-subscribing com.teammetallurgy.aquaculture.loot.FishWeightHandler to FORGE
[16Oct2025 02:44:00.886] [modloading-worker-0/DEBUG] [net.minecraftforge.fml.javafmlmod.AutomaticEventSubscriber/LOADING]: Auto-subscribing com.teammetallurgy.aquaculture.item.neptunium.NeptuniumArmor to FORGE
[16Oct2025 02:44:00.887] [modloading-worker-0/DEBUG] [net.minecraftforge.fml.javafmlmod.AutomaticEventSubscriber/LOADING]: Auto-subscribing com.teammetallurgy.aquaculture.item.crafting.ConditionFactory to MOD
[16Oct2025 02:44:00.892] [modloading-worker-0/DEBUG] [net.minecraftforge.fml.javafmlmod.AutomaticEventSubscriber/LOADING]: Auto-subscribing com.teammetallurgy.aquaculture.init.FishRegistry to MOD
[16Oct2025 02:44:00.895] [modloading-worker-0/DEBUG] [net.minecraftforge.fml.javafmlmod.AutomaticEventSubscriber/LOADING]: Auto-subscribing com.teammetallurgy.aquaculture.init.AquaLootTables to FORGE
[16Oct2025 02:44:00.896] [modloading-worker-0/DEBUG] [net.minecraftforge.fml.javafmlmod.AutomaticEventSubscriber/LOADING]: Auto-subscribing com.teammetallurgy.aquaculture.init.AquaEntities to MOD
[16Oct2025 02:44:00.897] [modloading-worker-0/DEBUG] [net.minecraftforge.fml.javafmlmod.AutomaticEventSubscriber/LOADING]: Auto-subscribing com.teammetallurgy.aquaculture.api.fishing.Hooks to FORGE
[16Oct2025 02:44:01.024] [modloading-worker-0/DEBUG] [net.minecraftforge.fml.javafmlmod.AutomaticEventSubscriber/LOADING]: Attempting to inject @EventBusSubscriber classes into the eventbus for realmrpg_quests
[16Oct2025 02:44:01.024] [modloading-worker-0/DEBUG] [net.minecraftforge.fml.javafmlmod.AutomaticEventSubscriber/LOADING]: Auto-subscribing net.mcreator.realmrpgquests.procedures.RingPlayerKillProcedure to FORGE
[16Oct2025 02:44:01.025] [modloading-worker-0/DEBUG] [net.minecraftforge.fml.javafmlmod.AutomaticEventSubscriber/LOADING]: Auto-subscribing net.mcreator.realmrpgquests.procedures.RingPlayerAttackProcedure to FORGE
[16Oct2025 02:44:01.028] [modloading-worker-0/DEBUG] [net.minecraftforge.fml.javafmlmod.AutomaticEventSubscriber/LOADING]: Auto-subscribing net.mcreator.realmrpgquests.procedures.QuestScoreTrampleProcedure to FORGE
[16Oct2025 02:44:01.032] [modloading-worker-0/DEBUG] [net.minecraftforge.fml.javafmlmod.AutomaticEventSubscriber/LOADING]: Auto-subscribing net.mcreator.realmrpgquests.procedures.QuestScoreTillageProcedure to FORGE
[16Oct2025 02:44:01.035] [modloading-worker-0/DEBUG] [net.minecraftforge.fml.javafmlmod.AutomaticEventSubscriber/LOADING]: Auto-subscribing net.mcreator.realmrpgquests.procedures.QuestScoreKillProcedure to FORGE
[16Oct2025 02:44:01.040] [modloading-worker-0/DEBUG] [net.minecraftforge.fml.javafmlmod.AutomaticEventSubscriber/LOADING]: Auto-subscribing net.mcreator.realmrpgquests.procedures.QuestScoreDestroyProcedure to FORGE
[16Oct2025 02:44:01.041] [modloading-worker-0/DEBUG] [net.minecraftforge.fml.javafmlmod.AutomaticEventSubscriber/LOADING]: Auto-subscribing net.mcreator.realmrpgquests.procedures.QuestScoreCritProcedure to FORGE
[16Oct2025 02:44:01.047] [modloading-worker-0/DEBUG] [net.minecraftforge.fml.javafmlmod.AutomaticEventSubscriber/LOADING]: Auto-subscribing net.mcreator.realmrpgquests.procedures.QuestScoreCraftProcedure to FORGE
[16Oct2025 02:44:01.051] [modloading-worker-0/DEBUG] [net.minecraftforge.fml.javafmlmod.AutomaticEventSubscriber/LOADING]: Auto-subscribing net.mcreator.realmrpgquests.procedures.QuestScoreCatchProcedure to FORGE
[16Oct2025 02:44:01.053] [modloading-worker-0/DEBUG] [net.minecraftforge.fml.javafmlmod.AutomaticEventSubscriber/LOADING]: Auto-subscribing net.mcreator.realmrpgquests.procedures.QuestScoreBuildProcedure to FORGE
[16Oct2025 02:44:01.058] [modloading-worker-0/DEBUG] [net.minecraftforge.fml.javafmlmod.AutomaticEventSubscriber/LOADING]: Auto-subscribing net.mcreator.realmrpgquests.procedures.NecklaceOfSatietyEffectProcedure to FORGE
[16Oct2025 02:44:01.058] [modloading-worker-0/DEBUG] [net.minecraftforge.fml.javafmlmod.AutomaticEventSubscriber/LOADING]: Auto-subscribing net.mcreator.realmrpgquests.procedures.CountItemsTimerProcedure to FORGE
[16Oct2025 02:44:01.059] [modloading-worker-0/DEBUG] [net.minecraftforge.fml.javafmlmod.AutomaticEventSubscriber/LOADING]: Auto-subscribing net.mcreator.realmrpgquests.procedures.ConfigMonsterHunterProcedure to MOD
[16Oct2025 02:44:01.063] [modloading-worker-0/DEBUG] [net.minecraftforge.fml.javafmlmod.AutomaticEventSubscriber/LOADING]: Auto-subscribing net.mcreator.realmrpgquests.procedures.ConfigCookProcedure to MOD
[16Oct2025 02:44:01.068] [modloading-worker-0/DEBUG] [net.minecraftforge.fml.javafmlmod.AutomaticEventSubscriber/LOADING]: Auto-subscribing net.mcreator.realmrpgquests.procedures.ConfigAnglerProcedure to MOD
[16Oct2025 02:44:01.069] [modloading-worker-0/DEBUG] [net.minecraftforge.fml.javafmlmod.AutomaticEventSubscriber/LOADING]: Auto-subscribing net.mcreator.realmrpgquests.network.RealmrpgQuestsModVariables to MOD
[16Oct2025 02:44:01.074] [modloading-worker-0/DEBUG] [net.minecraftforge.fml.javafmlmod.AutomaticEventSubscriber/LOADING]: Auto-subscribing net.mcreator.realmrpgquests.network.RealmrpgQuestsModVariables$PlayerVariablesProvider to FORGE
[16Oct2025 02:44:01.075] [modloading-worker-0/DEBUG] [net.minecraftforge.fml.javafmlmod.AutomaticEventSubscriber/LOADING]: Auto-subscribing net.mcreator.realmrpgquests.network.RealmrpgQuestsModVariables$EventBusVariableHandlers to FORGE
[16Oct2025 02:44:01.081] [modloading-worker-0/DEBUG] [net.minecraftforge.fml.javafmlmod.AutomaticEventSubscriber/LOADING]: Auto-subscribing net.mcreator.realmrpgquests.network.QuestTrackingHotkeyMessage to MOD
[16Oct2025 02:44:01.086] [modloading-worker-0/DEBUG] [net.minecraftforge.fml.javafmlmod.AutomaticEventSubscriber/LOADING]: Auto-subscribing net.mcreator.realmrpgquests.network.QuestBookPageAButtonMessage to MOD
[16Oct2025 02:44:01.087] [modloading-worker-0/DEBUG] [net.minecraftforge.fml.javafmlmod.AutomaticEventSubscriber/LOADING]: Auto-subscribing net.mcreator.realmrpgquests.network.QuestBookHotkeyMessage to MOD
[16Oct2025 02:44:01.087] [modloading-worker-0/DEBUG] [net.minecraftforge.fml.javafmlmod.AutomaticEventSubscriber/LOADING]: Auto-subscribing net.mcreator.realmrpgquests.init.RealmrpgQuestsModTabs to MOD
[16Oct2025 02:44:01.092] [modloading-worker-0/DEBUG] [net.minecraftforge.fml.javafmlmod.AutomaticEventSubscriber/LOADING]: Auto-subscribing net.mcreator.realmrpgquests.init.RealmrpgQuestsModEntities to MOD
[16Oct2025 02:44:01.092] [modloading-worker-0/DEBUG] [net.minecraftforge.fml.javafmlmod.AutomaticEventSubscriber/LOADING]: Auto-subscribing net.mcreator.realmrpgquests.init.RealmrpgQuestsModCuriosSlots to MOD
[16Oct2025 02:44:01.093] [modloading-worker-0/DEBUG] [net.minecraftforge.fml.javafmlmod.AutomaticEventSubscriber/LOADING]: Auto-subscribing net.mcreator.realmrpgquests.init.RealmrpgQuestsModCuriosRenderers to MOD
[16Oct2025 02:44:01.100] [modloading-worker-0/DEBUG] [net.minecraftforge.fml.javafmlmod.AutomaticEventSubscriber/LOADING]: Auto-subscribing net.mcreator.realmrpgquests.init.EntityAnimationFactory to FORGE
[16Oct2025 02:44:01.102] [modloading-worker-0/DEBUG] [net.minecraftforge.fml.javafmlmod.AutomaticEventSubscriber/LOADING]: Auto-subscribing net.mcreator.realmrpgquests.block.listener.ClientListener to MOD
[16Oct2025 02:44:01.107] [modloading-worker-0/DEBUG] [playerrevive/]: Created network playerrevive:main
[16Oct2025 02:44:01.113] [modloading-worker-0/DEBUG] [net.minecraftforge.fml.javafmlmod.AutomaticEventSubscriber/LOADING]: Attempting to inject @EventBusSubscriber classes into the eventbus for playerrevive
[16Oct2025 02:44:01.113] [modloading-worker-0/DEBUG] [net.minecraftforge.fml.javafmlmod.AutomaticEventSubscriber/LOADING]: Attempting to inject @EventBusSubscriber classes into the eventbus for experienced_crops
[16Oct2025 02:44:01.193] [modloading-worker-0/DEBUG] [net.minecraftforge.fml.javafmlmod.AutomaticEventSubscriber/LOADING]: Attempting to inject @EventBusSubscriber classes into the eventbus for goblins_tyranny
[16Oct2025 02:44:01.193] [modloading-worker-0/DEBUG] [net.minecraftforge.fml.javafmlmod.AutomaticEventSubscriber/LOADING]: Auto-subscribing goblinstyranny.world.inventory.BlacksmithVanillaGUIMenu to FORGE
[16Oct2025 02:44:01.200] [modloading-worker-0/DEBUG] [net.minecraftforge.fml.javafmlmod.AutomaticEventSubscriber/LOADING]: Auto-subscribing goblinstyranny.procedures.WarriorsShieldProcedure to FORGE
[16Oct2025 02:44:01.201] [modloading-worker-0/DEBUG] [net.minecraftforge.fml.javafmlmod.AutomaticEventSubscriber/LOADING]: Auto-subscribing goblinstyranny.procedures.NotEnoughOnSpawnProcedure to FORGE
[16Oct2025 02:44:01.204] [modloading-worker-0/DEBUG] [net.minecraftforge.fml.javafmlmod.AutomaticEventSubscriber/LOADING]: Auto-subscribing goblinstyranny.procedures.MushroomFallProcedure to FORGE
[16Oct2025 02:44:01.204] [modloading-worker-0/DEBUG] [net.minecraftforge.fml.javafmlmod.AutomaticEventSubscriber/LOADING]: Auto-subscribing goblinstyranny.procedures.IsDisguisedProcedure to FORGE
[16Oct2025 02:44:01.205] [modloading-worker-0/DEBUG] [net.minecraftforge.fml.javafmlmod.AutomaticEventSubscriber/LOADING]: Auto-subscribing goblinstyranny.procedures.IfFullSkyboundProcedure to FORGE
[16Oct2025 02:44:01.207] [modloading-worker-0/DEBUG] [net.minecraftforge.fml.javafmlmod.AutomaticEventSubscriber/LOADING]: Auto-subscribing goblinstyranny.procedures.GlitteronTamedProcedure to FORGE
[16Oct2025 02:44:01.208] [modloading-worker-0/DEBUG] [net.minecraftforge.fml.javafmlmod.AutomaticEventSubscriber/LOADING]: Auto-subscribing goblinstyranny.procedures.FirstGoblinKilledProcedure to FORGE
[16Oct2025 02:44:01.212] [modloading-worker-0/DEBUG] [net.minecraftforge.fml.javafmlmod.AutomaticEventSubscriber/LOADING]: Auto-subscribing goblinstyranny.procedures.ChargingBoostProcedure to FORGE
[16Oct2025 02:44:01.212] [modloading-worker-0/DEBUG] [net.minecraftforge.fml.javafmlmod.AutomaticEventSubscriber/LOADING]: Auto-subscribing goblinstyranny.network.WarriorsPageButtonMessage to MOD
[16Oct2025 02:44:01.213] [modloading-worker-0/DEBUG] [net.minecraftforge.fml.javafmlmod.AutomaticEventSubscriber/LOADING]: Auto-subscribing goblinstyranny.network.WandererPageButtonMessage to MOD
[16Oct2025 02:44:01.216] [modloading-worker-0/DEBUG] [net.minecraftforge.fml.javafmlmod.AutomaticEventSubscriber/LOADING]: Auto-subscribing goblinstyranny.network.SupportPageButtonMessage to MOD
[16Oct2025 02:44:01.217] [modloading-worker-0/DEBUG] [net.minecraftforge.fml.javafmlmod.AutomaticEventSubscriber/LOADING]: Auto-subscribing goblinstyranny.network.StructuresPageButtonMessage to MOD
[16Oct2025 02:44:01.220] [modloading-worker-0/DEBUG] [net.minecraftforge.fml.javafmlmod.AutomaticEventSubscriber/LOADING]: Auto-subscribing goblinstyranny.network.ShamanPageButtonMessage to MOD
[16Oct2025 02:44:01.221] [modloading-worker-0/DEBUG] [net.minecraftforge.fml.javafmlmod.AutomaticEventSubscriber/LOADING]: Auto-subscribing goblinstyranny.network.RecipesPageButtonMessage to MOD
[16Oct2025 02:44:01.223] [modloading-worker-0/DEBUG] [net.minecraftforge.fml.javafmlmod.AutomaticEventSubscriber/LOADING]: Auto-subscribing goblinstyranny.network.MobsPageButtonMessage to MOD
[16Oct2025 02:44:01.224] [modloading-worker-0/DEBUG] [net.minecraftforge.fml.javafmlmod.AutomaticEventSubscriber/LOADING]: Auto-subscribing goblinstyranny.network.MiniGobsPageButtonMessage to MOD
[16Oct2025 02:44:01.225] [modloading-worker-0/DEBUG] [net.minecraftforge.fml.javafmlmod.AutomaticEventSubscriber/LOADING]: Auto-subscribing goblinstyranny.network.MiniDrunkPageButtonMessage to MOD
[16Oct2025 02:44:01.228] [modloading-worker-0/DEBUG] [net.minecraftforge.fml.javafmlmod.AutomaticEventSubscriber/LOADING]: Auto-subscribing goblinstyranny.network.MerchantPageButtonMessage to MOD
[16Oct2025 02:44:01.229] [modloading-worker-0/DEBUG] [net.minecraftforge.fml.javafmlmod.AutomaticEventSubscriber/LOADING]: Auto-subscribing goblinstyranny.network.MerchantGUIButtonMessage to MOD
[16Oct2025 02:44:01.232] [modloading-worker-0/DEBUG] [net.minecraftforge.fml.javafmlmod.AutomaticEventSubscriber/LOADING]: Auto-subscribing goblinstyranny.network.MerchantGUI2ButtonMessage to MOD
[16Oct2025 02:44:01.233] [modloading-worker-0/DEBUG] [net.minecraftforge.fml.javafmlmod.AutomaticEventSubscriber/LOADING]: Auto-subscribing goblinstyranny.network.MainPageButtonMessage to MOD
[16Oct2025 02:44:01.233] [modloading-worker-0/DEBUG] [net.minecraftforge.fml.javafmlmod.AutomaticEventSubscriber/LOADING]: Auto-subscribing goblinstyranny.network.JumpBoostMessage to MOD
[16Oct2025 02:44:01.236] [modloading-worker-0/DEBUG] [net.minecraftforge.fml.javafmlmod.AutomaticEventSubscriber/LOADING]: Auto-subscribing goblinstyranny.network.ItemsPageButtonMessage to MOD
[16Oct2025 02:44:01.237] [modloading-worker-0/DEBUG] [net.minecraftforge.fml.javafmlmod.AutomaticEventSubscriber/LOADING]: Auto-subscribing goblinstyranny.network.HunterPageButtonMessage to MOD
[16Oct2025 02:44:01.240] [modloading-worker-0/DEBUG] [net.minecraftforge.fml.javafmlmod.AutomaticEventSubscriber/LOADING]: Auto-subscribing goblinstyranny.network.GoblinsTyrannyModVariables to MOD
[16Oct2025 02:44:01.241] [modloading-worker-0/DEBUG] [net.minecraftforge.fml.javafmlmod.AutomaticEventSubscriber/LOADING]: Auto-subscribing goblinstyranny.network.GoblinsTyrannyModVariables$PlayerVariablesProvider to FORGE
[16Oct2025 02:44:01.244] [modloading-worker-0/DEBUG] [net.minecraftforge.fml.javafmlmod.AutomaticEventSubscriber/LOADING]: Auto-subscribing goblinstyranny.network.GoblinsTyrannyModVariables$EventBusVariableHandlers to FORGE
[16Oct2025 02:44:01.245] [modloading-worker-0/DEBUG] [net.minecraftforge.fml.javafmlmod.AutomaticEventSubscriber/LOADING]: Auto-subscribing goblinstyranny.network.GlitteronPageButtonMessage to MOD
[16Oct2025 02:44:01.248] [modloading-worker-0/DEBUG] [net.minecraftforge.fml.javafmlmod.AutomaticEventSubscriber/LOADING]: Auto-subscribing goblinstyranny.network.GameplayPageButtonMessage to MOD
[16Oct2025 02:44:01.249] [modloading-worker-0/DEBUG] [net.minecraftforge.fml.javafmlmod.AutomaticEventSubscriber/LOADING]: Auto-subscribing goblinstyranny.network.FsesfesfsefezsButtonMessage to MOD
[16Oct2025 02:44:01.252] [modloading-worker-0/DEBUG] [net.minecraftforge.fml.javafmlmod.AutomaticEventSubscriber/LOADING]: Auto-subscribing goblinstyranny.network.EngineeressPageButtonMessage to MOD
[16Oct2025 02:44:01.253] [modloading-worker-0/DEBUG] [net.minecraftforge.fml.javafmlmod.AutomaticEventSubscriber/LOADING]: Auto-subscribing goblinstyranny.network.EngineerPageButtonMessage to MOD
[16Oct2025 02:44:01.255] [modloading-worker-0/DEBUG] [net.minecraftforge.fml.javafmlmod.AutomaticEventSubscriber/LOADING]: Auto-subscribing goblinstyranny.network.DroneWorkbenchButtonMessage to MOD
[16Oct2025 02:44:01.256] [modloading-worker-0/DEBUG] [net.minecraftforge.fml.javafmlmod.AutomaticEventSubscriber/LOADING]: Auto-subscribing goblinstyranny.network.ChubbyPageButtonMessage to MOD
[16Oct2025 02:44:01.259] [modloading-worker-0/DEBUG] [net.minecraftforge.fml.javafmlmod.AutomaticEventSubscriber/LOADING]: Auto-subscribing goblinstyranny.network.CaveGoblinPageButtonMessage to MOD
[16Oct2025 02:44:01.260] [modloading-worker-0/DEBUG] [net.minecraftforge.fml.javafmlmod.AutomaticEventSubscriber/LOADING]: Auto-subscribing goblinstyranny.network.BombWorkbenchButtonMessage to MOD
[16Oct2025 02:44:01.261] [modloading-worker-0/DEBUG] [net.minecraftforge.fml.javafmlmod.AutomaticEventSubscriber/LOADING]: Auto-subscribing goblinstyranny.network.BlacksmithVanillaGUISlotMessage to MOD
[16Oct2025 02:44:01.263] [modloading-worker-0/DEBUG] [net.minecraftforge.fml.javafmlmod.AutomaticEventSubscriber/LOADING]: Auto-subscribing goblinstyranny.network.BlacksmithPageButtonMessage to MOD
[16Oct2025 02:44:01.264] [modloading-worker-0/DEBUG] [net.minecraftforge.fml.javafmlmod.AutomaticEventSubscriber/LOADING]: Auto-subscribing goblinstyranny.network.BlacksmithGUIButtonMessage to MOD
[16Oct2025 02:44:01.265] [modloading-worker-0/DEBUG] [net.minecraftforge.fml.javafmlmod.AutomaticEventSubscriber/LOADING]: Auto-subscribing goblinstyranny.network.BartenderPageButtonMessage to MOD
[16Oct2025 02:44:01.268] [modloading-worker-0/DEBUG] [net.minecraftforge.fml.javafmlmod.AutomaticEventSubscriber/LOADING]: Auto-subscribing goblinstyranny.network.BartenderGuiButtonMessage to MOD
[16Oct2025 02:44:01.269] [modloading-worker-0/DEBUG] [net.minecraftforge.fml.javafmlmod.AutomaticEventSubscriber/LOADING]: Auto-subscribing goblinstyranny.network.BardPageButtonMessage to MOD
[16Oct2025 02:44:01.272] [modloading-worker-0/DEBUG] [net.minecraftforge.fml.javafmlmod.AutomaticEventSubscriber/LOADING]: Auto-subscribing goblinstyranny.init.GoblinsTyrannyModGameRules to MOD
[16Oct2025 02:44:01.272] [modloading-worker-0/DEBUG] [net.minecraftforge.fml.javafmlmod.AutomaticEventSubscriber/LOADING]: Auto-subscribing goblinstyranny.init.GoblinsTyrannyModEntities to MOD
[16Oct2025 02:44:01.273] [modloading-worker-0/DEBUG] [net.minecraftforge.fml.javafmlmod.AutomaticEventSubscriber/LOADING]: Auto-subscribing goblinstyranny.init.EntityAnimationFactory to FORGE
[16Oct2025 02:44:01.276] [modloading-worker-0/DEBUG] [net.minecraftforge.fml.javafmlmod.AutomaticEventSubscriber/LOADING]: Auto-subscribing goblinstyranny.init.ArmorAnimationFactory to FORGE
[16Oct2025 02:44:01.277] [modloading-worker-0/DEBUG] [net.minecraftforge.fml.javafmlmod.AutomaticEventSubscriber/LOADING]: Auto-subscribing goblinstyranny.block.listener.ClientListener to MOD
[16Oct2025 02:44:01.280] [main/DEBUG] [net.minecraftforge.fml.DeferredWorkQueue/LOADING]: Dispatching synchronous work for work queue CONSTRUCT: 4 jobs
[16Oct2025 02:44:01.283] [main/DEBUG] [net.minecraftforge.fml.config.ConfigTracker/CONFIG]: Config file Luminous_Beasts_Configuration.toml for luminous_beasts tracking
[16Oct2025 02:44:01.288] [main/DEBUG] [net.minecraftforge.fml.config.ConfigTracker/CONFIG]: Config file bosses_rise_config.toml for block_factorys_bosses tracking
[16Oct2025 02:44:01.289] [main/DEBUG] [net.minecraftforge.fml.config.ConfigTracker/CONFIG]: Config file morecritters-general.toml for more_critters tracking
[16Oct2025 02:44:01.292] [main/DEBUG] [net.minecraftforge.fml.DeferredWorkQueue/LOADING]: Synchronous work queue completed in 11.29 ms
[16Oct2025 02:44:01.423] [main/DEBUG] [net.minecraftforge.common.capabilities.CapabilityManager/CAPABILITIES]: Attempting to automatically register: Lnet/minecraftforge/energy/IEnergyStorage;
[16Oct2025 02:44:01.426] [main/DEBUG] [net.minecraftforge.common.capabilities.CapabilityManager/CAPABILITIES]: Attempting to automatically register: Lnet/minecraftforge/fluids/capability/IFluidHandler;
[16Oct2025 02:44:01.426] [main/DEBUG] [net.minecraftforge.common.capabilities.CapabilityManager/CAPABILITIES]: Attempting to automatically register: Lnet/minecraftforge/fluids/capability/IFluidHandlerItem;
[16Oct2025 02:44:01.426] [main/DEBUG] [net.minecraftforge.common.capabilities.CapabilityManager/CAPABILITIES]: Attempting to automatically register: Lnet/minecraftforge/items/IItemHandler;
[16Oct2025 02:44:02.829] [main/DEBUG] [software.bernie.geckolib.GeckoLib/]: Registered SyncedAnimatable for class dev.xylonity.companions.common.item.blockitem.CoinItem
[16Oct2025 02:44:02.829] [main/DEBUG] [software.bernie.geckolib.GeckoLib/]: Registered SyncedAnimatable for class dev.xylonity.companions.common.item.blockitem.CoinItem
[16Oct2025 02:44:02.829] [main/DEBUG] [software.bernie.geckolib.GeckoLib/]: Registered SyncedAnimatable for class dev.xylonity.companions.common.item.blockitem.CoinItem
[16Oct2025 02:44:02.829] [main/DEBUG] [software.bernie.geckolib.GeckoLib/]: Registered SyncedAnimatable for class dev.xylonity.companions.common.item.blockitem.GenericBlockItem
[16Oct2025 02:44:02.829] [main/DEBUG] [software.bernie.geckolib.GeckoLib/]: Registered SyncedAnimatable for class dev.xylonity.companions.common.item.blockitem.GenericBlockItem
[16Oct2025 02:44:02.830] [main/DEBUG] [software.bernie.geckolib.GeckoLib/]: Registered SyncedAnimatable for class dev.xylonity.companions.common.item.blockitem.GenericBlockItem
[16Oct2025 02:44:02.830] [main/DEBUG] [software.bernie.geckolib.GeckoLib/]: Registered SyncedAnimatable for class dev.xylonity.companions.common.item.blockitem.GenericBlockItem
[16Oct2025 02:44:02.830] [main/DEBUG] [software.bernie.geckolib.GeckoLib/]: Registered SyncedAnimatable for class dev.xylonity.companions.common.item.blockitem.GenericBlockItem
[16Oct2025 02:44:02.830] [main/DEBUG] [software.bernie.geckolib.GeckoLib/]: Registered SyncedAnimatable for class dev.xylonity.companions.common.item.blockitem.GenericBlockItem
[16Oct2025 02:44:02.830] [main/DEBUG] [software.bernie.geckolib.GeckoLib/]: Registered SyncedAnimatable for class dev.xylonity.companions.common.item.blockitem.GenericBlockItem
[16Oct2025 02:44:02.830] [main/DEBUG] [software.bernie.geckolib.GeckoLib/]: Registered SyncedAnimatable for class dev.xylonity.companions.common.item.blockitem.GenericBlockItem
[16Oct2025 02:44:02.830] [main/DEBUG] [software.bernie.geckolib.GeckoLib/]: Registered SyncedAnimatable for class dev.xylonity.companions.common.item.blockitem.GenericBlockItem
[16Oct2025 02:44:02.830] [main/DEBUG] [software.bernie.geckolib.GeckoLib/]: Registered SyncedAnimatable for class dev.xylonity.companions.common.item.blockitem.GenericBlockItem
[16Oct2025 02:44:02.831] [main/DEBUG] [software.bernie.geckolib.GeckoLib/]: Registered SyncedAnimatable for class dev.xylonity.companions.common.item.blockitem.GenericBlockItem
[16Oct2025 02:44:02.831] [main/DEBUG] [software.bernie.geckolib.GeckoLib/]: Registered SyncedAnimatable for class dev.xylonity.companions.common.item.blockitem.GenericBlockItem
[16Oct2025 02:44:02.831] [main/DEBUG] [software.bernie.geckolib.GeckoLib/]: Registered SyncedAnimatable for class dev.xylonity.companions.common.item.blockitem.GenericBlockItem
[16Oct2025 02:44:02.835] [main/DEBUG] [software.bernie.geckolib.GeckoLib/]: Registered SyncedAnimatable for class dev.xylonity.companions.common.item.generic.GenericGeckoItem
[16Oct2025 02:44:02.838] [main/DEBUG] [software.bernie.geckolib.GeckoLib/]: Registered SyncedAnimatable for class dev.xylonity.companions.common.item.weapon.BloodSwordItem
[16Oct2025 02:44:02.840] [main/DEBUG] [software.bernie.geckolib.GeckoLib/]: Registered SyncedAnimatable for class dev.xylonity.companions.common.item.weapon.BloodScytheItem
[16Oct2025 02:44:02.840] [main/DEBUG] [software.bernie.geckolib.GeckoLib/]: Registered SyncedAnimatable for class dev.xylonity.companions.common.item.weapon.BloodAxeItem
[16Oct2025 02:44:02.841] [main/DEBUG] [software.bernie.geckolib.GeckoLib/]: Registered SyncedAnimatable for class dev.xylonity.knightlib.common.item.blockitem.GreatChaliceBlockItem
[16Oct2025 02:44:03.206] [main/INFO] [Moonlight/]: Initialized block sets in 22ms
[16Oct2025 02:44:03.692] [main/INFO] [ModdingLegacy/StructureGel/]: [structure_gel] Registering data for structure_gel:loot_table_alias
[16Oct2025 02:44:03.707] [main/INFO] [ModdingLegacy/StructureGel/]: [structure_gel] Registering data for structure_gel:data_handler_type
[16Oct2025 02:44:03.708] [main/INFO] [ModdingLegacy/StructureGel/]: [structure_gel] Registering data for structure_gel:dynamic_spawner
[16Oct2025 02:44:03.710] [main/INFO] [ModdingLegacy/StructureGel/]: [structure_gel] Registering data for structure_gel:jigsaw_type
[16Oct2025 02:44:03.862] [main/WARN] [net.minecraft.network.syncher.SynchedEntityData/]: defineId called for: class net.mcreator.borninchaosv.entity.BabySpiderEntity from class net.mcreator.borninchaosv.entity.MotherSpiderEntity
[16Oct2025 02:44:03.904] [main/DEBUG] [net.minecraftforge.fml.config.ConfigTracker/CONFIG]: Loading configs type COMMON
[16Oct2025 02:44:03.905] [main/DEBUG] [net.minecraftforge.fml.config.ConfigFileTypeHandler/CONFIG]: Built TOML config for /workspaces/MI-server/servidor_minecraft/config/citadel-common.toml
[16Oct2025 02:44:03.905] [main/DEBUG] [net.minecraftforge.fml.config.ConfigFileTypeHandler/CONFIG]: Loaded TOML config file /workspaces/MI-server/servidor_minecraft/config/citadel-common.toml
[16Oct2025 02:44:03.908] [main/DEBUG] [net.minecraftforge.fml.config.ConfigFileTypeHandler/CONFIG]: Watching TOML config file /workspaces/MI-server/servidor_minecraft/config/citadel-common.toml for changes
[16Oct2025 02:44:03.909] [Thread-1/DEBUG] [net.minecraftforge.fml.config.ConfigFileTypeHandler/CONFIG]: Config file citadel-common.toml changed, sending notifies
[16Oct2025 02:44:03.909] [Thread-1/DEBUG] [net.minecraftforge.fml.config.ConfigFileTypeHandler/CONFIG]: Config file citadel-common.toml changed, sending notifies
[16Oct2025 02:44:03.909] [main/DEBUG] [net.minecraftforge.fml.config.ConfigFileTypeHandler/CONFIG]: Built TOML config for /workspaces/MI-server/servidor_minecraft/config/knightlib.toml
[16Oct2025 02:44:03.910] [main/DEBUG] [net.minecraftforge.fml.config.ConfigFileTypeHandler/CONFIG]: Loaded TOML config file /workspaces/MI-server/servidor_minecraft/config/knightlib.toml
[16Oct2025 02:44:03.910] [main/DEBUG] [net.minecraftforge.fml.config.ConfigFileTypeHandler/CONFIG]: Watching TOML config file /workspaces/MI-server/servidor_minecraft/config/knightlib.toml for changes
[16Oct2025 02:44:03.910] [main/WARN] [net.minecraftforge.common.ForgeConfigSpec/CORE]: Configuration file /workspaces/MI-server/servidor_minecraft/config/knightlib.toml is not correct. Correcting
[16Oct2025 02:44:03.912] [main/DEBUG] [net.minecraftforge.common.ForgeConfigSpec/CORE]: The comment on key Essence Drop Probabilities.SMALL_ESSENCE_DROP_RATE does not match the spec. This may create a backup.
[16Oct2025 02:44:03.913] [main/DEBUG] [net.minecraftforge.common.ForgeConfigSpec/CORE]: The comment on key Essence Drop Probabilities.GREAT_ESSENCE_DROP_RATE does not match the spec. This may create a backup.
[16Oct2025 02:44:03.914] [Thread-1/DEBUG] [net.minecraftforge.fml.config.ConfigFileTypeHandler/CONFIG]: Config file knightlib.toml changed, sending notifies
[16Oct2025 02:44:03.914] [main/DEBUG] [net.minecraftforge.fml.config.ConfigFileTypeHandler/CONFIG]: Built TOML config for /workspaces/MI-server/servidor_minecraft/config/companions.toml
[16Oct2025 02:44:03.915] [Thread-1/DEBUG] [net.minecraftforge.fml.config.ConfigFileTypeHandler/CONFIG]: Config file knightlib.toml changed, sending notifies
[16Oct2025 02:44:03.916] [main/DEBUG] [net.minecraftforge.fml.config.ConfigFileTypeHandler/CONFIG]: Loaded TOML config file /workspaces/MI-server/servidor_minecraft/config/companions.toml
[16Oct2025 02:44:03.916] [main/DEBUG] [net.minecraftforge.fml.config.ConfigFileTypeHandler/CONFIG]: Watching TOML config file /workspaces/MI-server/servidor_minecraft/config/companions.toml for changes
[16Oct2025 02:44:03.916] [main/WARN] [net.minecraftforge.common.ForgeConfigSpec/CORE]: Configuration file /workspaces/MI-server/servidor_minecraft/config/companions.toml is not correct. Correcting
[16Oct2025 02:44:03.917] [main/DEBUG] [net.minecraftforge.common.ForgeConfigSpec/CORE]: The comment on key Shadow Sword.SHADOW_SWORD_LIFETIME does not match the spec. This may create a backup.
[16Oct2025 02:44:03.918] [main/DEBUG] [net.minecraftforge.common.ForgeConfigSpec/CORE]: The comment on key Shadow Sword.SHADOW_SWORD_MAX_LIFE does not match the spec. This may create a backup.
[16Oct2025 02:44:03.918] [main/DEBUG] [net.minecraftforge.common.ForgeConfigSpec/CORE]: The comment on key Shadow Sword.SHADOW_SWORD_DAMAGE does not match the spec. This may create a backup.
[16Oct2025 02:44:03.918] [main/DEBUG] [net.minecraftforge.common.ForgeConfigSpec/CORE]: The comment on key Shadow Sword.SHADOW_SWORD_BLOOD_MULTIPLIER does not match the spec. This may create a backup.
[16Oct2025 02:44:03.918] [main/DEBUG] [net.minecraftforge.common.ForgeConfigSpec/CORE]: The comment on key Soul Mage.SOUL_MAGE_KEEP_CHUNK_LOADED does not match the spec. This may create a backup.
[16Oct2025 02:44:03.918] [main/DEBUG] [net.minecraftforge.common.ForgeConfigSpec/CORE]: The comment on key Soul Mage.SOUL_MAGE_MAX_LIFE does not match the spec. This may create a backup.
[16Oct2025 02:44:03.918] [main/DEBUG] [net.minecraftforge.common.ForgeConfigSpec/CORE]: The comment on key Shadow Maw.SHADOW_MAW_LIFETIME does not match the spec. This may create a backup.
[16Oct2025 02:44:03.918] [main/DEBUG] [net.minecraftforge.common.ForgeConfigSpec/CORE]: The comment on key Shadow Maw.SHADOW_MAW_MAX_LIFE does not match the spec. This may create a backup.
[16Oct2025 02:44:03.919] [main/DEBUG] [net.minecraftforge.common.ForgeConfigSpec/CORE]: The comment on key Shadow Maw.SHADOW_MAW_DAMAGE does not match the spec. This may create a backup.
[16Oct2025 02:44:03.919] [main/DEBUG] [net.minecraftforge.common.ForgeConfigSpec/CORE]: The comment on key Shadow Maw.SHADOW_MAW_BLOOD_MULTIPLIER does not match the spec. This may create a backup.
[16Oct2025 02:44:03.919] [main/DEBUG] [net.minecraftforge.common.ForgeConfigSpec/CORE]: The comment on key Teddy.TEDDY_KEEP_CHUNK_LOADED does not match the spec. This may create a backup.
[16Oct2025 02:44:03.919] [main/DEBUG] [net.minecraftforge.common.ForgeConfigSpec/CORE]: The comment on key Teddy.TEDDY_MAX_LIFE does not match the spec. This may create a backup.
[16Oct2025 02:44:03.919] [main/DEBUG] [net.minecraftforge.common.ForgeConfigSpec/CORE]: The comment on key Teddy.TEDDY_DAMAGE does not match the spec. This may create a backup.
[16Oct2025 02:44:03.919] [main/DEBUG] [net.minecraftforge.common.ForgeConfigSpec/CORE]: The comment on key Teddy.TEDDY_MUTANT_MAX_LIFE does not match the spec. This may create a backup.
[16Oct2025 02:44:03.919] [main/DEBUG] [net.minecraftforge.common.ForgeConfigSpec/CORE]: The comment on key Teddy.TEDDY_MUTANT_DAMAGE does not match the spec. This may create a backup.
[16Oct2025 02:44:03.919] [main/DEBUG] [net.minecraftforge.common.ForgeConfigSpec/CORE]: The comment on key Teddy.TEDDY_MUTANT_HEALS_OVER_TIME does not match the spec. This may create a backup.
[16Oct2025 02:44:03.919] [main/DEBUG] [net.minecraftforge.common.ForgeConfigSpec/CORE]: The comment on key Croissant Dragon.CROISSANT_DRAGON_KEEP_CHUNK_LOADED does not match the spec. This may create a backup.
[16Oct2025 02:44:03.919] [main/DEBUG] [net.minecraftforge.common.ForgeConfigSpec/CORE]: The comment on key Croissant Dragon.CROISSANT_EGG_LIFETIME does not match the spec. This may create a backup.
[16Oct2025 02:44:03.919] [main/DEBUG] [net.minecraftforge.common.ForgeConfigSpec/CORE]: The comment on key Croissant Dragon.CROISSANT_DRAGON_MAX_LIFE does not match the spec. This may create a backup.
[16Oct2025 02:44:03.919] [main/DEBUG] [net.minecraftforge.common.ForgeConfigSpec/CORE]: The comment on key Magic Books.MAGIC_PIECE_DAMAGE does not match the spec. This may create a backup.
[16Oct2025 02:44:03.919] [main/DEBUG] [net.minecraftforge.common.ForgeConfigSpec/CORE]: The comment on key Magic Books.ICE_TORNADO_DAMAGE does not match the spec. This may create a backup.
[16Oct2025 02:44:03.919] [main/DEBUG] [net.minecraftforge.common.ForgeConfigSpec/CORE]: The comment on key Magic Books.STONE_SPIKE_DAMAGE does not match the spec. This may create a backup.
[16Oct2025 02:44:03.919] [main/DEBUG] [net.minecraftforge.common.ForgeConfigSpec/CORE]: The comment on key Magic Books.FIRE_MARK_EFFECT_RADIUS does not match the spec. This may create a backup.
[16Oct2025 02:44:03.919] [main/DEBUG] [net.minecraftforge.common.ForgeConfigSpec/CORE]: The comment on key Magic Books.HEAL_RING_HEALING does not match the spec. This may create a backup.
[16Oct2025 02:44:03.919] [main/DEBUG] [net.minecraftforge.common.ForgeConfigSpec/CORE]: The comment on key Magic Books.BLACK_HOLE_ATTRACTION_RADIUS does not match the spec. This may create a backup.
[16Oct2025 02:44:03.919] [main/DEBUG] [net.minecraftforge.common.ForgeConfigSpec/CORE]: The comment on key Magic Books.BLACK_HOLE_ATTRACTION_SPEED does not match the spec. This may create a backup.
[16Oct2025 02:44:03.919] [main/DEBUG] [net.minecraftforge.common.ForgeConfigSpec/CORE]: The comment on key Magic Books.SMALL_ICE_SHARD_DAMAGE does not match the spec. This may create a backup.
[16Oct2025 02:44:03.919] [main/DEBUG] [net.minecraftforge.common.ForgeConfigSpec/CORE]: The comment on key Magic Books.SMALL_ICE_SHARD_FREEZE_TICKS does not match the spec. This may create a backup.
[16Oct2025 02:44:03.919] [main/DEBUG] [net.minecraftforge.common.ForgeConfigSpec/CORE]: The comment on key Magic Books.BLACK_HOLE_COOLDOWN does not match the spec. This may create a backup.
[16Oct2025 02:44:03.919] [main/DEBUG] [net.minecraftforge.common.ForgeConfigSpec/CORE]: The comment on key Magic Books.NAGINATA_COOLDOWN does not match the spec. This may create a backup.
[16Oct2025 02:44:03.919] [main/DEBUG] [net.minecraftforge.common.ForgeConfigSpec/CORE]: The comment on key Magic Books.BRACE_COOLDOWN does not match the spec. This may create a backup.
[16Oct2025 02:44:03.919] [main/DEBUG] [net.minecraftforge.common.ForgeConfigSpec/CORE]: The comment on key Magic Books.FIRE_MARK_COOLDOWN does not match the spec. This may create a backup.
[16Oct2025 02:44:03.919] [main/DEBUG] [net.minecraftforge.common.ForgeConfigSpec/CORE]: The comment on key Magic Books.HEAL_RING_COOLDOWN does not match the spec. This may create a backup.
[16Oct2025 02:44:03.919] [main/DEBUG] [net.minecraftforge.common.ForgeConfigSpec/CORE]: The comment on key Magic Books.ICE_SHARD_COOLDOWN does not match the spec. This may create a backup.
[16Oct2025 02:44:03.920] [main/DEBUG] [net.minecraftforge.common.ForgeConfigSpec/CORE]: The comment on key Magic Books.ICE_TORNADO_COOLDOWN does not match the spec. This may create a backup.
[16Oct2025 02:44:03.920] [main/DEBUG] [net.minecraftforge.common.ForgeConfigSpec/CORE]: The comment on key Magic Books.MAGIC_RAY_COOLDOWN does not match the spec. This may create a backup.
[16Oct2025 02:44:03.920] [main/DEBUG] [net.minecraftforge.common.ForgeConfigSpec/CORE]: The comment on key Magic Books.STONE_SPIKES_COOLDOWN does not match the spec. This may create a backup.
[16Oct2025 02:44:03.920] [main/DEBUG] [net.minecraftforge.common.ForgeConfigSpec/CORE]: The comment on key Cornelius.CORNELIUS_KEEP_CHUNK_LOADED does not match the spec. This may create a backup.
[16Oct2025 02:44:03.920] [main/DEBUG] [net.minecraftforge.common.ForgeConfigSpec/CORE]: The comment on key Cornelius.ENDER_FROG_HEAL_PROJECTILE_HEAL_AMOUNT does not match the spec. This may create a backup.
[16Oct2025 02:44:03.920] [main/DEBUG] [net.minecraftforge.common.ForgeConfigSpec/CORE]: The comment on key Cornelius.CORNELIUS_MAX_LIFE does not match the spec. This may create a backup.
[16Oct2025 02:44:03.920] [main/DEBUG] [net.minecraftforge.common.ForgeConfigSpec/CORE]: The comment on key Cornelius.CORNELIUS_JACKBLACK_BETS does not match the spec. This may create a backup.
[16Oct2025 02:44:03.920] [main/DEBUG] [net.minecraftforge.common.ForgeConfigSpec/CORE]: The comment on key Cloak.CLOAK_KEEP_CHUNK_LOADED does not match the spec. This may create a backup.
[16Oct2025 02:44:03.920] [main/DEBUG] [net.minecraftforge.common.ForgeConfigSpec/CORE]: The comment on key Cloak.CLOAK_MAX_LIFE does not match the spec. This may create a backup.
[16Oct2025 02:44:03.920] [main/DEBUG] [net.minecraftforge.common.ForgeConfigSpec/CORE]: The comment on key Cloak.CLOAK_DAMAGE does not match the spec. This may create a backup.
[16Oct2025 02:44:03.920] [main/DEBUG] [net.minecraftforge.common.ForgeConfigSpec/CORE]: The comment on key Sacred Pontiff.SACRED_PONTIFF_MAX_LIFE does not match the spec. This may create a backup.
[16Oct2025 02:44:03.920] [main/DEBUG] [net.minecraftforge.common.ForgeConfigSpec/CORE]: The comment on key Sacred Pontiff.SACRED_PONTIFF_DAMAGE does not match the spec. This may create a backup.
[16Oct2025 02:44:03.920] [main/DEBUG] [net.minecraftforge.common.ForgeConfigSpec/CORE]: The comment on key Sacred Pontiff.HIS_HOLINESS_MAX_LIFE does not match the spec. This may create a backup.
[16Oct2025 02:44:03.920] [main/DEBUG] [net.minecraftforge.common.ForgeConfigSpec/CORE]: The comment on key Sacred Pontiff.HIS_HOLINESS_DAMAGE does not match the spec. This may create a backup.
[16Oct2025 02:44:03.920] [main/DEBUG] [net.minecraftforge.common.ForgeConfigSpec/CORE]: The comment on key Bonanza.BONANZA_2_TEDDY_HEADS_DROPS does not match the spec. This may create a backup.
[16Oct2025 02:44:03.920] [main/DEBUG] [net.minecraftforge.common.ForgeConfigSpec/CORE]: The comment on key Bonanza.BONANZA_3_TEDDY_HEADS_DROPS does not match the spec. This may create a backup.
[16Oct2025 02:44:03.920] [main/DEBUG] [net.minecraftforge.common.ForgeConfigSpec/CORE]: The comment on key Bonanza.BONANZA_3_SKULL_DROP_ENTITIES does not match the spec. This may create a backup.
[16Oct2025 02:44:03.920] [main/DEBUG] [net.minecraftforge.common.ForgeConfigSpec/CORE]: The comment on key Bonanza.BONANZA_COIN_TRIES does not match the spec. This may create a backup.
[16Oct2025 02:44:03.921] [main/DEBUG] [net.minecraftforge.common.ForgeConfigSpec/CORE]: The comment on key Spawn Rates.GOLDEN_ALLAY_SPAWN does not match the spec. This may create a backup.
[16Oct2025 02:44:03.921] [main/DEBUG] [net.minecraftforge.common.ForgeConfigSpec/CORE]: The comment on key Spawn Rates.CORNELIUS_SPAWN does not match the spec. This may create a backup.
[16Oct2025 02:44:03.921] [main/DEBUG] [net.minecraftforge.common.ForgeConfigSpec/CORE]: The comment on key Spawn Rates.WILD_ANTLION_SPAWN does not match the spec. This may create a backup.
[16Oct2025 02:44:03.921] [main/DEBUG] [net.minecraftforge.common.ForgeConfigSpec/CORE]: The comment on key Puppet Glove.PUPPET_GLOVE_KEEP_CHUNK_LOADED does not match the spec. This may create a backup.
[16Oct2025 02:44:03.921] [main/DEBUG] [net.minecraftforge.common.ForgeConfigSpec/CORE]: The comment on key Puppet Glove.PUPPET_GLOVE_MAX_LIFE does not match the spec. This may create a backup.
[16Oct2025 02:44:03.921] [main/DEBUG] [net.minecraftforge.common.ForgeConfigSpec/CORE]: The comment on key Puppet Glove.PUPPET_GLOVE_DAMAGE does not match the spec. This may create a backup.
[16Oct2025 02:44:03.921] [main/DEBUG] [net.minecraftforge.common.ForgeConfigSpec/CORE]: The comment on key Minion.MINION_KEEP_CHUNK_LOADED does not match the spec. This may create a backup.
[16Oct2025 02:44:03.921] [main/DEBUG] [net.minecraftforge.common.ForgeConfigSpec/CORE]: The comment on key Minion.MINION_MAX_LIFE does not match the spec. This may create a backup.
[16Oct2025 02:44:03.921] [main/DEBUG] [net.minecraftforge.common.ForgeConfigSpec/CORE]: The comment on key Armoury.CRYSTALLIZED_BLOOD_SET_STATS does not match the spec. This may create a backup.
[16Oct2025 02:44:03.922] [main/DEBUG] [net.minecraftforge.common.ForgeConfigSpec/CORE]: The comment on key Armoury.MAGE_SET_STATS does not match the spec. This may create a backup.
[16Oct2025 02:44:03.922] [main/DEBUG] [net.minecraftforge.common.ForgeConfigSpec/CORE]: The comment on key Armoury.HOLY_ROBE_SET_STATS does not match the spec. This may create a backup.
[16Oct2025 02:44:03.922] [main/DEBUG] [net.minecraftforge.common.ForgeConfigSpec/CORE]: The comment on key Armoury.NETHERITE_DAGGER_STATS does not match the spec. This may create a backup.
[16Oct2025 02:44:03.922] [main/DEBUG] [net.minecraftforge.common.ForgeConfigSpec/CORE]: The comment on key Armoury.CRYSTALLIZED_BLOOD_WEAPON_STATS does not match the spec. This may create a backup.
[16Oct2025 02:44:03.922] [main/DEBUG] [net.minecraftforge.common.ForgeConfigSpec/CORE]: The comment on key Armoury.CRYSTALLIZED_BLOOD_SET_REDUCTION does not match the spec. This may create a backup.
[16Oct2025 02:44:03.922] [main/DEBUG] [net.minecraftforge.common.ForgeConfigSpec/CORE]: The comment on key Armoury.CRYSTALLIZED_BLOOD_AXE_COOLDOWN does not match the spec. This may create a backup.
[16Oct2025 02:44:03.922] [main/DEBUG] [net.minecraftforge.common.ForgeConfigSpec/CORE]: The comment on key Armoury.CRYSTALLIZED_BLOOD_SWORD_COOLDOWN does not match the spec. This may create a backup.
[16Oct2025 02:44:03.922] [main/DEBUG] [net.minecraftforge.common.ForgeConfigSpec/CORE]: The comment on key Armoury.CRYSTALLIZED_BLOOD_SET_MIN_HEALTH does not match the spec. This may create a backup.
[16Oct2025 02:44:03.922] [main/DEBUG] [net.minecraftforge.common.ForgeConfigSpec/CORE]: The comment on key Armoury.MAGE_SET_DAMAGE_REDUCTION does not match the spec. This may create a backup.
[16Oct2025 02:44:03.922] [main/DEBUG] [net.minecraftforge.common.ForgeConfigSpec/CORE]: The comment on key Armoury.MAGE_SET_COOLDOWN_REDUCTION does not match the spec. This may create a backup.
[16Oct2025 02:44:03.922] [main/DEBUG] [net.minecraftforge.common.ForgeConfigSpec/CORE]: The comment on key Armoury.HOLY_ROBE_DAMAGE_REDUCTION does not match the spec. This may create a backup.
[16Oct2025 02:44:03.923] [main/DEBUG] [net.minecraftforge.common.ForgeConfigSpec/CORE]: The comment on key Armoury.HOLY_ROBE_FIRE_RING_SPAWN_CHANCE does not match the spec. This may create a backup.
[16Oct2025 02:44:03.923] [main/DEBUG] [net.minecraftforge.common.ForgeConfigSpec/CORE]: The comment on key Armoury.NAGINATA_DAMAGE does not match the spec. This may create a backup.
[16Oct2025 02:44:03.923] [main/DEBUG] [net.minecraftforge.common.ForgeConfigSpec/CORE]: The comment on key Armoury.FIRE_RING_DAMAGE does not match the spec. This may create a backup.
[16Oct2025 02:44:03.923] [main/DEBUG] [net.minecraftforge.common.ForgeConfigSpec/CORE]: The comment on key Armoury.NEEDLE_PROJECTILE_DAMAGE does not match the spec. This may create a backup.
[16Oct2025 02:44:03.923] [main/DEBUG] [net.minecraftforge.common.ForgeConfigSpec/CORE]: The comment on key Armoury.NEEDLE_ITEM_DAMAGE does not match the spec. This may create a backup.
[16Oct2025 02:44:03.923] [main/DEBUG] [net.minecraftforge.common.ForgeConfigSpec/CORE]: The comment on key Armoury.HOLINESS_STAR_DAMAGE does not match the spec. This may create a backup.
[16Oct2025 02:44:03.923] [main/DEBUG] [net.minecraftforge.common.ForgeConfigSpec/CORE]: The comment on key Armoury.BRACE_PROJECTILE_DAMAGE does not match the spec. This may create a backup.
[16Oct2025 02:44:03.923] [main/DEBUG] [net.minecraftforge.common.ForgeConfigSpec/CORE]: The comment on key Armoury.CRYSTALLIZED_BLOOD_SCYTHE_LIFE_STEAL does not match the spec. This may create a backup.
[16Oct2025 02:44:03.923] [main/DEBUG] [net.minecraftforge.common.ForgeConfigSpec/CORE]: The comment on key Armoury.BLOOD_TORNADO_DAMAGE does not match the spec. This may create a backup.
[16Oct2025 02:44:03.923] [main/DEBUG] [net.minecraftforge.common.ForgeConfigSpec/CORE]: The comment on key Armoury.BLOOD_SLASH_DAMAGE does not match the spec. This may create a backup.
[16Oct2025 02:44:03.923] [main/DEBUG] [net.minecraftforge.common.ForgeConfigSpec/CORE]: The comment on key Armoury.BLOOD_SLASH_SPEED does not match the spec. This may create a backup.
[16Oct2025 02:44:03.923] [main/DEBUG] [net.minecraftforge.common.ForgeConfigSpec/CORE]: The comment on key General.DEMON_FLESH_DROP_RATE does not match the spec. This may create a backup.
[16Oct2025 02:44:03.923] [main/DEBUG] [net.minecraftforge.common.ForgeConfigSpec/CORE]: The comment on key General.RESPAWN_TOTEM_CHARGES does not match the spec. This may create a backup.
[16Oct2025 02:44:03.923] [main/DEBUG] [net.minecraftforge.common.ForgeConfigSpec/CORE]: The comment on key General.SHADOW_ALTAR_MAX_CHARGES does not match the spec. This may create a backup.
[16Oct2025 02:44:03.923] [main/DEBUG] [net.minecraftforge.common.ForgeConfigSpec/CORE]: The comment on key General.SHADOW_ALTAR_BLOOD_CHARGES_AMOUNT does not match the spec. This may create a backup.
[16Oct2025 02:44:03.924] [main/DEBUG] [net.minecraftforge.common.ForgeConfigSpec/CORE]: The comment on key General.SHOULD_COMPANIONS_WANDER does not match the spec. This may create a backup.
[16Oct2025 02:44:03.924] [main/DEBUG] [net.minecraftforge.common.ForgeConfigSpec/CORE]: The comment on key General.COMPANIONS_FOLLOW_OWNER_TELEPORT_DISTANCE does not match the spec. This may create a backup.
[16Oct2025 02:44:03.924] [main/DEBUG] [net.minecraftforge.common.ForgeConfigSpec/CORE]: The comment on key General.SOUL_FURNACE_CONSTANT_MAX_CHARGES does not match the spec. This may create a backup.
[16Oct2025 02:44:03.924] [main/DEBUG] [net.minecraftforge.common.ForgeConfigSpec/CORE]: The comment on key Antlion.ANTLION_KEEP_CHUNK_LOADED does not match the spec. This may create a backup.
[16Oct2025 02:44:03.924] [main/DEBUG] [net.minecraftforge.common.ForgeConfigSpec/CORE]: The comment on key Antlion.ANTLION_NORMAL_DAMAGE does not match the spec. This may create a backup.
[16Oct2025 02:44:03.924] [main/DEBUG] [net.minecraftforge.common.ForgeConfigSpec/CORE]: The comment on key Antlion.ANTLION_NORMAL_MAX_LIFE does not match the spec. This may create a backup.
[16Oct2025 02:44:03.924] [main/DEBUG] [net.minecraftforge.common.ForgeConfigSpec/CORE]: The comment on key Antlion.ANTLION_SOLDIER_DAMAGE does not match the spec. This may create a backup.
[16Oct2025 02:44:03.924] [main/DEBUG] [net.minecraftforge.common.ForgeConfigSpec/CORE]: The comment on key Antlion.ANTLION_SOLDIER_MAX_LIFE does not match the spec. This may create a backup.
[16Oct2025 02:44:03.924] [main/DEBUG] [net.minecraftforge.common.ForgeConfigSpec/CORE]: The comment on key Antlion.ANTLION_FLYER_DAMAGE does not match the spec. This may create a backup.
[16Oct2025 02:44:03.924] [main/DEBUG] [net.minecraftforge.common.ForgeConfigSpec/CORE]: The comment on key Antlion.ANTLION_FLYER_MAX_LIFE does not match the spec. This may create a backup.
[16Oct2025 02:44:03.924] [main/DEBUG] [net.minecraftforge.common.ForgeConfigSpec/CORE]: The comment on key Antlion.ANTLION_TANK_DAMAGE does not match the spec. This may create a backup.
[16Oct2025 02:44:03.924] [main/DEBUG] [net.minecraftforge.common.ForgeConfigSpec/CORE]: The comment on key Antlion.ANTLION_TANK_MAX_LIFE does not match the spec. This may create a backup.
[16Oct2025 02:44:03.925] [main/DEBUG] [net.minecraftforge.common.ForgeConfigSpec/CORE]: The comment on key Antlion.ANTLION_SOLDIER_PROJECTILE_DAMAGE does not match the spec. This may create a backup.
[16Oct2025 02:44:03.925] [main/DEBUG] [net.minecraftforge.common.ForgeConfigSpec/CORE]: The comment on key Puppet.PUPPET_KEEP_CHUNK_LOADED does not match the spec. This may create a backup.
[16Oct2025 02:44:03.925] [main/DEBUG] [net.minecraftforge.common.ForgeConfigSpec/CORE]: The comment on key Puppet.PUPPET_MAX_LIFE does not match the spec. This may create a backup.
[16Oct2025 02:44:03.925] [main/DEBUG] [net.minecraftforge.common.ForgeConfigSpec/CORE]: The comment on key Puppet.PUPPET_DAMAGE does not match the spec. This may create a backup.
[16Oct2025 02:44:03.925] [main/DEBUG] [net.minecraftforge.common.ForgeConfigSpec/CORE]: The comment on key Mankh.MANKH_KEEP_CHUNK_LOADED does not match the spec. This may create a backup.
[16Oct2025 02:44:03.925] [main/DEBUG] [net.minecraftforge.common.ForgeConfigSpec/CORE]: The comment on key Mankh.MANKH_MAX_LIFE does not match the spec. This may create a backup.
[16Oct2025 02:44:03.925] [main/DEBUG] [net.minecraftforge.common.ForgeConfigSpec/CORE]: The comment on key Mankh.MANKH_DAMAGE does not match the spec. This may create a backup.
[16Oct2025 02:44:03.926] [main/DEBUG] [net.minecraftforge.common.ForgeConfigSpec/CORE]: The comment on key Dinamo.DINAMO_KEEP_CHUNK_LOADED does not match the spec. This may create a backup.
[16Oct2025 02:44:03.926] [main/DEBUG] [net.minecraftforge.common.ForgeConfigSpec/CORE]: The comment on key Dinamo.DINAMO_MAX_CHAIN_CONNECTIONS does not match the spec. This may create a backup.
[16Oct2025 02:44:03.926] [main/DEBUG] [net.minecraftforge.common.ForgeConfigSpec/CORE]: The comment on key Dinamo.DINAMO_MAX_CONNECTION_DISTANCE does not match the spec. This may create a backup.
[16Oct2025 02:44:03.926] [main/DEBUG] [net.minecraftforge.common.ForgeConfigSpec/CORE]: The comment on key Dinamo.DINAMO_MAX_LIFE does not match the spec. This may create a backup.
[16Oct2025 02:44:03.926] [main/DEBUG] [net.minecraftforge.common.ForgeConfigSpec/CORE]: The comment on key Dinamo.ELECTRICITY_DAMAGE does not match the spec. This may create a backup.
[16Oct2025 02:44:03.926] [main/DEBUG] [net.minecraftforge.common.ForgeConfigSpec/CORE]: The comment on key Food.MUTANT_FLESH_SHOULD_TP does not match the spec. This may create a backup.
[16Oct2025 02:44:03.926] [main/DEBUG] [net.minecraftforge.common.ForgeConfigSpec/CORE]: The comment on key Food.MUTANT_FLESH_SHOULD_HURT does not match the spec. This may create a backup.
[16Oct2025 02:44:03.926] [main/DEBUG] [net.minecraftforge.common.ForgeConfigSpec/CORE]: The comment on key Food.ANTLION_FUR_SHOULD_FIRE does not match the spec. This may create a backup.
[16Oct2025 02:44:03.931] [main/DEBUG] [net.minecraftforge.fml.config.ConfigFileTypeHandler/CONFIG]: Built TOML config for /workspaces/MI-server/servidor_minecraft/config/iceandfire-common.toml
[16Oct2025 02:44:03.932] [Thread-1/DEBUG] [net.minecraftforge.fml.config.ConfigFileTypeHandler/CONFIG]: Config file companions.toml changed, sending notifies
[16Oct2025 02:44:03.935] [main/DEBUG] [net.minecraftforge.fml.config.ConfigFileTypeHandler/CONFIG]: Loaded TOML config file /workspaces/MI-server/servidor_minecraft/config/iceandfire-common.toml
[16Oct2025 02:44:03.935] [main/DEBUG] [net.minecraftforge.fml.config.ConfigFileTypeHandler/CONFIG]: Watching TOML config file /workspaces/MI-server/servidor_minecraft/config/iceandfire-common.toml for changes
[16Oct2025 02:44:03.981] [Thread-1/DEBUG] [net.minecraftforge.fml.config.ConfigFileTypeHandler/CONFIG]: Config file iceandfire-common.toml changed, sending notifies
[16Oct2025 02:44:03.982] [main/DEBUG] [net.minecraftforge.fml.config.ConfigFileTypeHandler/CONFIG]: Built TOML config for /workspaces/MI-server/servidor_minecraft/config/paraglider-player-states.toml
[16Oct2025 02:44:03.983] [main/DEBUG] [net.minecraftforge.fml.config.ConfigFileTypeHandler/CONFIG]: Loaded TOML config file /workspaces/MI-server/servidor_minecraft/config/paraglider-player-states.toml
[16Oct2025 02:44:03.984] [main/DEBUG] [net.minecraftforge.fml.config.ConfigFileTypeHandler/CONFIG]: Watching TOML config file /workspaces/MI-server/servidor_minecraft/config/paraglider-player-states.toml for changes
[16Oct2025 02:44:03.985] [main/DEBUG] [net.minecraftforge.fml.config.ConfigFileTypeHandler/CONFIG]: Built TOML config for /workspaces/MI-server/servidor_minecraft/config/paraglider-common.toml
[16Oct2025 02:44:03.985] [main/DEBUG] [net.minecraftforge.fml.config.ConfigFileTypeHandler/CONFIG]: Loaded TOML config file /workspaces/MI-server/servidor_minecraft/config/paraglider-common.toml
[16Oct2025 02:44:03.985] [main/DEBUG] [net.minecraftforge.fml.config.ConfigFileTypeHandler/CONFIG]: Watching TOML config file /workspaces/MI-server/servidor_minecraft/config/paraglider-common.toml for changes
[16Oct2025 02:44:03.986] [Thread-1/DEBUG] [net.minecraftforge.fml.config.ConfigFileTypeHandler/CONFIG]: Config file paraglider-common.toml changed, sending notifies
[16Oct2025 02:44:03.986] [Thread-1/DEBUG] [net.minecraftforge.fml.config.ConfigFileTypeHandler/CONFIG]: Config file paraglider-common.toml changed, sending notifies
[16Oct2025 02:44:03.986] [main/DEBUG] [net.minecraftforge.fml.config.ConfigFileTypeHandler/CONFIG]: Built TOML config for /workspaces/MI-server/servidor_minecraft/config/structure_gel-common.toml
[16Oct2025 02:44:03.987] [main/DEBUG] [net.minecraftforge.fml.config.ConfigFileTypeHandler/CONFIG]: Loaded TOML config file /workspaces/MI-server/servidor_minecraft/config/structure_gel-common.toml
[16Oct2025 02:44:03.987] [main/DEBUG] [net.minecraftforge.fml.config.ConfigFileTypeHandler/CONFIG]: Watching TOML config file /workspaces/MI-server/servidor_minecraft/config/structure_gel-common.toml for changes
[16Oct2025 02:44:03.987] [Thread-1/DEBUG] [net.minecraftforge.fml.config.ConfigFileTypeHandler/CONFIG]: Config file structure_gel-common.toml changed, sending notifies
[16Oct2025 02:44:03.987] [Thread-1/DEBUG] [net.minecraftforge.fml.config.ConfigFileTypeHandler/CONFIG]: Config file structure_gel-common.toml changed, sending notifies
[16Oct2025 02:44:03.988] [main/DEBUG] [net.minecraftforge.fml.config.ConfigFileTypeHandler/CONFIG]: Built TOML config for /workspaces/MI-server/servidor_minecraft/config/monsterexpansion-common.toml
[16Oct2025 02:44:03.988] [main/DEBUG] [net.minecraftforge.fml.config.ConfigFileTypeHandler/CONFIG]: Loaded TOML config file /workspaces/MI-server/servidor_minecraft/config/monsterexpansion-common.toml
[16Oct2025 02:44:03.988] [main/DEBUG] [net.minecraftforge.fml.config.ConfigFileTypeHandler/CONFIG]: Watching TOML config file /workspaces/MI-server/servidor_minecraft/config/monsterexpansion-common.toml for changes
[16Oct2025 02:44:03.989] [Thread-1/DEBUG] [net.minecraftforge.fml.config.ConfigFileTypeHandler/CONFIG]: Config file monsterexpansion-common.toml changed, sending notifies
[16Oct2025 02:44:03.989] [Thread-1/DEBUG] [net.minecraftforge.fml.config.ConfigFileTypeHandler/CONFIG]: Config file monsterexpansion-common.toml changed, sending notifies
[16Oct2025 02:44:03.989] [main/DEBUG] [net.minecraftforge.fml.config.ConfigFileTypeHandler/CONFIG]: Built TOML config for /workspaces/MI-server/servidor_minecraft/config/moonlight-common.toml
[16Oct2025 02:44:03.989] [main/DEBUG] [net.minecraftforge.fml.config.ConfigFileTypeHandler/CONFIG]: Loaded TOML config file /workspaces/MI-server/servidor_minecraft/config/moonlight-common.toml
[16Oct2025 02:44:03.990] [main/DEBUG] [net.minecraftforge.fml.config.ConfigFileTypeHandler/CONFIG]: Watching TOML config file /workspaces/MI-server/servidor_minecraft/config/moonlight-common.toml for changes
[16Oct2025 02:44:03.991] [Thread-1/DEBUG] [net.minecraftforge.fml.config.ConfigFileTypeHandler/CONFIG]: Config file moonlight-common.toml changed, sending notifies
[16Oct2025 02:44:03.991] [Thread-1/DEBUG] [net.minecraftforge.fml.config.ConfigFileTypeHandler/CONFIG]: Config file moonlight-common.toml changed, sending notifies
[16Oct2025 02:44:03.991] [main/DEBUG] [net.minecraftforge.fml.config.ConfigFileTypeHandler/CONFIG]: Built TOML config for /workspaces/MI-server/servidor_minecraft/config/curios-common.toml
[16Oct2025 02:44:03.991] [main/DEBUG] [net.minecraftforge.fml.config.ConfigFileTypeHandler/CONFIG]: Loaded TOML config file /workspaces/MI-server/servidor_minecraft/config/curios-common.toml
[16Oct2025 02:44:03.992] [main/DEBUG] [net.minecraftforge.fml.config.ConfigFileTypeHandler/CONFIG]: Watching TOML config file /workspaces/MI-server/servidor_minecraft/config/curios-common.toml for changes
[16Oct2025 02:44:03.992] [Thread-1/DEBUG] [net.minecraftforge.fml.config.ConfigFileTypeHandler/CONFIG]: Config file curios-common.toml changed, sending notifies
[16Oct2025 02:44:03.992] [main/DEBUG] [net.minecraftforge.fml.config.ConfigFileTypeHandler/CONFIG]: Built TOML config for /workspaces/MI-server/servidor_minecraft/config/legendarycreatures/legendarycreatures-common.toml
[16Oct2025 02:44:03.993] [main/DEBUG] [net.minecraftforge.fml.config.ConfigFileTypeHandler/CONFIG]: Loaded TOML config file /workspaces/MI-server/servidor_minecraft/config/legendarycreatures/legendarycreatures-common.toml
[16Oct2025 02:44:03.994] [main/DEBUG] [net.minecraftforge.fml.config.ConfigFileTypeHandler/CONFIG]: Watching TOML config file /workspaces/MI-server/servidor_minecraft/config/legendarycreatures/legendarycreatures-common.toml for changes
[16Oct2025 02:44:03.994] [main/WARN] [net.minecraftforge.common.ForgeConfigSpec/CORE]: Configuration file /workspaces/MI-server/servidor_minecraft/config/legendarycreatures/legendarycreatures-common.toml is not correct. Correcting
[16Oct2025 02:44:03.995] [main/WARN] [net.minecraftforge.common.ForgeConfigSpec/CORE]: Incorrect key MobSpawning.wisp.Wisp Purse Xp Reward Range  was corrected from [30, 30] to its default, [30, 30]. 
[16Oct2025 02:44:03.998] [main/WARN] [net.minecraftforge.common.ForgeConfigSpec/CORE]: Incorrect key MobSpawning.nether_wisp.Nether Wisp Purse Xp Reward Range  was corrected from [80, 80] to its default, [80, 80]. 
[16Oct2025 02:44:04.004] [main/WARN] [net.minecraftforge.common.ForgeConfigSpec/CORE]: Incorrect key MobSpawning.ender_wisp.Ender Wisp Purse Xp Reward Range  was corrected from [240, 240] to its default, [240, 240]. 
[16Oct2025 02:44:04.006] [main/DEBUG] [net.minecraftforge.fml.config.ConfigFileTypeHandler/CONFIG]: Built TOML config for /workspaces/MI-server/servidor_minecraft/config/aquaculture-common.toml
[16Oct2025 02:44:04.006] [main/DEBUG] [net.minecraftforge.fml.config.ConfigFileTypeHandler/CONFIG]: Loaded TOML config file /workspaces/MI-server/servidor_minecraft/config/aquaculture-common.toml
[16Oct2025 02:44:04.007] [main/DEBUG] [net.minecraftforge.fml.config.ConfigFileTypeHandler/CONFIG]: Watching TOML config file /workspaces/MI-server/servidor_minecraft/config/aquaculture-common.toml for changes
[16Oct2025 02:44:04.007] [main/DEBUG] [net.minecraftforge.fml.config.ConfigFileTypeHandler/CONFIG]: Built TOML config for /workspaces/MI-server/servidor_minecraft/config/Luminous_Beasts_Configuration.toml
[16Oct2025 02:44:04.008] [main/DEBUG] [net.minecraftforge.fml.config.ConfigFileTypeHandler/CONFIG]: Loaded TOML config file /workspaces/MI-server/servidor_minecraft/config/Luminous_Beasts_Configuration.toml
[16Oct2025 02:44:04.008] [Thread-1/DEBUG] [net.minecraftforge.fml.config.ConfigFileTypeHandler/CONFIG]: Config file aquaculture-common.toml changed, sending notifies
[16Oct2025 02:44:04.009] [main/DEBUG] [net.minecraftforge.fml.config.ConfigFileTypeHandler/CONFIG]: Watching TOML config file /workspaces/MI-server/servidor_minecraft/config/Luminous_Beasts_Configuration.toml for changes
[16Oct2025 02:44:04.010] [Thread-1/DEBUG] [net.minecraftforge.fml.config.ConfigFileTypeHandler/CONFIG]: Config file Luminous_Beasts_Configuration.toml changed, sending notifies
[16Oct2025 02:44:04.012] [main/DEBUG] [net.minecraftforge.fml.config.ConfigFileTypeHandler/CONFIG]: Built TOML config for /workspaces/MI-server/servidor_minecraft/config/bosses_rise_config.toml
[16Oct2025 02:44:04.012] [main/DEBUG] [net.minecraftforge.fml.config.ConfigFileTypeHandler/CONFIG]: Loaded TOML config file /workspaces/MI-server/servidor_minecraft/config/bosses_rise_config.toml
[16Oct2025 02:44:04.012] [Thread-1/DEBUG] [net.minecraftforge.fml.config.ConfigFileTypeHandler/CONFIG]: Config file Luminous_Beasts_Configuration.toml changed, sending notifies
[16Oct2025 02:44:04.014] [main/DEBUG] [net.minecraftforge.fml.config.ConfigFileTypeHandler/CONFIG]: Watching TOML config file /workspaces/MI-server/servidor_minecraft/config/bosses_rise_config.toml for changes
[16Oct2025 02:44:04.015] [Thread-1/DEBUG] [net.minecraftforge.fml.config.ConfigFileTypeHandler/CONFIG]: Config file bosses_rise_config.toml changed, sending notifies
[16Oct2025 02:44:04.015] [Thread-1/DEBUG] [net.minecraftforge.fml.config.ConfigFileTypeHandler/CONFIG]: Config file bosses_rise_config.toml changed, sending notifies
[16Oct2025 02:44:04.016] [main/DEBUG] [net.minecraftforge.fml.config.ConfigFileTypeHandler/CONFIG]: Built TOML config for /workspaces/MI-server/servidor_minecraft/config/morecritters-general.toml
[16Oct2025 02:44:04.016] [main/DEBUG] [net.minecraftforge.fml.config.ConfigFileTypeHandler/CONFIG]: Loaded TOML config file /workspaces/MI-server/servidor_minecraft/config/morecritters-general.toml
[16Oct2025 02:44:04.016] [main/DEBUG] [net.minecraftforge.fml.config.ConfigFileTypeHandler/CONFIG]: Watching TOML config file /workspaces/MI-server/servidor_minecraft/config/morecritters-general.toml for changes
[16Oct2025 02:44:04.017] [Thread-1/DEBUG] [net.minecraftforge.fml.config.ConfigFileTypeHandler/CONFIG]: Config file morecritters-general.toml changed, sending notifies
[16Oct2025 02:44:04.018] [Thread-1/DEBUG] [net.minecraftforge.fml.config.ConfigFileTypeHandler/CONFIG]: Config file morecritters-general.toml changed, sending notifies
[16Oct2025 02:44:04.133] [modloading-worker-0/DEBUG] [azurelib/FileWatching]: Starting file watching service
[16Oct2025 02:44:04.484] [modloading-worker-0/DEBUG] [mixin/]: Mixing MixinSlotAttribute from curios.mixins.json into top.theillusivec4.curios.api.SlotAttribute
[16Oct2025 02:44:04.495] [modloading-worker-0/DEBUG] [mixin/]: Mixing MixinCuriosApi from curios.mixins.json into top.theillusivec4.curios.api.CuriosApi
[16Oct2025 02:44:04.664] [modloading-worker-0/DEBUG] [sfiomn.legendarycreatures.LegendaryCreatures/]: desert_mojo-spawn.json already exists!
[16Oct2025 02:44:04.667] [modloading-worker-0/DEBUG] [sfiomn.legendarycreatures.LegendaryCreatures/]: forest_mojo-spawn.json already exists!
[16Oct2025 02:44:04.670] [modloading-worker-0/DEBUG] [sfiomn.legendarycreatures.LegendaryCreatures/]: hound-spawn.json already exists!
[16Oct2025 02:44:04.673] [modloading-worker-0/DEBUG] [sfiomn.legendarycreatures.LegendaryCreatures/]: scarecrow-spawn.json already exists!
[16Oct2025 02:44:04.675] [modloading-worker-0/DEBUG] [sfiomn.legendarycreatures.LegendaryCreatures/]: scorpion-spawn.json already exists!
[16Oct2025 02:44:04.676] [modloading-worker-0/DEBUG] [sfiomn.legendarycreatures.LegendaryCreatures/]: scorpion_baby-spawn.json already exists!
[16Oct2025 02:44:04.684] [modloading-worker-0/DEBUG] [sfiomn.legendarycreatures.LegendaryCreatures/]: wisp-spawn.json already exists!
[16Oct2025 02:44:04.685] [modloading-worker-0/DEBUG] [sfiomn.legendarycreatures.LegendaryCreatures/]: nether_wisp-spawn.json already exists!
[16Oct2025 02:44:04.687] [modloading-worker-0/DEBUG] [sfiomn.legendarycreatures.LegendaryCreatures/]: ender_wisp-spawn.json already exists!
[16Oct2025 02:44:04.688] [modloading-worker-0/DEBUG] [sfiomn.legendarycreatures.LegendaryCreatures/]: corpse_eater-spawn.json already exists!
[16Oct2025 02:44:04.690] [modloading-worker-0/DEBUG] [sfiomn.legendarycreatures.LegendaryCreatures/]: peacock_spider-spawn.json already exists!
[16Oct2025 02:44:04.692] [modloading-worker-0/DEBUG] [sfiomn.legendarycreatures.LegendaryCreatures/]: bullfrog-spawn.json already exists!
[16Oct2025 02:44:04.728] [Forge Version Check/INFO] [net.minecraftforge.fml.VersionChecker/]: [journeymap] Starting version check at https://forge.curseupdate.com/32274/journeymap
[16Oct2025 02:44:04.784] [modloading-worker-0/DEBUG] [mixin/]: Mixing MixinNbtPredicate from curios.mixins.json into net.minecraft.advancements.critereon.NbtPredicate
[16Oct2025 02:44:04.840] [main/DEBUG] [net.minecraftforge.fml.DeferredWorkQueue/LOADING]: Dispatching synchronous work for work queue COMMON_SETUP: 50 jobs
[16Oct2025 02:44:04.842] [main/INFO] [journeymap/]: Initializing Packet Registries
[16Oct2025 02:44:05.289] [Forge Version Check/DEBUG] [net.minecraftforge.fml.VersionChecker/]: [journeymap] Received version check data:
{"promos":{"1.10.2-latest":"1.10.2-5.5.2","1.10.2-recommended":"1.10.2-5.5.2","1.11-latest":"1.11-5.4.6","1.11-recommended":"1.11-5.4.6","1.11.2-latest":"1.11.2-5.5.2","1.11.2-recommended":"1.11.2-5.5.2","1.12-latest":"1.12-5.5.2","1.12-recommended":"1.12-5.5.2","1.12.1-latest":"1.12.1-5.5.2","1.12.1-recommended":"1.12.1-5.5.2","1.12.2-latest":"1.12.2-5.7.1p3","1.12.2-recommended":"1.12.2-5.7.1p3","1.14.4-latest":"5.7.0","1.14.4-recommended":"5.7.0","1.15.2-latest":"5.7.0","1.15.2-recommended":"5.7.0","1.16.2-latest":"5.7.3","1.16.2-recommended":"5.7.3","1.16.3-latest":"5.7.3","1.16.3-recommended":"5.7.3","1.16.4-latest":"5.7.3","1.16.4-recommended":"5.7.3","1.16.5-latest":"5.8.6","1.16.5-recommended":"5.8.6","1.17.1-latest":"5.8.0","1.17.1-recommended":"5.8.0","1.18-latest":"5.8.0alpha9","1.18.1-latest":"5.8.1","1.18.1-recommended":"5.8.1","1.18.2-latest":"5.9.8","1.18.2-recommended":"5.9.8","1.19-latest":"5.8.5","1.19-recommended":"5.8.5","1.19.1-latest":"5.9.0beta2","1.19.2-latest":"5.9.8","1.19.2-recommended":"5.9.8","1.19.3-latest":"5.9.7","1.19.3-recommended":"5.9.7","1.19.4-latest":"5.9.8","1.19.4-recommended":"5.9.8","1.20-latest":"5.9.8","1.20-recommended":"5.9.8","1.20.1-latest":"5.10.3","1.20.1-recommended":"5.10.3","1.20.2-latest":"5.9.21","1.20.2-recommended":"5.9.21","1.20.3-latest":"5.9.18","1.20.3-recommended":"5.9.18","1.20.4-latest":"5.10.0","1.20.4-recommended":"5.10.0","1.20.6-latest":"5.10.0","1.20.6-recommended":"5.10.0","1.21-latest":"1.21-6.0.0-beta.27","1.21.1-latest":"1.21.1-6.0.0-beta.52","1.21.4-latest":"1.21.4-6.0.0-beta.45","1.21.5-latest":"1.21.5-6.0.0-beta.52","1.21.6-latest":"1.21.6-6.0.0-beta.52","1.21.7-latest":"1.21.7-6.0.0-beta.53","1.21.8-latest":"1.21.8-6.0.0-beta.52","1.6.4-latest":"4.0.3","1.6.4-recommended":"4.0.3","1.7.10-latest":"5.2.10","1.7.10-recommended":"5.2.10","1.7.2-latest":"4.0.3","1.7.2-recommended":"4.0.3","1.8-latest":"1.8-5.1.3","1.8-recommended":"1.8-5.1.3","1.8.8-latest":"1.8.8-5.1.3","1.8.8-recommended":"1.8.8-5.1.3","1.8.9-latest":"1.8.9-5.2.4","1.8.9-recommended":"1.8.9-5.2.4","1.9-latest":"1.9-5.5.2","1.9-recommended":"1.9-5.5.2","1.9.4-latest":"1.9.4-5.5.2","1.9.4-recommended":"1.9.4-5.5.2"},"homepage":"https://www.curseforge.com/minecraft/mc-mods/journeymap"}
[16Oct2025 02:44:05.294] [Forge Version Check/INFO] [net.minecraftforge.fml.VersionChecker/]: [journeymap] Found status: UP_TO_DATE Current: 5.10.3 Target: null
[16Oct2025 02:44:05.294] [Forge Version Check/INFO] [net.minecraftforge.fml.VersionChecker/]: [forge] Starting version check at https://files.minecraftforge.net/net/minecraftforge/forge/promotions_slim.json
[16Oct2025 02:44:05.324] [main/INFO] [Moonlight/]: Initialized color sets in 83ms
[16Oct2025 02:44:05.371] [main/DEBUG] [net.minecraftforge.fml.DeferredWorkQueue/LOADING]: Synchronous work queue completed in 530.7 ms
[16Oct2025 02:44:05.440] [Forge Version Check/DEBUG] [net.minecraftforge.fml.VersionChecker/]: [forge] Received version check data:
{
  "homepage": "https://files.minecraftforge.net/net/minecraftforge/forge/",
  "promos": {
    "1.1-latest": "1.3.4.29",
    "1.2.3-latest": "1.4.1.64",
    "1.2.4-latest": "2.0.0.68",
    "1.2.5-latest": "3.4.9.171",
    "1.3.2-latest": "4.3.5.318",
    "1.4.0-latest": "5.0.0.326",
    "1.4.1-latest": "6.0.0.329",
    "1.4.2-latest": "6.0.1.355",
    "1.4.3-latest": "6.2.1.358",
    "1.4.4-latest": "6.3.0.378",
    "1.4.5-latest": "6.4.2.448",
    "1.4.6-latest": "6.5.0.489",
    "1.4.7-latest": "6.6.2.534",
    "1.5-latest": "7.7.0.598",
    "1.5.1-latest": "7.7.2.682",
    "1.5.2-latest": "7.8.1.738",
    "1.5.2-recommended": "7.8.1.738",
    "1.6.1-latest": "8.9.0.775",
    "1.6.2-latest": "9.10.1.871",
    "1.6.2-recommended": "9.10.1.871",
    "1.6.3-latest": "9.11.0.878",
    "1.6.4-latest": "9.11.1.1345",
    "1.6.4-recommended": "9.11.1.1345",
    "1.7.2-latest": "10.12.2.1161",
    "1.7.2-recommended": "10.12.2.1161",
    "1.7.10_pre4-latest": "10.12.2.1149",
    "1.7.10-latest": "10.13.4.1614",
    "1.7.10-recommended": "10.13.4.1614",
    "1.8-latest": "11.14.4.1577",
    "1.8-recommended": "11.14.4.1563",
    "1.8.8-latest": "11.15.0.1655",
    "1.8.9-latest": "11.15.1.2318",
    "1.8.9-recommended": "11.15.1.2318",
    "1.9-latest": "12.16.1.1938",
    "1.9-recommended": "12.16.1.1887",
    "1.9.4-latest": "12.17.0.2317",
    "1.9.4-recommended": "12.17.0.2317",
    "1.10-latest": "12.18.0.2000",
    "1.10.2-latest": "12.18.3.2511",
    "1.10.2-recommended": "12.18.3.2511",
    "1.11-latest": "13.19.1.2199",
    "1.11-recommended": "13.19.1.2189",
    "1.11.2-latest": "13.20.1.2588",
    "1.11.2-recommended": "13.20.1.2588",
    "1.12-latest": "14.21.1.2443",
    "1.12-recommended": "14.21.1.2387",
    "1.12.1-latest": "14.22.1.2485",
    "1.12.1-recommended": "14.22.1.2478",
    "1.12.2-latest": "14.23.5.2860",
    "1.12.2-recommended": "14.23.5.2859",
    "1.13.2-latest": "25.0.223",
    "1.14.2-latest": "26.0.63",
    "1.14.3-latest": "27.0.60",
    "1.14.4-latest": "28.2.26",
    "1.14.4-recommended": "28.2.26",
    "1.15-latest": "29.0.4",
    "1.15.1-latest": "30.0.51",
    "1.15.2-latest": "31.2.60",
    "1.15.2-recommended": "31.2.57",
    "1.16.1-latest": "32.0.108",
    "1.16.2-latest": "33.0.61",
    "1.16.3-latest": "34.1.42",
    "1.16.3-recommended": "34.1.0",
    "1.16.4-latest": "35.1.37",
    "1.16.4-recommended": "35.1.4",
    "1.16.5-latest": "36.2.42",
    "1.16.5-recommended": "36.2.34",
    "1.17.1-latest": "37.1.1",
    "1.17.1-recommended": "37.1.1",
    "1.18-latest": "38.0.17",
    "1.18.1-latest": "39.1.2",
    "1.18.1-recommended": "39.1.0",
    "1.18.2-recommended": "40.3.0",
    "1.18.2-latest": "40.3.11",
    "1.19-latest": "41.1.0",
    "1.19-recommended": "41.1.0",
    "1.19.1-latest": "42.0.9",
    "1.19.2-recommended": "43.5.0",
    "1.19.2-latest": "43.5.1",
    "1.19.3-latest": "44.1.23",
    "1.19.3-recommended": "44.1.0",
    "1.19.4-recommended": "45.4.0",
    "1.19.4-latest": "45.4.2",
    "1.20-latest": "46.0.14",
    "1.20.1-recommended": "47.4.0",
    "1.20.1-latest": "47.4.10",
    "1.20.2-latest": "48.1.0",
    "1.20.2-recommended": "48.1.0",
    "1.20.3-latest": "49.0.2",
    "1.20.4-latest": "49.2.2",
    "1.20.4-recommended": "49.2.0",
    "1.20.6-latest": "50.2.2",
    "1.20.6-recommended": "50.2.0",
    "1.21-latest": "51.0.33",
    "1.21.1-latest": "52.1.5",
    "1.21.1-recommended": "52.1.0",
    "1.21.3-latest": "53.1.4",
    "1.21.3-recommended": "53.1.0",
    "1.21.4-latest": "54.1.8",
    "1.21.4-recommended": "54.1.0",
    "1.21.5-latest": "55.1.2",
    "1.21.5-recommended": "55.1.0",
    "1.21.6-latest": "56.0.9",
    "1.21.7-latest": "57.0.3",
    "1.21.8-latest": "58.1.7",
    "1.21.8-recommended": "58.1.0",
    "1.21.9-latest": "59.0.5",
    "1.21.10-latest": "60.0.5"
  }
}
[16Oct2025 02:44:05.440] [Forge Version Check/INFO] [net.minecraftforge.fml.VersionChecker/]: [forge] Found status: OUTDATED Current: 47.3.7 Target: 47.4.0
[16Oct2025 02:44:05.441] [Forge Version Check/INFO] [net.minecraftforge.fml.VersionChecker/]: [structure_gel] Starting version check at http://changelogs.moddinglegacy.com/structure-gel.json
[16Oct2025 02:44:05.451] [main/DEBUG] [net.minecraftforge.fml.DeferredWorkQueue/LOADING]: Dispatching synchronous work for work queue COMPLETE: 1 jobs
[16Oct2025 02:44:05.452] [main/DEBUG] [net.minecraftforge.fml.DeferredWorkQueue/LOADING]: Synchronous work queue completed in 100.6 μs
[16Oct2025 02:44:05.714] [Forge Version Check/DEBUG] [net.minecraftforge.fml.VersionChecker/]: [structure_gel] Received version check data:
{
  "homepage": "https://www.curseforge.com/minecraft/mc-mods/structure-gel-api",
  "promos": {
    "1.19.4-recommended": "2.12.0",
    "1.19.4-latest": "2.12.0",
    "1.19.3-recommended": "2.9.0",
    "1.19.3-latest": "2.9.0",
    "1.19.2-recommended": "2.7.2",
    "1.19.2-latest": "2.7.2",
    "1.19.1-recommended": "2.7.1",
    "1.19.1-latest": "2.7.1",
    "1.18.2-recommended": "2.4.7",
    "1.18.2-latest": "2.4.7",
    "1.17.1-recommended": "2.0.1",
    "1.17.1-latest": "2.0.1",
    "1.16.5-recommended": "1.7.8",
    "1.16.5-latest": "1.7.8",
    "1.16.4-recommended": "1.7.8",
    "1.16.4-latest": "1.7.8",
    "1.15.2-recommended": "1.1.0",
    "1.15.2-latest": "1.1.0",
    "1.14.4-recommended": "1.1.0",
    "1.14.4-latest": "1.1.0"
  },
  "1.19.4": {
    "2.12.0": "Made visual improvements to the Building Tool GUI and fixed some bugs.\n\nhttps://gitlab.com/modding-legacy/structure-gel-api/-/blob/1.19.x/changelogs/1.19.4-v2.12.0.md",
    "2.11.0": "- Added an archaeology data handler mode (requires 1.20 feature flags to use).\n- Added the ability to change a structure\u0027s biomes in the config.\n\nChangelog:\nhttps://gitlab.com/modding-legacy/structure-gel-api/-/blob/1.19.x/changelogs/1.19.4-v2.11.0.md",
    "2.10.0": "Updated to 1.19.4 with many QoL changes\n\nChangelog:\nhttps://gitlab.com/modding-legacy/structure-gel-api/-/blob/1.19.x/changelogs/1.19.4-v2.10.0.md\n"
  },
  "1.19.3": {
    "2.9.0": "This update comes with _many_ changes and additions to the Building Tool, Data Handlers, and Dynamic Spawners. This will be the last feature update to 1.19.3, unless major bugs are discovered.\n\nhttps://gitlab.com/modding-legacy/structure-gel-api/-/blob/1.19.x/changelogs/1.19.3-v2.9.0.md"
  },
  "1.19.2": {
    "2.7.2": "Fixed a lockup that could occur during worldgen"
  }
}
[16Oct2025 02:44:05.715] [Forge Version Check/INFO] [net.minecraftforge.fml.VersionChecker/]: [structure_gel] Found status: BETA Current: 2.16.2 Target: null
[16Oct2025 02:44:05.721] [Forge Version Check/INFO] [net.minecraftforge.fml.VersionChecker/]: [dungeons_enhanced] Starting version check at https://raw.githubusercontent.com/Ametrin-Studios/DungeonsEnhanced/refs/heads/master/update.json
[16Oct2025 02:44:05.780] [Forge Version Check/DEBUG] [net.minecraftforge.fml.VersionChecker/]: [dungeons_enhanced] Received version check data:
{
  "homepage": "https://www.curseforge.com/minecraft/mc-mods/dungeonsenhanced",
  "promos": {
    "1.21.4-latest": "6.3.0",
    "1.21.4-recommended": "6.3.0",
    "1.20.4-latest": "5.6",
    "1.20.4-recommended": "5.6",
    "1.20.1-latest": "5.4.3",
    "1.20.1-recommended": "5.4.3",
    "1.19.4-latest": "4.3.1",
    "1.19.4-recommended": "4.3.1",
    "1.19.2-latest": "4.1",
    "1.19.2-recommended": "4.1",
    "1.18.2-latest": "3.3",
    "1.18.2-recommended": "3.3",
    "1.18.1-latest": "3.0",
    "1.18.1-recommended": "3.0",
    "1.17.1-latest": "2.0",
    "1.17.1-recommended": "2.0",
    "1.16.5-latest": "1.9.2",
    "1.16.5-recommended": "1.8.2"
  },
  "1.21.4": {
    "6.3.0": "updated jungle monument, updated translations",
    "6.2.0": "pale monster maze, monster maze overhaul, tweaks, fixes",
    "6.1.1": "fixes",
    "6.1.0": "biome config via data packs",
    "6.0": "port, disable dimension checking"
  },
  "1.20.4": {
    "5.6": "new Dungeon Variant, loot table updates",
    "5.5": "Black Citadel",
    "5.4": "new Structure Backend",
    "5.3": "port, neoforge"
  },
  "1.20.1": {
    "5.4.3": "updated translations",
    "5.4.2": "fixes & tweaks",
    "5.4.1": "fixes & tweaks",
    "5.4.0": "disable dimension checking, biome config via data packs, new Dungeon Variant, fixes",
    "5.3.0": "Black Citadel, loot table updates, update checker",
    "5.2.2": "new tall witch hut generation",
    "5.2.1": "fixes",
    "5.2": "fixes",
    "5.1": "crash fix",
    "5.0": "port"
  },
  "1.19.4": {
    "4.3.1": "fixes",
    "4.3": "Explorer Maps",
    "4.2.1": "biome config, Spanish, French, Romanian, Portuguese",
    "4.2": "port"
  },
  "1.19.2": {
    "4.1": "German",
    "4.0": "port"
  },
  "1.18.2": {
    "3.3": "fixes",
    "3.2": "Elders Temple, Fishing Ship, Flying Dutchman, Sunken Shrine, Pirate Ship, Italian",
    "3.1": "Pillager Camp rework"
  },
  "1.18.1": {
    "3.0": "Deep Crypt"
  },
  "1.17.1": {
    "2.0": "more variants / reworks"
  },
  "1.16.5": {
    "1.9.2": "crash fix",
    "1.9.1": "crash fix (#45)",
    "1.9.0": "Dungeon Variant, Sunken Shrine variant, update checker, experimental backend",
    "1.8.2": "German, Russian",
    "1.8.1": "fixes",
    "1.8": "Elders Temple, Fishing Ship, Flying Dutchman, Sunken Shrine, Pirate Ship, Italian, overhauls",
    "1.7": "fixes",
    "1.6": "fixes",
    "1.5": "huge back-port",
    "1.4": "fixes",
    "1.3": "Monster Maze, Ice Pit variants",
    "1.2": "Structure Gel port, Config, Locate Command, Pillager Camp, Desert Temple, Large Dungeon, Tree House",
    "1.1": "Castle, Watch Tower, Battle Tower, Stables, Mushroom House",
    "1.0": "Desert Tomb, Mob Tower, Druid Circle, Ruined House, Ruined Barn, Witch Tower, Ice Pit, Jungle Monument, Miners House, Tall Witch Hut, Savanna Castle, Dungeon Variant"
  }
}
[16Oct2025 02:44:05.780] [Forge Version Check/INFO] [net.minecraftforge.fml.VersionChecker/]: [dungeons_enhanced] Found status: UP_TO_DATE Current: 5.4.3 Target: null
[16Oct2025 02:44:05.785] [Forge Version Check/INFO] [net.minecraftforge.fml.VersionChecker/]: [securitycraft] Starting version check at https://www.github.com/Geforce132/SecurityCraft/raw/master/Updates/Forge.json
[16Oct2025 02:44:05.980] [Forge Version Check/DEBUG] [net.minecraftforge.fml.VersionChecker/]: [securitycraft] Received version check data:
{
    "homepage": "https://www.curseforge.com/minecraft/mc-mods/security-craft/",
    "promos": {
        "1.7.10-latest": "v1.8.13",
        "1.7.10-recommended": "v1.8.13",
        "1.8-latest": "v1.8.12.1",
        "1.8-recommended": "v1.8.12.1",
        "1.8.8-latest": "v1.8.12.1",
        "1.8.8-recommended": "v1.8.12.1",
        "1.8.9-latest": "v1.8.12.1",
        "1.8.9-recommended": "v1.8.12.1",
        "1.9.4-latest": "v1.8.12",
        "1.9.4-recommended": "v1.8.12",
        "1.10.2-latest": "v1.8.12",
        "1.10.2-recommended": "v1.8.12",
        "1.11.2-latest": "v1.8.12.1",
        "1.11.2-recommended": "v1.8.12.1",
        "1.12-latest": "v1.8.8.1",
        "1.12-recommended": "v1.8.8.1",
        "1.12.1-latest": "v1.8.8.1",
        "1.12.1-recommended": "v1.8.8.1",
        "1.13.2-latest": "v1.8.13",
        "1.13.2-recommended": "v1.8.13",
        "1.14.3-latest": "v1.8.12-beta2",
        "1.14.3-recommended": "v1.8.12-beta2",
        "1.14.4-latest": "v1.8.22.2",
        "1.14.4-recommended": "v1.8.22.2",
        "1.15.1-latest": "v1.8.15-beta2",
        "1.15.1-recommended": "v1.8.15-beta2",
        "1.15.2-latest": "v1.9.1",
        "1.15.2-recommended": "v1.9.1",
        "1.16.1-latest": "v1.8.19.3",
        "1.16.1-recommended": "v1.8.19.3",
        "1.16.2-latest": "v1.8.19.3",
        "1.16.2-recommended": "v1.8.19.3",
        "1.16.3-latest": "v1.8.21.1",
        "1.16.3-recommended": "v1.8.21.1",
        "1.16.4-latest": "v1.8.21.1",
        "1.16.4-recommended": "v1.8.21.1",
        "1.17.1-latest": "1.9.5",
        "1.17.1-recommended": "1.9.5",
        "1.18.1-latest": "1.9.0.2-beta1",
        "1.18.1-recommended": "1.9.0.2-beta1",
        "1.19-latest": "1.9.3.1",
        "1.19-recommended": "1.9.3.1",
        "1.19.1-latest": "1.9.3.1",
        "1.19.1-recommended": "1.9.3.1",
        "1.19.2-latest": "1.9.6.1",
        "1.19.2-recommended": "1.9.6.1",
        "1.19.3-latest": "1.9.8",
        "1.19.3-recommended": "1.9.8",
        "1.20-latest": "1.9.7-beta2",
        "1.20-recommended": "1.9.7-beta2",
        "1.20.2-latest": "1.9.9",
        "1.20.2-recommended": "1.9.9",
        "1.21-latest": "1.9.10-beta7",
        "1.21-recommended": "1.9.10-beta7",
        "1.21.2-latest": "1.9.11-beta2",
        "1.21.2-recommended": "1.9.11-beta2",
        "1.21.6-latest": "1.10-beta3",
        "1.21.6-recommended": "1.10-beta3",
        "1.21.7-latest": "1.10-beta1",
        "1.21.7-recommended": "1.10-beta1",

        "1.12.2-latest": "v1.10",
        "1.12.2-recommended": "v1.10",
        "1.16.5-latest": "v1.10.0.1",
        "1.16.5-recommended": "v1.10.0.1",
        "1.18.2-latest": "1.10",
        "1.18.2-recommended": "1.10",
        "1.19.4-latest": "1.10.0.1",
        "1.19.4-recommended": "1.10.0.1",
        "1.20.1-latest": "1.10.0.1",
        "1.20.1-recommended": "1.10.0.1",
        "1.20.4-latest": "1.10",
        "1.20.4-recommended": "1.10",
        "1.20.6-latest": "1.10",
        "1.20.6-recommended": "1.10",
        "1.21.1-latest": "1.10",
        "1.21.1-recommended": "1.10",
        "1.21.3-latest": "1.10",
        "1.21.3-recommended": "1.10",
        "1.21.4-latest": "1.10",
        "1.21.4-recommended": "1.10",
        "1.21.5-latest": "1.10-beta3",
        "1.21.5-recommended": "1.10-beta3",
        "1.21.8-latest": "1.10-beta1",
        "1.21.8-recommended": "1.10-beta1"
    },
    "1.7.10": {
        "v1.8.13": "https://github.com/Geforce132/SecurityCraft/blob/eol/1.7.10/Changelog%20v1.8.x.md"
    },
    "1.8": {
        "v1.8.12": "https://github.com/Geforce132/SecurityCraft/blob/eol/1.8/Changelog%20v1.8.x.md"
    },
    "1.8.8": {
        "v1.8.12.1": "https://github.com/Geforce132/SecurityCraft/blob/eol/1.8.9/Changelog%20v1.8.x.md"
    },
    "1.8.9": {
        "v1.8.12.1": "https://github.com/Geforce132/SecurityCraft/blob/eol/1.8.9/Changelog%20v1.8.x.md"
    },
    "1.9.4": {
        "v1.8.12": "https://github.com/Geforce132/SecurityCraft/blob/eol/1.9.4/Changelog%20v1.8.x.md"
    },
    "1.10.2": {
        "v1.8.12": "https://github.com/Geforce132/SecurityCraft/blob/eol/1.10.2/Changelog%20v1.8.x.md"
    },
    "1.11.2": {
        "v1.8.12.1": "https://github.com/Geforce132/SecurityCraft/blob/eol/1.11.2/Changelog%20v1.8.x.md"
    },
    "1.12": {
        "v1.8.8.1": "https://github.com/Geforce132/SecurityCraft/blob/54061f84f188c33db291770e550c4c84a927194c/Changelog%20v1.8.x.md"
    },
    "1.12.1": {
        "v1.8.8.1": "https://github.com/Geforce132/SecurityCraft/blob/54061f84f188c33db291770e550c4c84a927194c/Changelog%20v1.8.x.md"
    },
    "1.13.2": {
        "v1.8.13": "https://github.com/Geforce132/SecurityCraft/blob/eol/1.13.2/Changelog%20v1.8.x.md"
    },
    "1.14.3": {
        "v1.8.12-beta2": "https://github.com/Geforce132/SecurityCraft/blob/b20ce0945abdccb8f2b6abaea5d26c28d0a3b916/Changelog%20v1.8.x.md"
    },
    "1.14.4": {
        "v1.8.22.2": "https://github.com/Geforce132/SecurityCraft/blob/eol/1.14.4/Changelog%20v1.8.x.md"
    },
    "1.15.1": {
        "v1.8.15-beta2": "https://github.com/Geforce132/SecurityCraft/blob/04f414232af5250193ed610da93696a830584cc9/Changelog%20v1.8.x.md"
    },
    "1.15.2": {
        "v1.9.1": "https://github.com/Geforce132/SecurityCraft/blob/eol/1.15.2/Changelog.md"
    },
    "1.16.1": {
        "v1.8.19.3": "https://github.com/Geforce132/SecurityCraft/blob/eol/1.16.1/Changelog%20v1.8.x.md"
    },
    "1.16.2": {
        "v1.8.19.3": "https://github.com/Geforce132/SecurityCraft/blob/2c1c0868dd26f8870bae1b8c0d57041cab3ba897/Changelog%20v1.8.x.md"
    },
    "1.16.3": {
        "v1.8.21.1": "https://github.com/Geforce132/SecurityCraft/blob/44460188b9bf30b94f122ba362092cba5e76e0d2/Changelog%20v1.8.x.md"
    },
    "1.16.4": {
        "v1.8.21.1": "https://github.com/Geforce132/SecurityCraft/blob/44460188b9bf30b94f122ba362092cba5e76e0d2/Changelog%20v1.8.x.md"
    },
    "1.17.1": {
        "1.9.5": "https://github.com/Geforce132/SecurityCraft/blob/eol/1.17.1/Changelog.md"
    },
    "1.18.1": {
        "1.9.0.2-beta1": "https://github.com/Geforce132/SecurityCraft/blob/eol/1.18.1/Changelog.md"
    },
    "1.19": {
        "1.9.3.1": "https://github.com/Geforce132/SecurityCraft/blob/eol/1.19/Changelog.md"
    },
    "1.19.1": {
        "1.9.3.1": "https://github.com/Geforce132/SecurityCraft/blob/c60edcc5881fc8ca4394bfeae3254ab0d693ab5e/Changelog.md"
    },
    "1.19.2": {
        "1.9.6.1": "https://github.com/Geforce132/SecurityCraft/blob/eol/1.19.2/Changelog.md"
    },
    "1.19.3": {
        "1.9.8": "https://github.com/Geforce132/SecurityCraft/blob/eol/1.19.3/Changelog.md"
    },
    "1.20": {
        "1.9.7-beta2": "https://github.com/Geforce132/SecurityCraft/blob/2e41d10948280cfdfe693e52c3580adf5f0cb18c/Changelog.md"
    },
    "1.20.2": {
        "1.9.9": "https://github.com/Geforce132/SecurityCraft/blob/eol/1.20.2/Changelog.md"
    },
    "1.21": {
        "1.9.10-beta7": "https://github.com/Geforce132/SecurityCraft/blob/a74d63ec9796e54c5bd8d22c18a320146560a753/Changelog.md"
    },
    "1.21.2": {
        "1.9.11-beta2": "https://github.com/Geforce132/SecurityCraft/blob/63c87ccbc661cecac0e75d54b81b571a3d17a29e/Changelog.md"
    },
    "1.21.6": {
        "1.10-beta3": "https://github.com/Geforce132/SecurityCraft/blob/eol/1.21.6/Changelog.md"
    },
    "1.21.7": {
        "1.10-beta1": "https://github.com/Geforce132/SecurityCraft/blob/eol/1.21.7/Changelog.md"
    },

    "1.12.2": {
        "v1.10": "https://github.com/Geforce132/SecurityCraft/blob/1.12.2/Changelog.md"
    },
    "1.16.5": {
        "v1.10.0.1": "https://github.com/Geforce132/SecurityCraft/blob/1.16.5/Changelog.md"
    },
    "1.18.2": {
        "1.10": "https://github.com/Geforce132/SecurityCraft/blob/1.18.2/Changelog.md"
    },
    "1.19.4": {
        "1.10.0.1": "https://github.com/Geforce132/SecurityCraft/blob/1.19.4/Changelog.md"
    },
    "1.20.1": {
        "1.10.0.1": "https://github.com/Geforce132/SecurityCraft/blob/1.20.1/Changelog.md"
    },
    "1.20.4": {
        "1.10": "https://github.com/Geforce132/SecurityCraft/blob/1.20.4/Changelog.md"
    },
    "1.20.6": {
        "1.10": "https://github.com/Geforce132/SecurityCraft/blob/1.20.6/Changelog.md"
    },
    "1.21.1": {
        "1.10": "https://github.com/Geforce132/SecurityCraft/blob/1.21.1/Changelog.md"
    },
    "1.21.3": {
        "1.10": "https://github.com/Geforce132/SecurityCraft/blob/1.21.3/Changelog.md"
    },
    "1.21.4": {
        "1.10": "https://github.com/Geforce132/SecurityCraft/blob/1.21.4/Changelog.md"
    },
    "1.21.5": {
        "1.10-beta3": "https://github.com/Geforce132/SecurityCraft/blob/1.21.5/Changelog.md"
    },
    "1.21.8": {
        "1.10-beta1": "https://github.com/Geforce132/SecurityCraft/blob/1.21.8/Changelog.md"
    }
}
[16Oct2025 02:44:05.981] [Forge Version Check/INFO] [net.minecraftforge.fml.VersionChecker/]: [securitycraft] Found status: UP_TO_DATE Current: 1.10.0.1 Target: null
[16Oct2025 02:44:09.857] [main/INFO] [com.mojang.authlib.yggdrasil.YggdrasilAuthenticationService/]: Environment: authHost='https://authserver.mojang.com', accountsHost='https://api.mojang.com', sessionHost='https://sessionserver.mojang.com', servicesHost='https://api.minecraftservices.com', name='PROD'
[16Oct2025 02:44:11.671] [main/DEBUG] [mixin/]: Mixing VanillaPackResourcesAccessor from creativecore.mixins.json into net.minecraft.server.packs.VanillaPackResources
[16Oct2025 02:44:11.678] [main/WARN] [net.minecraft.server.packs.VanillaPackResourcesBuilder/]: Assets URL 'union:/workspaces/MI-server/servidor_minecraft/libraries/net/minecraft/server/1.20.1-20230612.114412/server-1.20.1-20230612.114412-srg.jar%23189!/assets/.mcassetsroot' uses unexpected schema
[16Oct2025 02:44:11.683] [main/WARN] [net.minecraft.server.packs.VanillaPackResourcesBuilder/]: Assets URL 'union:/workspaces/MI-server/servidor_minecraft/libraries/net/minecraft/server/1.20.1-20230612.114412/server-1.20.1-20230612.114412-srg.jar%23189!/data/.mcassetsroot' uses unexpected schema
[16Oct2025 02:44:11.766] [main/DEBUG] [mixin/]: Mixing PathPackResourcesAccessor from creativecore.mixins.json into net.minecraft.server.packs.PathPackResources
[16Oct2025 02:44:11.778] [main/DEBUG] [net.minecraftforge.server.ServerLifecycleHooks/CORE]: Generating PackInfo named mod:luminous_beasts for mod file /workspaces/MI-server/servidor_minecraft/mods/Luminous Beasts V1.2.51 - Forge 1.20.1.jar
[16Oct2025 02:44:11.779] [main/DEBUG] [net.minecraftforge.server.ServerLifecycleHooks/CORE]: Generating PackInfo named mod:geckolib for mod file /workspaces/MI-server/servidor_minecraft/mods/geckolib-forge-1.20.1-4.8.2.jar
[16Oct2025 02:44:11.780] [main/DEBUG] [net.minecraftforge.server.ServerLifecycleHooks/CORE]: Generating PackInfo named mod:playeranimator for mod file /workspaces/MI-server/servidor_minecraft/mods/player-animation-lib-forge-1.0.2-rc1+1.20.jar
[16Oct2025 02:44:11.781] [main/DEBUG] [net.minecraftforge.server.ServerLifecycleHooks/CORE]: Generating PackInfo named mod:ancore for mod file /workspaces/MI-server/servidor_minecraft/mods/ancore-2025.3.2.1-forge-1.20.1.jar
[16Oct2025 02:44:11.781] [main/DEBUG] [net.minecraftforge.server.ServerLifecycleHooks/CORE]: Generating PackInfo named mod:jei for mod file /workspaces/MI-server/servidor_minecraft/mods/jei-1.20.1-forge-15.20.0.116.jar
[16Oct2025 02:44:11.782] [main/DEBUG] [net.minecraftforge.server.ServerLifecycleHooks/CORE]: Generating PackInfo named mod:libraryferret for mod file /workspaces/MI-server/servidor_minecraft/mods/libraryferret-forge-1.20.1-4.0.0.jar
[16Oct2025 02:44:11.783] [main/DEBUG] [net.minecraftforge.server.ServerLifecycleHooks/CORE]: Generating PackInfo named mod:gnumus for mod file /workspaces/MI-server/servidor_minecraft/mods/gnumus_settlement_[Forge]1.20.1_v1.0.jar
[16Oct2025 02:44:11.783] [main/DEBUG] [net.minecraftforge.server.ServerLifecycleHooks/CORE]: Generating PackInfo named mod:companions for mod file /workspaces/MI-server/servidor_minecraft/mods/companions-forge-1.20.1-1.1.1.jar
[16Oct2025 02:44:11.784] [main/DEBUG] [net.minecraftforge.server.ServerLifecycleHooks/CORE]: Generating PackInfo named mod:fragmentum for mod file /workspaces/MI-server/servidor_minecraft/mods/fragmentum-forge-1.20.1-0.1.1.jar
[16Oct2025 02:44:11.784] [main/DEBUG] [net.minecraftforge.server.ServerLifecycleHooks/CORE]: Generating PackInfo named mod:journeymap for mod file /workspaces/MI-server/servidor_minecraft/mods/journeymap-1.20.1-5.10.3-forge.jar
[16Oct2025 02:44:11.785] [main/DEBUG] [net.minecraftforge.server.ServerLifecycleHooks/CORE]: Generating PackInfo named mod:citadel for mod file /workspaces/MI-server/servidor_minecraft/mods/citadel-2.6.2-1.20.1.jar
[16Oct2025 02:44:11.785] [main/DEBUG] [net.minecraftforge.server.ServerLifecycleHooks/CORE]: Generating PackInfo named mod:myserveriscompatible for mod file /workspaces/MI-server/servidor_minecraft/mods/MyServerIsCompatible-1.20-1.0.jar
[16Oct2025 02:44:11.786] [main/DEBUG] [net.minecraftforge.server.ServerLifecycleHooks/CORE]: Generating PackInfo named mod:knightlib for mod file /workspaces/MI-server/servidor_minecraft/mods/knightlib-forge-1.20.1-1.3.1.jar
[16Oct2025 02:44:11.786] [main/DEBUG] [net.minecraftforge.server.ServerLifecycleHooks/CORE]: Generating PackInfo named mod:relics for mod file /workspaces/MI-server/servidor_minecraft/mods/relics-1.20.1-0.8.0.11.jar
[16Oct2025 02:44:11.786] [main/DEBUG] [net.minecraftforge.server.ServerLifecycleHooks/CORE]: Generating PackInfo named mod:iceandfire for mod file /workspaces/MI-server/servidor_minecraft/mods/iceandfire-2.1.13-1.20.1-beta-5.jar
[16Oct2025 02:44:11.786] [main/DEBUG] [net.minecraftforge.server.ServerLifecycleHooks/CORE]: Generating PackInfo named mod:azurelib for mod file /workspaces/MI-server/servidor_minecraft/mods/azurelib-neo-1.20.1-3.0.25.jar
[16Oct2025 02:44:11.786] [main/DEBUG] [net.minecraftforge.server.ServerLifecycleHooks/CORE]: Generating PackInfo named mod:paraglider for mod file /workspaces/MI-server/servidor_minecraft/mods/Paraglider-forge-20.1.3.jar
[16Oct2025 02:44:11.788] [main/DEBUG] [net.minecraftforge.server.ServerLifecycleHooks/CORE]: Generating PackInfo named mod:cloth_config for mod file /workspaces/MI-server/servidor_minecraft/mods/cloth-config-11.1.136-forge.jar
[16Oct2025 02:44:11.788] [main/DEBUG] [net.minecraftforge.server.ServerLifecycleHooks/CORE]: Generating PackInfo named mod:forge for mod file /workspaces/MI-server/servidor_minecraft/libraries/net/minecraftforge/forge/1.20.1-47.3.7/forge-1.20.1-47.3.7-universal.jar
[16Oct2025 02:44:11.788] [main/DEBUG] [net.minecraftforge.server.ServerLifecycleHooks/CORE]: Generating PackInfo named mod:structure_gel for mod file /workspaces/MI-server/servidor_minecraft/mods/structure_gel-1.20.1-2.16.2.jar
[16Oct2025 02:44:11.788] [main/DEBUG] [net.minecraftforge.server.ServerLifecycleHooks/CORE]: Generating PackInfo named mod:ancient_scribes for mod file /workspaces/MI-server/servidor_minecraft/mods/ancient_scribes-2.0.0-forge-1.20.1.jar
[16Oct2025 02:44:11.789] [main/DEBUG] [net.minecraftforge.server.ServerLifecycleHooks/CORE]: Generating PackInfo named mod:lowlands_clothing for mod file /workspaces/MI-server/servidor_minecraft/mods/Clothing_Of_The_Lowlands-1.0.6-forge-1.20.1.jar
[16Oct2025 02:44:11.789] [main/DEBUG] [net.minecraftforge.server.ServerLifecycleHooks/CORE]: Generating PackInfo named mod:more_critters for mod file /workspaces/MI-server/servidor_minecraft/mods/More Critters 1.1.6.jar
[16Oct2025 02:44:11.790] [main/DEBUG] [net.minecraftforge.server.ServerLifecycleHooks/CORE]: Generating PackInfo named mod:monsterexpansion for mod file /workspaces/MI-server/servidor_minecraft/mods/monsterexpansion-1.20.1-v0.4.1.jar
[16Oct2025 02:44:11.790] [main/DEBUG] [net.minecraftforge.server.ServerLifecycleHooks/CORE]: Generating PackInfo named mod:moonlight for mod file /workspaces/MI-server/servidor_minecraft/mods/moonlight-1.20-2.16.13-forge.jar
[16Oct2025 02:44:11.791] [main/DEBUG] [net.minecraftforge.server.ServerLifecycleHooks/CORE]: Generating PackInfo named mod:block_factorys_bosses for mod file /workspaces/MI-server/servidor_minecraft/mods/bossesrise-1.20.1-forge-1.0.9.2b.jar
[16Oct2025 02:44:11.792] [main/DEBUG] [net.minecraftforge.server.ServerLifecycleHooks/CORE]: Generating PackInfo named mod:bettercombat for mod file /workspaces/MI-server/servidor_minecraft/mods/bettercombat-forge-1.8.6+1.20.1.jar
[16Oct2025 02:44:11.792] [main/DEBUG] [net.minecraftforge.server.ServerLifecycleHooks/CORE]: Generating PackInfo named mod:combatroll for mod file /workspaces/MI-server/servidor_minecraft/mods/combatroll-forge-1.3.3+1.20.1.jar
[16Oct2025 02:44:11.792] [main/DEBUG] [net.minecraftforge.server.ServerLifecycleHooks/CORE]: Generating PackInfo named mod:obscure_tooltips for mod file /workspaces/MI-server/servidor_minecraft/mods/obscure_tooltips-forge-1.20.1-3.1.1.jar
[16Oct2025 02:44:11.793] [main/DEBUG] [net.minecraftforge.server.ServerLifecycleHooks/CORE]: Generating PackInfo named mod:rpg_backpacks for mod file /workspaces/MI-server/servidor_minecraft/mods/rpg_backpacks-5.0.0-forge-1.20.1.jar
[16Oct2025 02:44:11.793] [main/DEBUG] [net.minecraftforge.server.ServerLifecycleHooks/CORE]: Generating PackInfo named mod:creativecore for mod file /workspaces/MI-server/servidor_minecraft/mods/CreativeCore_FORGE_v2.12.32_mc1.20.1.jar
[16Oct2025 02:44:11.793] [main/DEBUG] [net.minecraftforge.server.ServerLifecycleHooks/CORE]: Generating PackInfo named mod:born_in_chaos_v1 for mod file /workspaces/MI-server/servidor_minecraft/mods/born_in_chaos_[Forge]1.20.1_1.7.2.jar
[16Oct2025 02:44:11.793] [main/DEBUG] [net.minecraftforge.server.ServerLifecycleHooks/CORE]: Generating PackInfo named mod:faz_roleplay_plus for mod file /workspaces/MI-server/servidor_minecraft/mods/FazRoleplayClothes-1.20.1-2.1.jar
[16Oct2025 02:44:11.794] [main/DEBUG] [net.minecraftforge.server.ServerLifecycleHooks/CORE]: Generating PackInfo named mod:dungeons_enhanced for mod file /workspaces/MI-server/servidor_minecraft/mods/dungeons_enhanced-1.20.1-5.4.3.jar
[16Oct2025 02:44:11.795] [main/DEBUG] [net.minecraftforge.server.ServerLifecycleHooks/CORE]: Generating PackInfo named mod:curios for mod file /workspaces/MI-server/servidor_minecraft/mods/curios-forge-5.14.1+1.20.1.jar
[16Oct2025 02:44:11.795] [main/DEBUG] [net.minecraftforge.server.ServerLifecycleHooks/CORE]: Generating PackInfo named mod:securitycraft for mod file /workspaces/MI-server/servidor_minecraft/mods/[1.20.1] SecurityCraft v1.10.0.1.jar
[16Oct2025 02:44:11.796] [main/DEBUG] [net.minecraftforge.server.ServerLifecycleHooks/CORE]: Generating PackInfo named mod:legendarycreatures for mod file /workspaces/MI-server/servidor_minecraft/mods/legendarycreatures-1.20.1-1.1.1.4.jar
[16Oct2025 02:44:11.796] [main/DEBUG] [net.minecraftforge.server.ServerLifecycleHooks/CORE]: Generating PackInfo named mod:architectury for mod file /workspaces/MI-server/servidor_minecraft/mods/architectury-9.2.14-forge.jar
[16Oct2025 02:44:11.796] [main/DEBUG] [net.minecraftforge.server.ServerLifecycleHooks/CORE]: Generating PackInfo named mod:octolib for mod file /workspaces/MI-server/servidor_minecraft/mods/OctoLib-FORGE-0.5.0.1+1.20.1.jar
[16Oct2025 02:44:11.796] [main/DEBUG] [net.minecraftforge.server.ServerLifecycleHooks/CORE]: Generating PackInfo named mod:aquaculture for mod file /workspaces/MI-server/servidor_minecraft/mods/Aquaculture-1.20.1-2.5.5.jar
[16Oct2025 02:44:11.797] [main/DEBUG] [net.minecraftforge.server.ServerLifecycleHooks/CORE]: Generating PackInfo named mod:goblins_tyranny for mod file /workspaces/MI-server/servidor_minecraft/mods/goblins_tyranny-1.2.3-forge-1.20.1.jar
[16Oct2025 02:44:11.797] [main/DEBUG] [net.minecraftforge.server.ServerLifecycleHooks/CORE]: Generating PackInfo named mod:realmrpg_quests for mod file /workspaces/MI-server/servidor_minecraft/mods/realmrpg_quests-0.1.1-forge-1.20.1.jar
[16Oct2025 02:44:11.797] [main/DEBUG] [net.minecraftforge.server.ServerLifecycleHooks/CORE]: Generating PackInfo named mod:playerrevive for mod file /workspaces/MI-server/servidor_minecraft/mods/PlayerRevive_FORGE_v2.0.31_mc1.20.1.jar
[16Oct2025 02:44:11.797] [main/DEBUG] [net.minecraftforge.server.ServerLifecycleHooks/CORE]: Generating PackInfo named mod:experienced_crops for mod file /workspaces/MI-server/servidor_minecraft/mods/experienced_crops-1.20.1-1.1.0-forge.jar
[16Oct2025 02:44:11.801] [main/DEBUG] [mixin/]: Mixing ServerMultiPackResourceManagerMixin from moonlight-common.mixins.json into net.minecraft.server.packs.resources.MultiPackResourceManager
[16Oct2025 02:44:11.832] [main/INFO] [Moonlight/]: Starting runtime resource generation for pack type SERVER_DATA with generators from mods []: []
[16Oct2025 02:44:11.834] [main/INFO] [Moonlight/]: Finished runtime resources generation for 0 packs in a total of 0 ms
[16Oct2025 02:44:13.329] [main/DEBUG] [mixin/]: Mixing PrimaryLevelDataMixin from citadel.mixins.json into net.minecraft.world.level.storage.PrimaryLevelData
[16Oct2025 02:44:13.353] [main/DEBUG] [mixin/]: Mixing MixinDragonFightManager from paraglider.mixins.json into net.minecraft.world.level.dimension.end.EndDragonFight
[16Oct2025 02:44:13.374] [main/DEBUG] [mixin/]: Mixing MixinLootDataManager from architectury.mixins.json into net.minecraft.world.level.storage.loot.LootDataManager
[16Oct2025 02:44:13.583] [main/DEBUG] [mixin/]: Mixing TemplateMixins$PlaceCommandMixin from structure_gel.mixins.json into net.minecraft.server.commands.PlaceCommand
[16Oct2025 02:44:13.629] [main/DEBUG] [net.minecraftforge.coremod.transformer.CoreModBaseTransformer/COREMOD]: Transforming net/minecraft/server/commands/SummonCommand
[16Oct2025 02:44:14.546] [Worker-Main-1/DEBUG] [net.minecraftforge.coremod.transformer.CoreModBaseTransformer/COREMOD]: Transforming net/minecraft/world/entity/raid/Raid
[16Oct2025 02:44:14.645] [Worker-Main-1/DEBUG] [mixin/]: Mixing IllagerGolemRaidMixin from companions.mixins.json into net.minecraft.world.entity.raid.Raid
[16Oct2025 02:44:14.653] [Worker-Main-1/DEBUG] [mixin/]: Mixing MixinRaid from paraglider.mixins.json into net.minecraft.world.entity.raid.Raid
[16Oct2025 02:44:15.967] [main/INFO] [net.msp.ancientscribes.procedures.RarityUpgradeProcedure/]: Loading recipe from JSON: ancient_scribes:rarity_upgrade
[16Oct2025 02:44:16.048] [main/INFO] [net.minecraft.world.item.crafting.RecipeManager/]: Loaded 12 recipes
[16Oct2025 02:44:16.154] [main/ERROR] [net.minecraft.server.ServerAdvancementManager/]: Parsing error loading custom advancement monsterexpansion:craft_duskrend: Unknown required criterion 'crafted_duskrend'
[16Oct2025 02:44:16.260] [main/INFO] [net.minecraft.advancements.AdvancementList/]: Loaded 2692 advancements
[16Oct2025 02:44:16.278] [main/INFO] [top.theillusivec4.curios.Curios/]: Loaded 12 curio slots
[16Oct2025 02:44:16.287] [main/ERROR] [top.theillusivec4.curios.Curios/]: talisman is not a registered slot type!
[16Oct2025 02:44:16.293] [main/INFO] [top.theillusivec4.curios.Curios/]: Loaded 1 curio entities
[16Oct2025 02:44:16.353] [main/WARN] [net.minecraft.core.MappedRegistry/]: Not all defined tags for registry ResourceKey[minecraft:root / minecraft:worldgen/biome] are present in data pack: legendarycreatures:has_baby_scorpion_scarab, legendarycreatures:has_corpse_eater_scarab, legendarycreatures:has_desert_mojo_scarab, legendarycreatures:has_forest_mojo_butterfly, legendarycreatures:has_scarecrow_ladybug
[16Oct2025 02:44:18.099] [main/DEBUG] [net.minecraftforge.common.ForgeHooks/WP]: Gathering id map for writing to world save world
[16Oct2025 02:44:18.137] [main/DEBUG] [net.minecraftforge.common.ForgeHooks/WP]: ID Map collection complete world
[16Oct2025 02:44:18.221] [Server thread/INFO] [net.minecraft.server.dedicated.DedicatedServer/]: Starting minecraft server version 1.20.1
[16Oct2025 02:44:18.224] [Server thread/INFO] [net.minecraft.server.dedicated.DedicatedServer/]: Loading properties
[16Oct2025 02:44:18.225] [Server thread/INFO] [net.minecraft.server.dedicated.DedicatedServer/]: Default game type: SURVIVAL
[16Oct2025 02:44:18.226] [Server thread/INFO] [net.minecraft.server.MinecraftServer/]: Generating keypair
[16Oct2025 02:44:18.519] [Server thread/INFO] [net.minecraft.server.dedicated.DedicatedServer/]: Starting Minecraft server on *:25565
[16Oct2025 02:44:18.522] [Server thread/DEBUG] [net.minecraftforge.network.DualStackUtils/]: Detected IPv6 address: "0:0:0:0:0:0:0:0"
[16Oct2025 02:44:18.532] [Server thread/DEBUG] [io.netty.util.internal.NativeLibraryLoader/]: -Dio.netty.native.workdir: /tmp (io.netty.tmpdir)
[16Oct2025 02:44:18.532] [Server thread/DEBUG] [io.netty.util.internal.NativeLibraryLoader/]: -Dio.netty.native.deleteLibAfterLoading: true
[16Oct2025 02:44:18.532] [Server thread/DEBUG] [io.netty.util.internal.NativeLibraryLoader/]: -Dio.netty.native.tryPatchShadedId: true
[16Oct2025 02:44:18.532] [Server thread/DEBUG] [io.netty.util.internal.NativeLibraryLoader/]: -Dio.netty.native.detectNativeLibraryDuplicates: true
[16Oct2025 02:44:18.543] [Server thread/DEBUG] [io.netty.util.internal.NativeLibraryLoader/]: Successfully loaded the library /tmp/libnetty_transport_native_epoll_x86_644137607617435230421.so
[16Oct2025 02:44:18.548] [Server thread/DEBUG] [io.netty.util.NetUtil/]: -Djava.net.preferIPv4Stack: false
[16Oct2025 02:44:18.548] [Server thread/DEBUG] [io.netty.util.NetUtil/]: -Djava.net.preferIPv6Addresses: true
[16Oct2025 02:44:18.549] [Server thread/DEBUG] [io.netty.util.NetUtilInitializations/]: Loopback interface: lo (lo, 0:0:0:0:0:0:0:1%lo)
[16Oct2025 02:44:18.551] [Server thread/DEBUG] [io.netty.util.NetUtil/]: /proc/sys/net/core/somaxconn: 4096
[16Oct2025 02:44:18.556] [Server thread/INFO] [net.minecraft.server.network.ServerConnectionListener/]: Using epoll channel type
[16Oct2025 02:44:18.581] [Server thread/DEBUG] [io.netty.channel.MultithreadEventLoopGroup/]: -Dio.netty.eventLoopThreads: 4
[16Oct2025 02:44:18.593] [Server thread/DEBUG] [io.netty.util.internal.InternalThreadLocalMap/]: -Dio.netty.threadLocalMap.stringBuilder.initialSize: 1024
[16Oct2025 02:44:18.593] [Server thread/DEBUG] [io.netty.util.internal.InternalThreadLocalMap/]: -Dio.netty.threadLocalMap.stringBuilder.maxSize: 4096
[16Oct2025 02:44:18.604] [Server thread/DEBUG] [io.netty.util.internal.PlatformDependent/]: org.jctools-core.MpscChunkedArrayQueue: available
[16Oct2025 02:44:18.613] [Server thread/DEBUG] [io.netty.channel.DefaultChannelId/]: -Dio.netty.processId: 3788 (auto-detected)
[16Oct2025 02:44:18.614] [Server thread/DEBUG] [io.netty.channel.DefaultChannelId/]: -Dio.netty.machineId: 60:45:bd:ff:fe:b2:66:2e (auto-detected)
[16Oct2025 02:44:18.632] [Server thread/DEBUG] [io.netty.buffer.PooledByteBufAllocator/]: -Dio.netty.allocator.numHeapArenas: 4
[16Oct2025 02:44:18.632] [Server thread/DEBUG] [io.netty.buffer.PooledByteBufAllocator/]: -Dio.netty.allocator.numDirectArenas: 4
[16Oct2025 02:44:18.632] [Server thread/DEBUG] [io.netty.buffer.PooledByteBufAllocator/]: -Dio.netty.allocator.pageSize: 8192
[16Oct2025 02:44:18.632] [Server thread/DEBUG] [io.netty.buffer.PooledByteBufAllocator/]: -Dio.netty.allocator.maxOrder: 9
[16Oct2025 02:44:18.633] [Server thread/DEBUG] [io.netty.buffer.PooledByteBufAllocator/]: -Dio.netty.allocator.chunkSize: 4194304
[16Oct2025 02:44:18.633] [Server thread/DEBUG] [io.netty.buffer.PooledByteBufAllocator/]: -Dio.netty.allocator.smallCacheSize: 256
[16Oct2025 02:44:18.633] [Server thread/DEBUG] [io.netty.buffer.PooledByteBufAllocator/]: -Dio.netty.allocator.normalCacheSize: 64
[16Oct2025 02:44:18.633] [Server thread/DEBUG] [io.netty.buffer.PooledByteBufAllocator/]: -Dio.netty.allocator.maxCachedBufferCapacity: 32768
[16Oct2025 02:44:18.633] [Server thread/DEBUG] [io.netty.buffer.PooledByteBufAllocator/]: -Dio.netty.allocator.cacheTrimInterval: 8192
[16Oct2025 02:44:18.633] [Server thread/DEBUG] [io.netty.buffer.PooledByteBufAllocator/]: -Dio.netty.allocator.cacheTrimIntervalMillis: 0
[16Oct2025 02:44:18.633] [Server thread/DEBUG] [io.netty.buffer.PooledByteBufAllocator/]: -Dio.netty.allocator.useCacheForAllThreads: false
[16Oct2025 02:44:18.633] [Server thread/DEBUG] [io.netty.buffer.PooledByteBufAllocator/]: -Dio.netty.allocator.maxCachedByteBuffersPerChunk: 1023
[16Oct2025 02:44:18.642] [Server thread/DEBUG] [io.netty.buffer.ByteBufUtil/]: -Dio.netty.allocator.type: pooled
[16Oct2025 02:44:18.642] [Server thread/DEBUG] [io.netty.buffer.ByteBufUtil/]: -Dio.netty.threadLocalDirectBufferSize: 0
[16Oct2025 02:44:18.642] [Server thread/DEBUG] [io.netty.buffer.ByteBufUtil/]: -Dio.netty.maxThreadLocalCharBufferSize: 16384
[16Oct2025 02:44:18.655] [Server thread/WARN] [net.minecraft.server.dedicated.DedicatedServer/]: **** SERVER IS RUNNING IN OFFLINE/INSECURE MODE!
[16Oct2025 02:44:18.658] [Server thread/WARN] [net.minecraft.server.dedicated.DedicatedServer/]: The server will make no attempt to authenticate usernames. Beware.
[16Oct2025 02:44:18.658] [Server thread/WARN] [net.minecraft.server.dedicated.DedicatedServer/]: While this makes the game possible to play without internet access, it also opens up the ability for hackers to connect with any username they choose.
[16Oct2025 02:44:18.661] [Server thread/WARN] [net.minecraft.server.dedicated.DedicatedServer/]: To change this, set "online-mode" to "true" in the server.properties file.
[16Oct2025 02:44:18.679] [Server thread/DEBUG] [net.minecraftforge.fml.config.ConfigTracker/CONFIG]: Loading configs type SERVER
[16Oct2025 02:44:18.679] [Server thread/DEBUG] [net.minecraftforge.fml.config.ConfigFileTypeHandler/CONFIG]: Built TOML config for ./world/serverconfig/jei-server.toml
[16Oct2025 02:44:18.680] [Server thread/DEBUG] [net.minecraftforge.fml.config.ConfigFileTypeHandler/CONFIG]: Loaded TOML config file ./world/serverconfig/jei-server.toml
[16Oct2025 02:44:18.681] [Server thread/DEBUG] [net.minecraftforge.fml.config.ConfigFileTypeHandler/CONFIG]: Watching TOML config file ./world/serverconfig/jei-server.toml for changes
[16Oct2025 02:44:18.682] [Thread-1/DEBUG] [net.minecraftforge.fml.config.ConfigFileTypeHandler/CONFIG]: Config file jei-server.toml changed, sending notifies
[16Oct2025 02:44:18.682] [Thread-1/DEBUG] [net.minecraftforge.fml.config.ConfigFileTypeHandler/CONFIG]: Config file jei-server.toml changed, sending notifies
[16Oct2025 02:44:18.683] [Server thread/DEBUG] [net.minecraftforge.fml.config.ConfigFileTypeHandler/CONFIG]: Built TOML config for ./world/serverconfig/journeymap-server.toml
[16Oct2025 02:44:18.683] [Server thread/DEBUG] [net.minecraftforge.fml.config.ConfigFileTypeHandler/CONFIG]: Loaded TOML config file ./world/serverconfig/journeymap-server.toml
[16Oct2025 02:44:18.684] [Server thread/DEBUG] [net.minecraftforge.fml.config.ConfigFileTypeHandler/CONFIG]: Watching TOML config file ./world/serverconfig/journeymap-server.toml for changes
[16Oct2025 02:44:18.685] [Server thread/INFO] [journeymap/]: Loading JourneyMap Forge Configs
[16Oct2025 02:44:18.686] [Thread-1/DEBUG] [net.minecraftforge.fml.config.ConfigFileTypeHandler/CONFIG]: Config file journeymap-server.toml changed, sending notifies
[16Oct2025 02:44:18.688] [Server thread/DEBUG] [net.minecraftforge.fml.config.ConfigFileTypeHandler/CONFIG]: Built TOML config for ./world/serverconfig/paraglider-server.toml
[16Oct2025 02:44:18.687] [Thread-1/INFO] [journeymap/]: Loading JourneyMap Forge Configs
[16Oct2025 02:44:18.688] [Thread-1/DEBUG] [net.minecraftforge.fml.config.ConfigFileTypeHandler/CONFIG]: Config file journeymap-server.toml changed, sending notifies
[16Oct2025 02:44:18.692] [Server thread/DEBUG] [net.minecraftforge.fml.config.ConfigFileTypeHandler/CONFIG]: Loaded TOML config file ./world/serverconfig/paraglider-server.toml
[16Oct2025 02:44:18.692] [Server thread/DEBUG] [net.minecraftforge.fml.config.ConfigFileTypeHandler/CONFIG]: Watching TOML config file ./world/serverconfig/paraglider-server.toml for changes
[16Oct2025 02:44:18.690] [Thread-1/INFO] [journeymap/]: Loading JourneyMap Forge Configs
[16Oct2025 02:44:18.698] [Thread-1/DEBUG] [net.minecraftforge.fml.config.ConfigFileTypeHandler/CONFIG]: Config file paraglider-server.toml changed, sending notifies
[16Oct2025 02:44:18.701] [Server thread/DEBUG] [net.minecraftforge.fml.config.ConfigFileTypeHandler/CONFIG]: Built TOML config for ./world/serverconfig/forge-server.toml
[16Oct2025 02:44:18.701] [Server thread/DEBUG] [net.minecraftforge.fml.config.ConfigFileTypeHandler/CONFIG]: Loaded TOML config file ./world/serverconfig/forge-server.toml
[16Oct2025 02:44:18.701] [Thread-1/DEBUG] [net.minecraftforge.fml.config.ConfigFileTypeHandler/CONFIG]: Config file paraglider-server.toml changed, sending notifies
[16Oct2025 02:44:18.702] [Server thread/DEBUG] [net.minecraftforge.fml.config.ConfigFileTypeHandler/CONFIG]: Watching TOML config file ./world/serverconfig/forge-server.toml for changes
[16Oct2025 02:44:18.702] [Server thread/DEBUG] [net.minecraftforge.common.ForgeConfig/FORGEMOD]: Loaded forge config file forge-server.toml
[16Oct2025 02:44:18.702] [Thread-1/DEBUG] [net.minecraftforge.fml.config.ConfigFileTypeHandler/CONFIG]: Config file forge-server.toml changed, sending notifies
[16Oct2025 02:44:18.702] [Thread-1/DEBUG] [net.minecraftforge.common.ForgeConfig/FORGEMOD]: Forge config just got changed on the file system!
[16Oct2025 02:44:18.703] [Thread-1/DEBUG] [net.minecraftforge.fml.config.ConfigFileTypeHandler/CONFIG]: Config file forge-server.toml changed, sending notifies
[16Oct2025 02:44:18.703] [Thread-1/DEBUG] [net.minecraftforge.common.ForgeConfig/FORGEMOD]: Forge config just got changed on the file system!
[16Oct2025 02:44:18.703] [Server thread/DEBUG] [net.minecraftforge.fml.config.ConfigFileTypeHandler/CONFIG]: Built TOML config for ./world/serverconfig/curios-server.toml
[16Oct2025 02:44:18.703] [Server thread/DEBUG] [net.minecraftforge.fml.config.ConfigFileTypeHandler/CONFIG]: Loaded TOML config file ./world/serverconfig/curios-server.toml
[16Oct2025 02:44:18.704] [Server thread/DEBUG] [net.minecraftforge.fml.config.ConfigFileTypeHandler/CONFIG]: Watching TOML config file ./world/serverconfig/curios-server.toml for changes
[16Oct2025 02:44:18.704] [Thread-1/DEBUG] [net.minecraftforge.fml.config.ConfigFileTypeHandler/CONFIG]: Config file curios-server.toml changed, sending notifies
[16Oct2025 02:44:18.705] [Thread-1/DEBUG] [net.minecraftforge.fml.config.ConfigFileTypeHandler/CONFIG]: Config file curios-server.toml changed, sending notifies
[16Oct2025 02:44:18.705] [Server thread/DEBUG] [net.minecraftforge.fml.config.ConfigFileTypeHandler/CONFIG]: Built TOML config for ./world/serverconfig/securitycraft-server.toml
[16Oct2025 02:44:18.708] [Server thread/DEBUG] [net.minecraftforge.fml.config.ConfigFileTypeHandler/CONFIG]: Loaded TOML config file ./world/serverconfig/securitycraft-server.toml
[16Oct2025 02:44:18.708] [Server thread/DEBUG] [net.minecraftforge.fml.config.ConfigFileTypeHandler/CONFIG]: Watching TOML config file ./world/serverconfig/securitycraft-server.toml for changes
[16Oct2025 02:44:18.720] [Thread-1/DEBUG] [net.minecraftforge.fml.config.ConfigFileTypeHandler/CONFIG]: Config file securitycraft-server.toml changed, sending notifies
[16Oct2025 02:44:18.724] [Thread-1/DEBUG] [net.minecraftforge.fml.config.ConfigFileTypeHandler/CONFIG]: Config file securitycraft-server.toml changed, sending notifies
[16Oct2025 02:44:18.749] [Server thread/DEBUG] [com.github.alexthe666.iceandfire.IceAndFire/]: Added the following features to the biome [minecraft:badlands]: 
	- iceandfire:silver_ore
	- iceandfire:lightning_dragon_roost
	- iceandfire:lightning_dragon_cave
[16Oct2025 02:44:18.766] [Server thread/DEBUG] [com.github.alexthe666.iceandfire.IceAndFire/]: Added the following features to the biome [minecraft:bamboo_jungle]: 
	- iceandfire:fire_lily
	- iceandfire:silver_ore
	- iceandfire:lightning_dragon_roost
	- iceandfire:lightning_dragon_cave
	- iceandfire:myrmex_hive_jungle
[16Oct2025 02:44:18.773] [Server thread/DEBUG] [com.github.alexthe666.iceandfire.IceAndFire/]: Added the following features to the biome [minecraft:beach]: 
	- iceandfire:silver_ore
	- iceandfire:cyclops_cave
[16Oct2025 02:44:18.780] [Server thread/DEBUG] [com.github.alexthe666.iceandfire.IceAndFire/]: Added the following features to the biome [minecraft:birch_forest]: 
	- iceandfire:silver_ore
[16Oct2025 02:44:18.785] [Server thread/DEBUG] [com.github.alexthe666.iceandfire.IceAndFire/]: Added the following features to the biome [minecraft:cherry_grove]: 
	- iceandfire:silver_ore
[16Oct2025 02:44:18.788] [Server thread/DEBUG] [com.github.alexthe666.iceandfire.IceAndFire/]: Added the following features to the biome [minecraft:cold_ocean]: 
	- iceandfire:silver_ore
	- iceandfire:ice_dragon_roost
	- iceandfire:ice_dragon_cave
	- iceandfire:siren_island
	- iceandfire:spawn_hippocampus
	- iceandfire:spawn_sea_serpent
[16Oct2025 02:44:18.796] [Server thread/DEBUG] [com.github.alexthe666.iceandfire.IceAndFire/]: Added the following features to the biome [minecraft:dark_forest]: 
	- iceandfire:silver_ore
	- iceandfire:pixie_village
[16Oct2025 02:44:18.799] [Server thread/DEBUG] [com.github.alexthe666.iceandfire.IceAndFire/]: Added the following features to the biome [minecraft:deep_cold_ocean]: 
	- iceandfire:silver_ore
	- iceandfire:ice_dragon_roost
	- iceandfire:ice_dragon_cave
	- iceandfire:siren_island
	- iceandfire:spawn_hippocampus
	- iceandfire:spawn_sea_serpent
[16Oct2025 02:44:18.802] [Server thread/DEBUG] [com.github.alexthe666.iceandfire.IceAndFire/]: Added the following features to the biome [minecraft:deep_dark]: 
	- iceandfire:silver_ore
[16Oct2025 02:44:18.804] [Server thread/DEBUG] [com.github.alexthe666.iceandfire.IceAndFire/]: Added the following features to the biome [minecraft:deep_frozen_ocean]: 
	- iceandfire:silver_ore
	- iceandfire:ice_dragon_roost
	- iceandfire:ice_dragon_cave
	- iceandfire:siren_island
	- iceandfire:spawn_hippocampus
	- iceandfire:spawn_sea_serpent
[16Oct2025 02:44:18.808] [Server thread/DEBUG] [com.github.alexthe666.iceandfire.IceAndFire/]: Added the following features to the biome [minecraft:deep_lukewarm_ocean]: 
	- iceandfire:silver_ore
	- iceandfire:siren_island
	- iceandfire:spawn_hippocampus
	- iceandfire:spawn_sea_serpent
[16Oct2025 02:44:18.811] [Server thread/DEBUG] [com.github.alexthe666.iceandfire.IceAndFire/]: Added the following features to the biome [minecraft:deep_ocean]: 
	- iceandfire:silver_ore
	- iceandfire:siren_island
	- iceandfire:spawn_hippocampus
	- iceandfire:spawn_sea_serpent
[16Oct2025 02:44:18.814] [Server thread/DEBUG] [com.github.alexthe666.iceandfire.IceAndFire/]: Added the following features to the biome [minecraft:desert]: 
	- iceandfire:fire_lily
	- iceandfire:silver_ore
	- iceandfire:fire_dragon_roost
	- iceandfire:fire_dragon_cave
	- iceandfire:myrmex_hive_desert
	- iceandfire:spawn_death_worm
	- iceandfire:spawn_dragon_skeleton_fire
[16Oct2025 02:44:18.817] [Server thread/DEBUG] [com.github.alexthe666.iceandfire.IceAndFire/]: Added the following features to the biome [minecraft:dripstone_caves]: 
	- iceandfire:silver_ore
[16Oct2025 02:44:18.824] [Server thread/DEBUG] [com.github.alexthe666.iceandfire.IceAndFire/]: Added the following features to the biome [minecraft:eroded_badlands]: 
	- iceandfire:fire_lily
	- iceandfire:silver_ore
	- iceandfire:lightning_dragon_roost
	- iceandfire:lightning_dragon_cave
[16Oct2025 02:44:18.827] [Server thread/DEBUG] [com.github.alexthe666.iceandfire.IceAndFire/]: Added the following features to the biome [minecraft:flower_forest]: 
	- iceandfire:silver_ore
[16Oct2025 02:44:18.829] [Server thread/DEBUG] [com.github.alexthe666.iceandfire.IceAndFire/]: Added the following features to the biome [minecraft:forest]: 
	- iceandfire:silver_ore
[16Oct2025 02:44:18.832] [Server thread/DEBUG] [com.github.alexthe666.iceandfire.IceAndFire/]: Added the following features to the biome [minecraft:frozen_ocean]: 
	- iceandfire:frost_lily
	- iceandfire:silver_ore
	- iceandfire:sapphire_ore
	- iceandfire:ice_dragon_roost
	- iceandfire:ice_dragon_cave
	- iceandfire:siren_island
	- iceandfire:spawn_dragon_skeleton_ice
	- iceandfire:spawn_hippocampus
	- iceandfire:spawn_sea_serpent
[16Oct2025 02:44:18.835] [Server thread/DEBUG] [com.github.alexthe666.iceandfire.IceAndFire/]: Added the following features to the biome [minecraft:frozen_peaks]: 
	- iceandfire:frost_lily
	- iceandfire:silver_ore
	- iceandfire:sapphire_ore
	- iceandfire:ice_dragon_roost
	- iceandfire:ice_dragon_cave
	- iceandfire:spawn_dragon_skeleton_ice
[16Oct2025 02:44:18.838] [Server thread/DEBUG] [com.github.alexthe666.iceandfire.IceAndFire/]: Added the following features to the biome [minecraft:frozen_river]: 
	- iceandfire:frost_lily
	- iceandfire:silver_ore
	- iceandfire:sapphire_ore
	- iceandfire:ice_dragon_roost
	- iceandfire:ice_dragon_cave
	- iceandfire:spawn_dragon_skeleton_ice
[16Oct2025 02:44:18.841] [Server thread/DEBUG] [com.github.alexthe666.iceandfire.IceAndFire/]: Added the following features to the biome [minecraft:grove]: 
	- iceandfire:frost_lily
	- iceandfire:silver_ore
	- iceandfire:sapphire_ore
	- iceandfire:ice_dragon_roost
	- iceandfire:ice_dragon_cave
	- iceandfire:spawn_dragon_skeleton_ice
[16Oct2025 02:44:18.844] [Server thread/DEBUG] [com.github.alexthe666.iceandfire.IceAndFire/]: Added the following features to the biome [minecraft:ice_spikes]: 
	- iceandfire:frost_lily
	- iceandfire:silver_ore
	- iceandfire:sapphire_ore
	- iceandfire:ice_dragon_roost
	- iceandfire:ice_dragon_cave
	- iceandfire:spawn_dragon_skeleton_ice
[16Oct2025 02:44:18.847] [Server thread/DEBUG] [com.github.alexthe666.iceandfire.IceAndFire/]: Added the following features to the biome [minecraft:jagged_peaks]: 
	- iceandfire:frost_lily
	- iceandfire:silver_ore
	- iceandfire:sapphire_ore
	- iceandfire:ice_dragon_roost
	- iceandfire:ice_dragon_cave
	- iceandfire:spawn_dragon_skeleton_ice
[16Oct2025 02:44:18.850] [Server thread/DEBUG] [com.github.alexthe666.iceandfire.IceAndFire/]: Added the following features to the biome [minecraft:jungle]: 
	- iceandfire:fire_lily
	- iceandfire:silver_ore
	- iceandfire:lightning_dragon_roost
	- iceandfire:lightning_dragon_cave
	- iceandfire:myrmex_hive_jungle
[16Oct2025 02:44:18.853] [Server thread/DEBUG] [com.github.alexthe666.iceandfire.IceAndFire/]: Added the following features to the biome [minecraft:lukewarm_ocean]: 
	- iceandfire:silver_ore
	- iceandfire:siren_island
	- iceandfire:spawn_hippocampus
	- iceandfire:spawn_sea_serpent
[16Oct2025 02:44:18.855] [Server thread/DEBUG] [com.github.alexthe666.iceandfire.IceAndFire/]: Added the following features to the biome [minecraft:lush_caves]: 
	- iceandfire:silver_ore
[16Oct2025 02:44:18.858] [Server thread/DEBUG] [com.github.alexthe666.iceandfire.IceAndFire/]: Added the following features to the biome [minecraft:mangrove_swamp]: 
	- iceandfire:fire_lily
	- iceandfire:silver_ore
	- iceandfire:fire_dragon_roost
	- iceandfire:fire_dragon_cave
	- iceandfire:hydra_cave
	- iceandfire:spawn_stymphalian_bird
[16Oct2025 02:44:18.860] [Server thread/DEBUG] [com.github.alexthe666.iceandfire.IceAndFire/]: Added the following features to the biome [minecraft:meadow]: 
	- iceandfire:silver_ore
	- iceandfire:fire_dragon_roost
	- iceandfire:fire_dragon_cave
	- iceandfire:spawn_wandering_cyclops
[16Oct2025 02:44:18.863] [Server thread/DEBUG] [com.github.alexthe666.iceandfire.IceAndFire/]: Added the following features to the biome [minecraft:mushroom_fields]: 
	- iceandfire:silver_ore
[16Oct2025 02:44:18.867] [Server thread/DEBUG] [com.github.alexthe666.iceandfire.IceAndFire/]: Added the following features to the biome [minecraft:ocean]: 
	- iceandfire:silver_ore
	- iceandfire:siren_island
	- iceandfire:spawn_hippocampus
	- iceandfire:spawn_sea_serpent
[16Oct2025 02:44:18.870] [Server thread/DEBUG] [com.github.alexthe666.iceandfire.IceAndFire/]: Added the following features to the biome [minecraft:old_growth_birch_forest]: 
	- iceandfire:silver_ore
	- iceandfire:pixie_village
[16Oct2025 02:44:18.872] [Server thread/DEBUG] [com.github.alexthe666.iceandfire.IceAndFire/]: Added the following features to the biome [minecraft:old_growth_pine_taiga]: 
	- iceandfire:silver_ore
	- iceandfire:ice_dragon_roost
	- iceandfire:ice_dragon_cave
[16Oct2025 02:44:18.875] [Server thread/DEBUG] [com.github.alexthe666.iceandfire.IceAndFire/]: Added the following features to the biome [minecraft:old_growth_spruce_taiga]: 
	- iceandfire:silver_ore
[16Oct2025 02:44:18.878] [Server thread/DEBUG] [com.github.alexthe666.iceandfire.IceAndFire/]: Added the following features to the biome [minecraft:plains]: 
	- iceandfire:silver_ore
	- iceandfire:fire_dragon_roost
	- iceandfire:fire_dragon_cave
	- iceandfire:spawn_wandering_cyclops
[16Oct2025 02:44:18.881] [Server thread/DEBUG] [com.github.alexthe666.iceandfire.IceAndFire/]: Added the following features to the biome [minecraft:river]: 
	- iceandfire:silver_ore
[16Oct2025 02:44:18.884] [Server thread/DEBUG] [com.github.alexthe666.iceandfire.IceAndFire/]: Added the following features to the biome [minecraft:savanna]: 
	- iceandfire:fire_lily
	- iceandfire:lightning_lily
	- iceandfire:silver_ore
	- iceandfire:lightning_dragon_roost
	- iceandfire:lightning_dragon_cave
	- iceandfire:spawn_dragon_skeleton_lightning
[16Oct2025 02:44:18.887] [Server thread/DEBUG] [com.github.alexthe666.iceandfire.IceAndFire/]: Added the following features to the biome [minecraft:savanna_plateau]: 
	- iceandfire:fire_lily
	- iceandfire:lightning_lily
	- iceandfire:silver_ore
	- iceandfire:lightning_dragon_roost
	- iceandfire:lightning_dragon_cave
	- iceandfire:spawn_dragon_skeleton_lightning
[16Oct2025 02:44:18.891] [Server thread/DEBUG] [com.github.alexthe666.iceandfire.IceAndFire/]: Added the following features to the biome [minecraft:snowy_beach]: 
	- iceandfire:frost_lily
	- iceandfire:silver_ore
	- iceandfire:sapphire_ore
	- iceandfire:ice_dragon_roost
	- iceandfire:ice_dragon_cave
	- iceandfire:cyclops_cave
	- iceandfire:spawn_dragon_skeleton_ice
[16Oct2025 02:44:18.895] [Server thread/DEBUG] [com.github.alexthe666.iceandfire.IceAndFire/]: Added the following features to the biome [minecraft:snowy_plains]: 
	- iceandfire:frost_lily
	- iceandfire:silver_ore
	- iceandfire:sapphire_ore
	- iceandfire:ice_dragon_roost
	- iceandfire:ice_dragon_cave
	- iceandfire:spawn_wandering_cyclops
	- iceandfire:spawn_dragon_skeleton_ice
[16Oct2025 02:44:18.898] [Server thread/DEBUG] [com.github.alexthe666.iceandfire.IceAndFire/]: Added the following features to the biome [minecraft:snowy_slopes]: 
	- iceandfire:frost_lily
	- iceandfire:silver_ore
	- iceandfire:sapphire_ore
	- iceandfire:ice_dragon_roost
	- iceandfire:ice_dragon_cave
	- iceandfire:spawn_dragon_skeleton_ice
[16Oct2025 02:44:18.901] [Server thread/DEBUG] [com.github.alexthe666.iceandfire.IceAndFire/]: Added the following features to the biome [minecraft:snowy_taiga]: 
	- iceandfire:frost_lily
	- iceandfire:silver_ore
	- iceandfire:sapphire_ore
	- iceandfire:ice_dragon_roost
	- iceandfire:ice_dragon_cave
	- iceandfire:spawn_dragon_skeleton_ice
[16Oct2025 02:44:18.907] [Server thread/DEBUG] [com.github.alexthe666.iceandfire.IceAndFire/]: Added the following features to the biome [minecraft:sparse_jungle]: 
	- iceandfire:fire_lily
	- iceandfire:silver_ore
	- iceandfire:lightning_dragon_roost
	- iceandfire:lightning_dragon_cave
	- iceandfire:myrmex_hive_jungle
[16Oct2025 02:44:18.909] [Server thread/DEBUG] [com.github.alexthe666.iceandfire.IceAndFire/]: Added the following features to the biome [minecraft:stony_peaks]: 
	- iceandfire:fire_lily
	- iceandfire:silver_ore
	- iceandfire:fire_dragon_roost
	- iceandfire:fire_dragon_cave
[16Oct2025 02:44:18.911] [Server thread/DEBUG] [com.github.alexthe666.iceandfire.IceAndFire/]: Added the following features to the biome [minecraft:stony_shore]: 
	- iceandfire:silver_ore
[16Oct2025 02:44:18.914] [Server thread/DEBUG] [com.github.alexthe666.iceandfire.IceAndFire/]: Added the following features to the biome [minecraft:sunflower_plains]: 
	- iceandfire:silver_ore
	- iceandfire:fire_dragon_roost
	- iceandfire:fire_dragon_cave
	- iceandfire:spawn_wandering_cyclops
[16Oct2025 02:44:18.917] [Server thread/DEBUG] [com.github.alexthe666.iceandfire.IceAndFire/]: Added the following features to the biome [minecraft:swamp]: 
	- iceandfire:silver_ore
	- iceandfire:hydra_cave
	- iceandfire:spawn_stymphalian_bird
[16Oct2025 02:44:18.920] [Server thread/DEBUG] [com.github.alexthe666.iceandfire.IceAndFire/]: Added the following features to the biome [minecraft:taiga]: 
	- iceandfire:silver_ore
	- iceandfire:ice_dragon_roost
	- iceandfire:ice_dragon_cave
[16Oct2025 02:44:18.925] [Server thread/DEBUG] [com.github.alexthe666.iceandfire.IceAndFire/]: Added the following features to the biome [minecraft:warm_ocean]: 
	- iceandfire:fire_lily
	- iceandfire:silver_ore
	- iceandfire:fire_dragon_roost
	- iceandfire:fire_dragon_cave
	- iceandfire:siren_island
	- iceandfire:spawn_hippocampus
	- iceandfire:spawn_sea_serpent
[16Oct2025 02:44:18.930] [Server thread/DEBUG] [com.github.alexthe666.iceandfire.IceAndFire/]: Added the following features to the biome [minecraft:windswept_forest]: 
	- iceandfire:silver_ore
[16Oct2025 02:44:18.933] [Server thread/DEBUG] [com.github.alexthe666.iceandfire.IceAndFire/]: Added the following features to the biome [minecraft:windswept_gravelly_hills]: 
	- iceandfire:silver_ore
[16Oct2025 02:44:18.935] [Server thread/DEBUG] [com.github.alexthe666.iceandfire.IceAndFire/]: Added the following features to the biome [minecraft:windswept_hills]: 
	- iceandfire:silver_ore
[16Oct2025 02:44:18.938] [Server thread/DEBUG] [com.github.alexthe666.iceandfire.IceAndFire/]: Added the following features to the biome [minecraft:windswept_savanna]: 
	- iceandfire:fire_lily
	- iceandfire:lightning_lily
	- iceandfire:silver_ore
	- iceandfire:lightning_dragon_roost
	- iceandfire:lightning_dragon_cave
	- iceandfire:spawn_dragon_skeleton_lightning
[16Oct2025 02:44:18.941] [Server thread/DEBUG] [com.github.alexthe666.iceandfire.IceAndFire/]: Added the following features to the biome [minecraft:wooded_badlands]: 
	- iceandfire:silver_ore
	- iceandfire:lightning_dragon_roost
	- iceandfire:lightning_dragon_cave
[16Oct2025 02:44:18.952] [Server thread/DEBUG] [Paraglider/]: Start adding village structures
[16Oct2025 02:44:18.953] [Server thread/DEBUG] [Paraglider/]: Added 2 elements to template pool 'minecraft:village/desert/houses'
[16Oct2025 02:44:18.953] [Server thread/DEBUG] [Paraglider/]: Added 2 elements to template pool 'minecraft:village/plains/houses'
[16Oct2025 02:44:18.953] [Server thread/DEBUG] [Paraglider/]: Added 2 elements to template pool 'minecraft:village/savanna/houses'
[16Oct2025 02:44:18.953] [Server thread/DEBUG] [Paraglider/]: Added 1 elements to template pool 'minecraft:village/snowy/houses'
[16Oct2025 02:44:18.953] [Server thread/DEBUG] [Paraglider/]: Added 2 elements to template pool 'minecraft:village/taiga/houses'
[16Oct2025 02:44:18.953] [Server thread/DEBUG] [Paraglider/]: Finished adding village structures
[16Oct2025 02:44:19.023] [Server thread/INFO] [net.minecraft.server.dedicated.DedicatedServer/]: Preparing level "world"
[16Oct2025 02:44:19.044] [Server thread/DEBUG] [net.minecraftforge.coremod.transformer.CoreModBaseTransformer/COREMOD]: Transforming net/minecraft/world/level/levelgen/PhantomSpawner
[16Oct2025 02:44:19.067] [Server thread/DEBUG] [net.minecraftforge.coremod.transformer.CoreModBaseTransformer/COREMOD]: Transforming net/minecraft/world/level/levelgen/PatrolSpawner
[16Oct2025 02:44:19.086] [Server thread/DEBUG] [net.minecraftforge.coremod.transformer.CoreModBaseTransformer/COREMOD]: Transforming net/minecraft/world/entity/npc/CatSpawner
[16Oct2025 02:44:19.101] [Server thread/DEBUG] [net.minecraftforge.coremod.transformer.CoreModBaseTransformer/COREMOD]: Transforming net/minecraft/world/entity/ai/village/VillageSiege
[16Oct2025 02:44:19.128] [Server thread/DEBUG] [mixin/]: Mixing MapDataMixin from moonlight-common.mixins.json into net.minecraft.world.level.saveddata.maps.MapItemSavedData
[16Oct2025 02:44:19.129] [Server thread/DEBUG] [mixin/]: Renaming synthetic method lambda$save$3(Lnet/minecraft/nbt/CompoundTag;Lnet/minecraft/resources/ResourceLocation;Lnet/mehvahdjukaar/moonlight/api/map/CustomMapData;)V to md0e1804$lambda$save$3$0 in moonlight-common.mixins.json:MapDataMixin
[16Oct2025 02:44:19.132] [Server thread/DEBUG] [mixin/]: Renaming synthetic method lambda$load$2(Lnet/minecraft/nbt/CompoundTag;Lnet/mehvahdjukaar/moonlight/api/map/CustomMapData;)V to md0e1804$lambda$load$2$1 in moonlight-common.mixins.json:MapDataMixin
[16Oct2025 02:44:19.133] [Server thread/DEBUG] [mixin/]: Renaming synthetic method lambda$setCustomDataDirty$1(Lnet/mehvahdjukaar/moonlight/api/map/CustomMapData$Type;Ljava/util/function/Consumer;Lnet/minecraft/world/level/saveddata/maps/MapItemSavedData$HoldingPlayer;)V to md0e1804$lambda$setCustomDataDirty$1$2 in moonlight-common.mixins.json:MapDataMixin
[16Oct2025 02:44:19.133] [Server thread/DEBUG] [mixin/]: Renaming synthetic method lambda$setCustomDecorationsDirty$0(Lnet/minecraft/world/level/saveddata/maps/MapItemSavedData$HoldingPlayer;)V to md0e1804$lambda$setCustomDecorationsDirty$0$3 in moonlight-common.mixins.json:MapDataMixin
[16Oct2025 02:44:19.216] [Server thread/DEBUG] [mixin/]: Mixing DimensionDataStorageAccessor from structure_gel.mixins.json into net.minecraft.world.level.storage.DimensionDataStorage
[16Oct2025 02:44:19.222] [Server thread/DEBUG] [mixin/]: Mixing camera.ChunkMapMixin from securitycraft.mixins.json into net.minecraft.server.level.ChunkMap
[16Oct2025 02:44:19.224] [Server thread/DEBUG] [mixin/]: Renaming synthetic method lambda$securitycraft$onDropChunk$3(Lnet/minecraft/server/level/ServerPlayer;Lnet/minecraft/world/level/ChunkPos;Lnet/geforcemods/securitycraft/blockentities/SecurityCameraBlockEntity;)Z to md0e1804$lambda$securitycraft$onDropChunk$3$0 in securitycraft.mixins.json:camera.ChunkMapMixin
[16Oct2025 02:44:19.224] [Server thread/DEBUG] [mixin/]: Renaming synthetic method lambda$securitycraft$sendChunksToCameras$2(Lnet/minecraft/server/level/ServerPlayer;Lnet/minecraft/world/level/ChunkPos;Lnet/geforcemods/securitycraft/blockentities/SecurityCameraBlockEntity;)Z to md0e1804$lambda$securitycraft$sendChunksToCameras$2$1 in securitycraft.mixins.json:camera.ChunkMapMixin
[16Oct2025 02:44:19.224] [Server thread/DEBUG] [mixin/]: Renaming synthetic method lambda$securitycraft$trackCameraLoadedChunks$1(Lnet/minecraft/server/level/ServerPlayer;Lnet/minecraft/world/level/ChunkPos;Lnet/geforcemods/securitycraft/blockentities/SecurityCameraBlockEntity;)Z to md0e1804$lambda$securitycraft$trackCameraLoadedChunks$1$2 in securitycraft.mixins.json:camera.ChunkMapMixin
[16Oct2025 02:44:19.224] [Server thread/DEBUG] [mixin/]: Renaming synthetic method lambda$securitycraft$trackCameraLoadedChunks$0(Lnet/minecraft/server/level/ServerPlayer;Lnet/geforcemods/securitycraft/blockentities/SecurityCameraBlockEntity;)Z to md0e1804$lambda$securitycraft$trackCameraLoadedChunks$0$3 in securitycraft.mixins.json:camera.ChunkMapMixin
[16Oct2025 02:44:19.675] [Server thread/DEBUG] [mixin/]: Mixing reinforced.PortalForcerMixin from securitycraft.mixins.json into net.minecraft.world.level.portal.PortalForcer
[16Oct2025 02:44:26.031] [Server thread/INFO] [net.minecraft.server.MinecraftServer/]: Preparing start region for dimension minecraft:overworld
[16Oct2025 02:44:28.408] [Server thread/DEBUG] [mixin/]: Mixing MixinChunkSerializer from architectury.mixins.json into net.minecraft.world.level.chunk.storage.ChunkSerializer
[16Oct2025 02:44:28.919] [Server thread/DEBUG] [mixin/]: Mixing TemplateMixins$StructurePlaceSettingsMixin from structure_gel.mixins.json into net.minecraft.world.level.levelgen.structure.templatesystem.StructurePlaceSettings
[16Oct2025 02:44:28.934] [Server thread/DEBUG] [net.minecraftforge.coremod.transformer.CoreModBaseTransformer/COREMOD]: Transforming net/minecraft/world/level/levelgen/structure/templatesystem/StructureTemplate
[16Oct2025 02:44:29.033] [Server thread/DEBUG] [mixin/]: Mixing passcode.StructureTemplateMixin from securitycraft.mixins.json into net.minecraft.world.level.levelgen.structure.templatesystem.StructureTemplate
[16Oct2025 02:44:29.035] [Server thread/DEBUG] [mixin/]: Mixing TemplateMixins$StructureTemplateMixin from structure_gel.mixins.json into net.minecraft.world.level.levelgen.structure.templatesystem.StructureTemplate
[16Oct2025 02:44:29.036] [Server thread/DEBUG] [mixin/]: Renaming synthetic method lambda$addGelProcessor_processBlockInfos$0(Lnet/minecraft/world/level/levelgen/structure/templatesystem/StructureTemplate$StructureBlockInfo;)Z to md0e1804$lambda$addGelProcessor_processBlockInfos$0$0 in structure_gel.mixins.json:TemplateMixins$StructureTemplateMixin
[16Oct2025 02:44:29.038] [Server thread/DEBUG] [mixin/]: Mixing StructureTemplateAccessor from structure_gel.mixins.json into net.minecraft.world.level.levelgen.structure.templatesystem.StructureTemplate
[16Oct2025 02:44:35.331] [Worker-Main-1/INFO] [net.minecraft.server.level.progress.LoggerChunkProgressListener/]: Preparing spawn area: 0%
[16Oct2025 02:44:35.340] [Worker-Main-1/INFO] [net.minecraft.server.level.progress.LoggerChunkProgressListener/]: Preparing spawn area: 0%
[16Oct2025 02:44:35.342] [Worker-Main-1/INFO] [net.minecraft.server.level.progress.LoggerChunkProgressListener/]: Preparing spawn area: 0%
[16Oct2025 02:44:35.343] [Worker-Main-1/INFO] [net.minecraft.server.level.progress.LoggerChunkProgressListener/]: Preparing spawn area: 0%
[16Oct2025 02:44:35.347] [Worker-Main-1/INFO] [net.minecraft.server.level.progress.LoggerChunkProgressListener/]: Preparing spawn area: 0%
[16Oct2025 02:44:35.349] [Worker-Main-1/INFO] [net.minecraft.server.level.progress.LoggerChunkProgressListener/]: Preparing spawn area: 0%
[16Oct2025 02:44:35.352] [Worker-Main-1/INFO] [net.minecraft.server.level.progress.LoggerChunkProgressListener/]: Preparing spawn area: 0%
[16Oct2025 02:44:35.353] [Worker-Main-1/INFO] [net.minecraft.server.level.progress.LoggerChunkProgressListener/]: Preparing spawn area: 0%
[16Oct2025 02:44:35.354] [Worker-Main-1/INFO] [net.minecraft.server.level.progress.LoggerChunkProgressListener/]: Preparing spawn area: 0%
[16Oct2025 02:44:35.356] [Worker-Main-1/INFO] [net.minecraft.server.level.progress.LoggerChunkProgressListener/]: Preparing spawn area: 0%
[16Oct2025 02:44:35.359] [Worker-Main-1/INFO] [net.minecraft.server.level.progress.LoggerChunkProgressListener/]: Preparing spawn area: 0%
[16Oct2025 02:44:35.362] [Worker-Main-1/INFO] [net.minecraft.server.level.progress.LoggerChunkProgressListener/]: Preparing spawn area: 0%
[16Oct2025 02:44:35.362] [Worker-Main-1/INFO] [net.minecraft.server.level.progress.LoggerChunkProgressListener/]: Preparing spawn area: 0%
[16Oct2025 02:44:35.363] [Worker-Main-1/INFO] [net.minecraft.server.level.progress.LoggerChunkProgressListener/]: Preparing spawn area: 0%
[16Oct2025 02:44:35.365] [Worker-Main-1/INFO] [net.minecraft.server.level.progress.LoggerChunkProgressListener/]: Preparing spawn area: 0%
[16Oct2025 02:44:35.368] [Worker-Main-1/INFO] [net.minecraft.server.level.progress.LoggerChunkProgressListener/]: Preparing spawn area: 0%
[16Oct2025 02:44:35.370] [Worker-Main-1/INFO] [net.minecraft.server.level.progress.LoggerChunkProgressListener/]: Preparing spawn area: 0%
[16Oct2025 02:44:35.372] [Worker-Main-1/INFO] [net.minecraft.server.level.progress.LoggerChunkProgressListener/]: Preparing spawn area: 0%
[16Oct2025 02:44:35.373] [Worker-Main-1/INFO] [net.minecraft.server.level.progress.LoggerChunkProgressListener/]: Preparing spawn area: 0%
[16Oct2025 02:44:35.534] [Worker-Main-1/INFO] [net.minecraft.server.level.progress.LoggerChunkProgressListener/]: Preparing spawn area: 0%
[16Oct2025 02:44:36.034] [Worker-Main-1/INFO] [net.minecraft.server.level.progress.LoggerChunkProgressListener/]: Preparing spawn area: 0%
[16Oct2025 02:44:36.678] [Worker-Main-1/INFO] [net.minecraft.server.level.progress.LoggerChunkProgressListener/]: Preparing spawn area: 0%
[16Oct2025 02:44:36.893] [Server thread/DEBUG] [mixin/]: Mixing CombatTrackerAccessor from playerrevive.mixins.json into net.minecraft.world.damagesource.CombatTracker
[16Oct2025 02:44:36.902] [Server thread/DEBUG] [mixin/]: Mixing accessor.BrainAccessor from moonlight-common.mixins.json into net.minecraft.world.entity.ai.Brain
[16Oct2025 02:44:37.240] [Server thread/INFO] [net.minecraft.server.level.progress.LoggerChunkProgressListener/]: Time elapsed: 11207 ms
[16Oct2025 02:44:37.245] [Server thread/INFO] [net.minecraft.server.dedicated.DedicatedServer/]: Done (18.565s)! For help, type "help"
[16Oct2025 02:44:37.264] [Server thread/DEBUG] [net.minecraftforge.network.DualStackUtils/]: Detected IPv6 address: "0:0:0:0:0:0:0:0"
[16Oct2025 02:44:37.333] [Server thread/DEBUG] [net.minecraftforge.common.ForgeI18n/CORE]: Loading I18N data entries: 9870
[16Oct2025 02:44:37.337] [Server thread/INFO] [net.minecraftforge.server.permission.PermissionAPI/]: Successfully initialized permission handler forge:default_handler
[16Oct2025 02:44:37.378] [Server thread/INFO] [com.github.alexthe666.iceandfire.IceAndFire/]: {iceandfire:fire_dragon_roost=true, iceandfire:fire_lily=true, iceandfire:spawn_dragon_skeleton_fire=true, iceandfire:lightning_dragon_roost=true, iceandfire:spawn_dragon_skeleton_lightning=true, iceandfire:ice_dragon_roost=true, iceandfire:ice_dragon_cave=true, iceandfire:lightning_dragon_cave=true, iceandfire:cyclops_cave=true, iceandfire:spawn_wandering_cyclops=true, iceandfire:spawn_sea_serpent=true, iceandfire:frost_lily=true, iceandfire:hydra_cave=true, iceandfire:lightning_lily=true, iceandfire:pixie_village=true, iceandfire:myrmex_hive_jungle=true, iceandfire:myrmex_hive_desert=true, iceandfire:silver_ore=true, iceandfire:siren_island=true, iceandfire:spawn_dragon_skeleton_ice=true, iceandfire:spawn_stymphalian_bird=true, iceandfire:fire_dragon_cave=true, iceandfire:sapphire_ore=true, iceandfire:spawn_hippocampus=true, iceandfire:spawn_death_worm=true}
[16Oct2025 02:44:37.382] [Server thread/INFO] [com.github.alexthe666.iceandfire.IceAndFire/]: {TROLL_S=true, HIPPOGRYPH=true, AMPHITHERE=true, COCKATRICE=true, TROLL_M=true, DREAD_LICH=true, TROLL_F=true}
[16Oct2025 02:44:37.484] [Server thread/INFO] [net.bettercombat.logic.WeaponRegistry/]: Encoded Weapon Attribute registry size (with package overhead): 65516 bytes (in 7 string chunks with the size of 10000)
[16Oct2025 02:44:37.538] [Server thread/DEBUG] [net.minecraftforge.coremod.transformer.CoreModBaseTransformer/COREMOD]: Transforming net/minecraft/world/level/NaturalSpawner
[16Oct2025 02:44:37.620] [Server thread/DEBUG] [mixin/]: Mixing PacketDistributorHackMixin from moonlight.mixins.json into net.minecraftforge.network.PacketDistributor
[16Oct2025 02:44:37.633] [Server thread/DEBUG] [mixin/]: Mixing camera.TrackedEntityMixin from securitycraft.mixins.json into net.minecraft.server.level.ChunkMap$TrackedEntity
[16Oct2025 02:44:37.699] [Server thread/DEBUG] [mixin/]: Mixing EnchantmentHelperMixin from combatroll.mixins.json into net.minecraft.world.item.enchantment.EnchantmentHelper
[16Oct2025 02:44:41.067] [Netty Epoll Server IO #1/DEBUG] [mixin/]: Mixing MapItemDataPacketMixin from moonlight-common.mixins.json into net.minecraft.network.protocol.game.ClientboundMapItemDataPacket
[16Oct2025 02:44:41.069] [Netty Epoll Server IO #1/DEBUG] [mixin/]: Renaming synthetic method lambda$moonlight$sendCustomDecorations$1(I)[Lnet/mehvahdjukaar/moonlight/api/map/CustomMapDecoration; to md0e1804$lambda$moonlight$sendCustomDecorations$1$0 in moonlight-common.mixins.json:MapItemDataPacketMixin
[16Oct2025 02:44:41.069] [Netty Epoll Server IO #1/DEBUG] [mixin/]: Renaming synthetic method lambda$moonlight$sendCustomDecorations$0(Lnet/minecraft/network/FriendlyByteBuf;Lnet/mehvahdjukaar/moonlight/api/map/CustomMapDecoration;)Lnet/mehvahdjukaar/moonlight/api/map/CustomMapDecoration; to md0e1804$lambda$moonlight$sendCustomDecorations$0$1 in moonlight-common.mixins.json:MapItemDataPacketMixin
[16Oct2025 02:44:41.429] [Netty Epoll Server IO #1/DEBUG] [io.netty.util.Recycler/]: -Dio.netty.recycler.maxCapacityPerThread: 4096
[16Oct2025 02:44:41.429] [Netty Epoll Server IO #1/DEBUG] [io.netty.util.Recycler/]: -Dio.netty.recycler.ratio: 8
[16Oct2025 02:44:41.429] [Netty Epoll Server IO #1/DEBUG] [io.netty.util.Recycler/]: -Dio.netty.recycler.chunkSize: 32
[16Oct2025 02:44:41.430] [Netty Epoll Server IO #1/DEBUG] [io.netty.util.Recycler/]: -Dio.netty.recycler.blocking: false
[16Oct2025 02:44:41.561] [Netty Epoll Server IO #1/DEBUG] [net.minecraftforge.network.HandshakeHandler/FMLHANDSHAKE]: Starting new modded impl connection. Found 27 messages to dispatch.
[16Oct2025 02:44:41.598] [Server thread/DEBUG] [net.minecraftforge.network.HandshakeHandler/FMLHANDSHAKE]: Sending ticking packet info 'net.minecraftforge.network.HandshakeMessages$S2CModData' to 'fml:handshake' sequence 0
[16Oct2025 02:44:41.649] [Server thread/DEBUG] [net.minecraftforge.network.HandshakeHandler/FMLHANDSHAKE]: Sending ticking packet info 'net.minecraftforge.network.HandshakeMessages$S2CModList' to 'fml:handshake' sequence 1
[16Oct2025 02:44:41.693] [Server thread/DEBUG] [net.minecraftforge.network.HandshakeHandler/FMLHANDSHAKE]: Sending ticking packet info 'Registry minecraft:command_argument_type' to 'fml:handshake' sequence 2
[16Oct2025 02:44:41.743] [Server thread/DEBUG] [net.minecraftforge.network.HandshakeHandler/FMLHANDSHAKE]: Sending ticking packet info 'Registry minecraft:recipe_serializer' to 'fml:handshake' sequence 3
[16Oct2025 02:44:41.793] [Server thread/DEBUG] [net.minecraftforge.network.HandshakeHandler/FMLHANDSHAKE]: Sending ticking packet info 'Registry minecraft:sound_event' to 'fml:handshake' sequence 4
[16Oct2025 02:44:41.803] [Netty Epoll Server IO #1/DEBUG] [net.minecraftforge.network.LoginWrapper/FMLHANDSHAKE]: Recieved login wrapper packet event for channel fml:handshake with index 1
[16Oct2025 02:44:41.808] [Netty Epoll Server IO #1/DEBUG] [net.minecraftforge.network.HandshakeHandler/FMLHANDSHAKE]: Received client indexed reply 1 of type net.minecraftforge.network.HandshakeMessages$C2SModListReply
[16Oct2025 02:44:41.809] [Netty Epoll Server IO #1/DEBUG] [net.minecraftforge.network.HandshakeHandler/FMLHANDSHAKE]: Received client connection with modlist [luminous_beasts, geckolib, playeranimator, ancore, jei, libraryferret, gnumus, companions, fragmentum, journeymap, citadel, myserveriscompatible, knightlib, relics, iceandfire, azurelib, paraglider, cloth_config, forge, structure_gel, minecraft, ancient_scribes, lowlands_clothing, more_critters, monsterexpansion, moonlight, block_factorys_bosses, bettercombat, combatroll, obscure_tooltips, rpg_backpacks, creativecore, born_in_chaos_v1, faz_roleplay_plus, dungeons_enhanced, curios, securitycraft, legendarycreatures, architectury, octolib, aquaculture, goblins_tyranny, realmrpg_quests, playerrevive, experienced_crops]
[16Oct2025 02:44:41.811] [Netty Epoll Server IO #1/DEBUG] [net.minecraftforge.network.NetworkRegistry/NETREGISTRY]: Channel 'block_factorys_bosses:block_factorys_bosses' : Version test of '1' from client : ACCEPTED
[16Oct2025 02:44:41.811] [Netty Epoll Server IO #1/DEBUG] [net.minecraftforge.network.NetworkRegistry/NETREGISTRY]: Channel 'architectury:network' : Version test of '1' from client : ACCEPTED
[16Oct2025 02:44:41.811] [Netty Epoll Server IO #1/DEBUG] [net.minecraftforge.network.NetworkRegistry/NETREGISTRY]: Channel 'structure_gel:main' : Version test of '7' from client : ACCEPTED
[16Oct2025 02:44:41.811] [Netty Epoll Server IO #1/DEBUG] [net.minecraftforge.network.NetworkRegistry/NETREGISTRY]: Channel 'jei:channel' : Version test of '1.0.0' from client : ACCEPTED
[16Oct2025 02:44:41.811] [Netty Epoll Server IO #1/DEBUG] [net.minecraftforge.network.NetworkRegistry/NETREGISTRY]: Channel 'luminous_beasts:luminous_beasts' : Version test of '1' from client : ACCEPTED
[16Oct2025 02:44:41.811] [Netty Epoll Server IO #1/DEBUG] [net.minecraftforge.network.NetworkRegistry/NETREGISTRY]: Channel 'minecraft:unregister' : Version test of 'FML3' from client : ACCEPTED
[16Oct2025 02:44:41.811] [Netty Epoll Server IO #1/DEBUG] [net.minecraftforge.network.NetworkRegistry/NETREGISTRY]: Channel 'citadel:main_channel' : Version test of '1' from client : ACCEPTED
[16Oct2025 02:44:41.811] [Netty Epoll Server IO #1/DEBUG] [net.minecraftforge.network.NetworkRegistry/NETREGISTRY]: Channel 'securitycraft:securitycraft' : Version test of 'v1.10.0.1' from client : ACCEPTED
[16Oct2025 02:44:41.811] [Netty Epoll Server IO #1/DEBUG] [net.minecraftforge.network.NetworkRegistry/NETREGISTRY]: Channel 'iceandfire:main_channel' : Version test of '1' from client : ACCEPTED
[16Oct2025 02:44:41.811] [Netty Epoll Server IO #1/DEBUG] [net.minecraftforge.network.NetworkRegistry/NETREGISTRY]: Channel 'born_in_chaos_v1:born_in_chaos_v1' : Version test of '1' from client : ACCEPTED
[16Oct2025 02:44:41.811] [Netty Epoll Server IO #1/DEBUG] [net.minecraftforge.network.NetworkRegistry/NETREGISTRY]: Channel 'azurelib:main' : Version test of '1' from client : ACCEPTED
[16Oct2025 02:44:41.811] [Netty Epoll Server IO #1/DEBUG] [net.minecraftforge.network.NetworkRegistry/NETREGISTRY]: Channel 'journeymap:version' : Version test of '1' from client : ACCEPTED
[16Oct2025 02:44:41.811] [Netty Epoll Server IO #1/DEBUG] [net.minecraftforge.network.NetworkRegistry/NETREGISTRY]: Channel 'azurelib:network_channel' : Version test of '2.0.0' from client : ACCEPTED
[16Oct2025 02:44:41.811] [Netty Epoll Server IO #1/DEBUG] [net.minecraftforge.network.NetworkRegistry/NETREGISTRY]: Channel 'curios:main' : Version test of '1' from client : ACCEPTED
[16Oct2025 02:44:41.811] [Netty Epoll Server IO #1/DEBUG] [net.minecraftforge.network.NetworkRegistry/NETREGISTRY]: Channel 'worldinfo:world_id' : Version test of '1' from client : ACCEPTED
[16Oct2025 02:44:41.811] [Netty Epoll Server IO #1/DEBUG] [net.minecraftforge.network.NetworkRegistry/NETREGISTRY]: Channel 'ancore:ancore' : Version test of '1' from client : ACCEPTED
[16Oct2025 02:44:41.811] [Netty Epoll Server IO #1/DEBUG] [net.minecraftforge.network.NetworkRegistry/NETREGISTRY]: Channel 'journeymap:admin_req' : Version test of '1' from client : ACCEPTED
[16Oct2025 02:44:41.812] [Netty Epoll Server IO #1/DEBUG] [net.minecraftforge.network.NetworkRegistry/NETREGISTRY]: Channel 'rpg_backpacks:rpg_backpacks' : Version test of '1' from client : ACCEPTED
[16Oct2025 02:44:41.812] [Netty Epoll Server IO #1/DEBUG] [net.minecraftforge.network.NetworkRegistry/NETREGISTRY]: Channel 'journeymap:mp_options_req' : Version test of '1' from client : ACCEPTED
[16Oct2025 02:44:41.812] [Netty Epoll Server IO #1/DEBUG] [net.minecraftforge.network.NetworkRegistry/NETREGISTRY]: Channel 'journeymap:waypoint' : Version test of '1' from client : ACCEPTED
[16Oct2025 02:44:41.812] [Netty Epoll Server IO #1/DEBUG] [net.minecraftforge.network.NetworkRegistry/NETREGISTRY]: Channel 'fml:loginwrapper' : Version test of 'FML3' from client : ACCEPTED
[16Oct2025 02:44:41.812] [Netty Epoll Server IO #1/DEBUG] [net.minecraftforge.network.NetworkRegistry/NETREGISTRY]: Channel 'forge:tier_sorting' : Version test of '1.0' from client : ACCEPTED
[16Oct2025 02:44:41.812] [Netty Epoll Server IO #1/DEBUG] [net.minecraftforge.network.NetworkRegistry/NETREGISTRY]: Channel 'gnumus:gnumus' : Version test of '1' from client : ACCEPTED
[16Oct2025 02:44:41.812] [Netty Epoll Server IO #1/DEBUG] [net.minecraftforge.network.NetworkRegistry/NETREGISTRY]: Channel 'bettercombat:network' : Version test of '1.0' from client : ACCEPTED
[16Oct2025 02:44:41.812] [Netty Epoll Server IO #1/DEBUG] [net.minecraftforge.network.NetworkRegistry/NETREGISTRY]: Channel 'realmrpg_quests:realmrpg_quests' : Version test of '1' from client : ACCEPTED
[16Oct2025 02:44:41.812] [Netty Epoll Server IO #1/DEBUG] [net.minecraftforge.network.NetworkRegistry/NETREGISTRY]: Channel 'faz_roleplay_plus:faz_roleplay_plus' : Version test of '1' from client : ACCEPTED
[16Oct2025 02:44:41.812] [Netty Epoll Server IO #1/DEBUG] [net.minecraftforge.network.NetworkRegistry/NETREGISTRY]: Channel 'playerrevive:main' : Version test of '1' from client : ACCEPTED
[16Oct2025 02:44:41.812] [Netty Epoll Server IO #1/DEBUG] [net.minecraftforge.network.NetworkRegistry/NETREGISTRY]: Channel 'relics:network' : Version test of '1.0' from client : ACCEPTED
[16Oct2025 02:44:41.812] [Netty Epoll Server IO #1/DEBUG] [net.minecraftforge.network.NetworkRegistry/NETREGISTRY]: Channel 'goblins_tyranny:goblins_tyranny' : Version test of '1' from client : ACCEPTED
[16Oct2025 02:44:41.812] [Netty Epoll Server IO #1/DEBUG] [net.minecraftforge.network.NetworkRegistry/NETREGISTRY]: Channel 'paraglider:master' : Version test of '2.0' from client : ACCEPTED
[16Oct2025 02:44:41.812] [Netty Epoll Server IO #1/DEBUG] [net.minecraftforge.network.NetworkRegistry/NETREGISTRY]: Channel 'fml:play' : Version test of 'FML3' from client : ACCEPTED
[16Oct2025 02:44:41.812] [Netty Epoll Server IO #1/DEBUG] [net.minecraftforge.network.NetworkRegistry/NETREGISTRY]: Channel 'ancient_scribes:ancient_scribes' : Version test of '1' from client : ACCEPTED
[16Oct2025 02:44:41.812] [Netty Epoll Server IO #1/DEBUG] [net.minecraftforge.network.NetworkRegistry/NETREGISTRY]: Channel 'more_critters:more_critters' : Version test of '1' from client : ACCEPTED
[16Oct2025 02:44:41.812] [Netty Epoll Server IO #1/DEBUG] [net.minecraftforge.network.NetworkRegistry/NETREGISTRY]: Channel 'journeymap:player_loc' : Version test of '1' from client : ACCEPTED
[16Oct2025 02:44:41.812] [Netty Epoll Server IO #1/DEBUG] [net.minecraftforge.network.NetworkRegistry/NETREGISTRY]: Channel 'journeymap:admin_save' : Version test of '1' from client : ACCEPTED
[16Oct2025 02:44:41.812] [Netty Epoll Server IO #1/DEBUG] [net.minecraftforge.network.NetworkRegistry/NETREGISTRY]: Channel 'creativecore:main' : Version test of '1' from client : ACCEPTED
[16Oct2025 02:44:41.812] [Netty Epoll Server IO #1/DEBUG] [net.minecraftforge.network.NetworkRegistry/NETREGISTRY]: Channel 'lowlands_clothing:lowlands_clothing' : Version test of '1' from client : ACCEPTED
[16Oct2025 02:44:41.812] [Netty Epoll Server IO #1/DEBUG] [net.minecraftforge.network.NetworkRegistry/NETREGISTRY]: Channel 'monsterexpansion:main' : Version test of '1.0' from client : ACCEPTED
[16Oct2025 02:44:41.812] [Netty Epoll Server IO #1/DEBUG] [net.minecraftforge.network.NetworkRegistry/NETREGISTRY]: Channel 'journeymap:teleport_req' : Version test of '1' from client : ACCEPTED
[16Oct2025 02:44:41.812] [Netty Epoll Server IO #1/DEBUG] [net.minecraftforge.network.NetworkRegistry/NETREGISTRY]: Channel 'fml:handshake' : Version test of 'FML3' from client : ACCEPTED
[16Oct2025 02:44:41.812] [Netty Epoll Server IO #1/DEBUG] [net.minecraftforge.network.NetworkRegistry/NETREGISTRY]: Channel 'combatroll:network' : Version test of '1.0' from client : ACCEPTED
[16Oct2025 02:44:41.812] [Netty Epoll Server IO #1/DEBUG] [net.minecraftforge.network.NetworkRegistry/NETREGISTRY]: Channel 'journeymap:common' : Version test of '1' from client : ACCEPTED
[16Oct2025 02:44:41.813] [Netty Epoll Server IO #1/DEBUG] [net.minecraftforge.network.NetworkRegistry/NETREGISTRY]: Channel 'minecraft:register' : Version test of 'FML3' from client : ACCEPTED
[16Oct2025 02:44:41.813] [Netty Epoll Server IO #1/DEBUG] [net.minecraftforge.network.NetworkRegistry/NETREGISTRY]: Channel 'forge:split' : Version test of '1.1' from client : ACCEPTED
[16Oct2025 02:44:41.813] [Netty Epoll Server IO #1/DEBUG] [net.minecraftforge.network.NetworkRegistry/NETREGISTRY]: Channel 'journeymap:perm_req' : Version test of '1' from client : ACCEPTED
[16Oct2025 02:44:41.813] [Netty Epoll Server IO #1/DEBUG] [net.minecraftforge.network.NetworkRegistry/NETREGISTRY]: Channel 'geckolib:main' : Version test of '1' from client : ACCEPTED
[16Oct2025 02:44:41.813] [Netty Epoll Server IO #1/DEBUG] [net.minecraftforge.network.NetworkRegistry/NETREGISTRY]: Channel 'moonlight:channel' : Version test of '0' from client : ACCEPTED
[16Oct2025 02:44:41.813] [Netty Epoll Server IO #1/DEBUG] [net.minecraftforge.network.NetworkRegistry/NETREGISTRY]: Accepting channel list from client
[16Oct2025 02:44:41.814] [Netty Epoll Server IO #1/DEBUG] [net.minecraftforge.network.HandshakeHandler/FMLHANDSHAKE]: Accepted client connection mod list
[16Oct2025 02:44:41.831] [Netty Epoll Server IO #1/DEBUG] [net.minecraftforge.network.LoginWrapper/FMLHANDSHAKE]: Recieved login wrapper packet event for channel fml:handshake with index 2
[16Oct2025 02:44:41.831] [Netty Epoll Server IO #1/DEBUG] [net.minecraftforge.network.HandshakeHandler/FMLHANDSHAKE]: Received client indexed reply 2 of type net.minecraftforge.network.HandshakeMessages$C2SAcknowledge
[16Oct2025 02:44:41.831] [Netty Epoll Server IO #1/DEBUG] [net.minecraftforge.network.HandshakeHandler/FMLHANDSHAKE]: Received acknowledgement from client
[16Oct2025 02:44:41.846] [Server thread/DEBUG] [net.minecraftforge.network.HandshakeHandler/FMLHANDSHAKE]: Sending ticking packet info 'Registry minecraft:particle_type' to 'fml:handshake' sequence 5
[16Oct2025 02:44:41.880] [Netty Epoll Server IO #1/DEBUG] [net.minecraftforge.network.LoginWrapper/FMLHANDSHAKE]: Recieved login wrapper packet event for channel fml:handshake with index 3
[16Oct2025 02:44:41.881] [Netty Epoll Server IO #1/DEBUG] [net.minecraftforge.network.HandshakeHandler/FMLHANDSHAKE]: Received client indexed reply 3 of type net.minecraftforge.network.HandshakeMessages$C2SAcknowledge
[16Oct2025 02:44:41.881] [Netty Epoll Server IO #1/DEBUG] [net.minecraftforge.network.HandshakeHandler/FMLHANDSHAKE]: Received acknowledgement from client
[16Oct2025 02:44:41.904] [Server thread/DEBUG] [net.minecraftforge.network.HandshakeHandler/FMLHANDSHAKE]: Sending ticking packet info 'Registry minecraft:villager_profession' to 'fml:handshake' sequence 6
[16Oct2025 02:44:41.944] [Server thread/DEBUG] [net.minecraftforge.network.HandshakeHandler/FMLHANDSHAKE]: Sending ticking packet info 'Registry minecraft:item' to 'fml:handshake' sequence 7
[16Oct2025 02:44:41.994] [Server thread/DEBUG] [net.minecraftforge.network.HandshakeHandler/FMLHANDSHAKE]: Sending ticking packet info 'Registry minecraft:potion' to 'fml:handshake' sequence 8
[16Oct2025 02:44:42.043] [Server thread/DEBUG] [net.minecraftforge.network.HandshakeHandler/FMLHANDSHAKE]: Sending ticking packet info 'Registry minecraft:painting_variant' to 'fml:handshake' sequence 9
[16Oct2025 02:44:42.093] [Server thread/DEBUG] [net.minecraftforge.network.HandshakeHandler/FMLHANDSHAKE]: Sending ticking packet info 'Registry forge:fluid_type' to 'fml:handshake' sequence 10
[16Oct2025 02:44:42.144] [Server thread/DEBUG] [net.minecraftforge.network.HandshakeHandler/FMLHANDSHAKE]: Sending ticking packet info 'Registry minecraft:block_entity_type' to 'fml:handshake' sequence 11
[16Oct2025 02:44:42.193] [Server thread/DEBUG] [net.minecraftforge.network.HandshakeHandler/FMLHANDSHAKE]: Sending ticking packet info 'Registry forge:display_contexts' to 'fml:handshake' sequence 12
[16Oct2025 02:44:42.204] [Netty Epoll Server IO #1/DEBUG] [net.minecraftforge.network.LoginWrapper/FMLHANDSHAKE]: Recieved login wrapper packet event for channel fml:handshake with index 4
[16Oct2025 02:44:42.205] [Netty Epoll Server IO #1/DEBUG] [net.minecraftforge.network.HandshakeHandler/FMLHANDSHAKE]: Received client indexed reply 4 of type net.minecraftforge.network.HandshakeMessages$C2SAcknowledge
[16Oct2025 02:44:42.205] [Netty Epoll Server IO #1/DEBUG] [net.minecraftforge.network.HandshakeHandler/FMLHANDSHAKE]: Received acknowledgement from client
[16Oct2025 02:44:42.205] [Netty Epoll Server IO #1/DEBUG] [net.minecraftforge.network.LoginWrapper/FMLHANDSHAKE]: Recieved login wrapper packet event for channel fml:handshake with index 5
[16Oct2025 02:44:42.206] [Netty Epoll Server IO #1/DEBUG] [net.minecraftforge.network.HandshakeHandler/FMLHANDSHAKE]: Received client indexed reply 5 of type net.minecraftforge.network.HandshakeMessages$C2SAcknowledge
[16Oct2025 02:44:42.206] [Netty Epoll Server IO #1/DEBUG] [net.minecraftforge.network.HandshakeHandler/FMLHANDSHAKE]: Received acknowledgement from client
[16Oct2025 02:44:42.206] [Netty Epoll Server IO #1/DEBUG] [net.minecraftforge.network.LoginWrapper/FMLHANDSHAKE]: Recieved login wrapper packet event for channel fml:handshake with index 6
[16Oct2025 02:44:42.207] [Netty Epoll Server IO #1/DEBUG] [net.minecraftforge.network.HandshakeHandler/FMLHANDSHAKE]: Received client indexed reply 6 of type net.minecraftforge.network.HandshakeMessages$C2SAcknowledge
[16Oct2025 02:44:42.207] [Netty Epoll Server IO #1/DEBUG] [net.minecraftforge.network.HandshakeHandler/FMLHANDSHAKE]: Received acknowledgement from client
[16Oct2025 02:44:42.241] [Server thread/DEBUG] [net.minecraftforge.network.HandshakeHandler/FMLHANDSHAKE]: Sending ticking packet info 'Registry minecraft:block' to 'fml:handshake' sequence 13
[16Oct2025 02:44:42.293] [Server thread/DEBUG] [net.minecraftforge.network.HandshakeHandler/FMLHANDSHAKE]: Sending ticking packet info 'Registry forge:entity_data_serializers' to 'fml:handshake' sequence 14
[16Oct2025 02:44:42.342] [Server thread/DEBUG] [net.minecraftforge.network.HandshakeHandler/FMLHANDSHAKE]: Sending ticking packet info 'Registry minecraft:mob_effect' to 'fml:handshake' sequence 15
[16Oct2025 02:44:42.390] [Server thread/DEBUG] [net.minecraftforge.network.HandshakeHandler/FMLHANDSHAKE]: Sending ticking packet info 'Registry minecraft:stat_type' to 'fml:handshake' sequence 16
[16Oct2025 02:44:42.423] [Netty Epoll Server IO #1/DEBUG] [net.minecraftforge.network.LoginWrapper/FMLHANDSHAKE]: Recieved login wrapper packet event for channel fml:handshake with index 7
[16Oct2025 02:44:42.423] [Netty Epoll Server IO #1/DEBUG] [net.minecraftforge.network.HandshakeHandler/FMLHANDSHAKE]: Received client indexed reply 7 of type net.minecraftforge.network.HandshakeMessages$C2SAcknowledge
[16Oct2025 02:44:42.423] [Netty Epoll Server IO #1/DEBUG] [net.minecraftforge.network.HandshakeHandler/FMLHANDSHAKE]: Received acknowledgement from client
[16Oct2025 02:44:42.424] [Netty Epoll Server IO #1/DEBUG] [net.minecraftforge.network.LoginWrapper/FMLHANDSHAKE]: Recieved login wrapper packet event for channel fml:handshake with index 8
[16Oct2025 02:44:42.424] [Netty Epoll Server IO #1/DEBUG] [net.minecraftforge.network.HandshakeHandler/FMLHANDSHAKE]: Received client indexed reply 8 of type net.minecraftforge.network.HandshakeMessages$C2SAcknowledge
[16Oct2025 02:44:42.424] [Netty Epoll Server IO #1/DEBUG] [net.minecraftforge.network.HandshakeHandler/FMLHANDSHAKE]: Received acknowledgement from client
[16Oct2025 02:44:42.424] [Netty Epoll Server IO #1/DEBUG] [net.minecraftforge.network.LoginWrapper/FMLHANDSHAKE]: Recieved login wrapper packet event for channel fml:handshake with index 9
[16Oct2025 02:44:42.424] [Netty Epoll Server IO #1/DEBUG] [net.minecraftforge.network.HandshakeHandler/FMLHANDSHAKE]: Received client indexed reply 9 of type net.minecraftforge.network.HandshakeMessages$C2SAcknowledge
[16Oct2025 02:44:42.424] [Netty Epoll Server IO #1/DEBUG] [net.minecraftforge.network.HandshakeHandler/FMLHANDSHAKE]: Received acknowledgement from client
[16Oct2025 02:44:42.424] [Netty Epoll Server IO #1/DEBUG] [net.minecraftforge.network.LoginWrapper/FMLHANDSHAKE]: Recieved login wrapper packet event for channel fml:handshake with index 10
[16Oct2025 02:44:42.424] [Netty Epoll Server IO #1/DEBUG] [net.minecraftforge.network.HandshakeHandler/FMLHANDSHAKE]: Received client indexed reply 10 of type net.minecraftforge.network.HandshakeMessages$C2SAcknowledge
[16Oct2025 02:44:42.424] [Netty Epoll Server IO #1/DEBUG] [net.minecraftforge.network.HandshakeHandler/FMLHANDSHAKE]: Received acknowledgement from client
[16Oct2025 02:44:42.425] [Netty Epoll Server IO #1/DEBUG] [net.minecraftforge.network.LoginWrapper/FMLHANDSHAKE]: Recieved login wrapper packet event for channel fml:handshake with index 11
[16Oct2025 02:44:42.425] [Netty Epoll Server IO #1/DEBUG] [net.minecraftforge.network.HandshakeHandler/FMLHANDSHAKE]: Received client indexed reply 11 of type net.minecraftforge.network.HandshakeMessages$C2SAcknowledge
[16Oct2025 02:44:42.425] [Netty Epoll Server IO #1/DEBUG] [net.minecraftforge.network.HandshakeHandler/FMLHANDSHAKE]: Received acknowledgement from client
[16Oct2025 02:44:42.426] [Netty Epoll Server IO #1/DEBUG] [net.minecraftforge.network.LoginWrapper/FMLHANDSHAKE]: Recieved login wrapper packet event for channel fml:handshake with index 12
[16Oct2025 02:44:42.426] [Netty Epoll Server IO #1/DEBUG] [net.minecraftforge.network.HandshakeHandler/FMLHANDSHAKE]: Received client indexed reply 12 of type net.minecraftforge.network.HandshakeMessages$C2SAcknowledge
[16Oct2025 02:44:42.426] [Netty Epoll Server IO #1/DEBUG] [net.minecraftforge.network.HandshakeHandler/FMLHANDSHAKE]: Received acknowledgement from client
[16Oct2025 02:44:42.441] [Server thread/DEBUG] [net.minecraftforge.network.HandshakeHandler/FMLHANDSHAKE]: Sending ticking packet info 'Registry minecraft:menu' to 'fml:handshake' sequence 17
[16Oct2025 02:44:42.472] [Netty Epoll Server IO #1/DEBUG] [net.minecraftforge.network.LoginWrapper/FMLHANDSHAKE]: Recieved login wrapper packet event for channel fml:handshake with index 13
[16Oct2025 02:44:42.472] [Netty Epoll Server IO #1/DEBUG] [net.minecraftforge.network.HandshakeHandler/FMLHANDSHAKE]: Received client indexed reply 13 of type net.minecraftforge.network.HandshakeMessages$C2SAcknowledge
[16Oct2025 02:44:42.472] [Netty Epoll Server IO #1/DEBUG] [net.minecraftforge.network.HandshakeHandler/FMLHANDSHAKE]: Received acknowledgement from client
[16Oct2025 02:44:42.473] [Netty Epoll Server IO #1/DEBUG] [net.minecraftforge.network.LoginWrapper/FMLHANDSHAKE]: Recieved login wrapper packet event for channel fml:handshake with index 14
[16Oct2025 02:44:42.473] [Netty Epoll Server IO #1/DEBUG] [net.minecraftforge.network.HandshakeHandler/FMLHANDSHAKE]: Received client indexed reply 14 of type net.minecraftforge.network.HandshakeMessages$C2SAcknowledge
[16Oct2025 02:44:42.473] [Netty Epoll Server IO #1/DEBUG] [net.minecraftforge.network.HandshakeHandler/FMLHANDSHAKE]: Received acknowledgement from client
[16Oct2025 02:44:42.496] [Server thread/DEBUG] [net.minecraftforge.network.HandshakeHandler/FMLHANDSHAKE]: Sending ticking packet info 'Registry minecraft:enchantment' to 'fml:handshake' sequence 18
[16Oct2025 02:44:42.504] [Netty Epoll Server IO #1/DEBUG] [net.minecraftforge.network.LoginWrapper/FMLHANDSHAKE]: Recieved login wrapper packet event for channel fml:handshake with index 15
[16Oct2025 02:44:42.505] [Netty Epoll Server IO #1/DEBUG] [net.minecraftforge.network.HandshakeHandler/FMLHANDSHAKE]: Received client indexed reply 15 of type net.minecraftforge.network.HandshakeMessages$C2SAcknowledge
[16Oct2025 02:44:42.505] [Netty Epoll Server IO #1/DEBUG] [net.minecraftforge.network.HandshakeHandler/FMLHANDSHAKE]: Received acknowledgement from client
[16Oct2025 02:44:42.526] [Netty Epoll Server IO #1/DEBUG] [net.minecraftforge.network.LoginWrapper/FMLHANDSHAKE]: Recieved login wrapper packet event for channel fml:handshake with index 16
[16Oct2025 02:44:42.527] [Netty Epoll Server IO #1/DEBUG] [net.minecraftforge.network.HandshakeHandler/FMLHANDSHAKE]: Received client indexed reply 16 of type net.minecraftforge.network.HandshakeMessages$C2SAcknowledge
[16Oct2025 02:44:42.527] [Netty Epoll Server IO #1/DEBUG] [net.minecraftforge.network.HandshakeHandler/FMLHANDSHAKE]: Received acknowledgement from client
[16Oct2025 02:44:42.541] [Server thread/DEBUG] [net.minecraftforge.network.HandshakeHandler/FMLHANDSHAKE]: Sending ticking packet info 'Registry minecraft:fluid' to 'fml:handshake' sequence 19
[16Oct2025 02:44:42.578] [Netty Epoll Server IO #1/DEBUG] [net.minecraftforge.network.LoginWrapper/FMLHANDSHAKE]: Recieved login wrapper packet event for channel fml:handshake with index 17
[16Oct2025 02:44:42.578] [Netty Epoll Server IO #1/DEBUG] [net.minecraftforge.network.HandshakeHandler/FMLHANDSHAKE]: Received client indexed reply 17 of type net.minecraftforge.network.HandshakeMessages$C2SAcknowledge
[16Oct2025 02:44:42.578] [Netty Epoll Server IO #1/DEBUG] [net.minecraftforge.network.HandshakeHandler/FMLHANDSHAKE]: Received acknowledgement from client
[16Oct2025 02:44:42.594] [Server thread/DEBUG] [net.minecraftforge.network.HandshakeHandler/FMLHANDSHAKE]: Sending ticking packet info 'Registry minecraft:entity_type' to 'fml:handshake' sequence 20
[16Oct2025 02:44:42.632] [Netty Epoll Server IO #1/DEBUG] [net.minecraftforge.network.LoginWrapper/FMLHANDSHAKE]: Recieved login wrapper packet event for channel fml:handshake with index 18
[16Oct2025 02:44:42.632] [Netty Epoll Server IO #1/DEBUG] [net.minecraftforge.network.HandshakeHandler/FMLHANDSHAKE]: Received client indexed reply 18 of type net.minecraftforge.network.HandshakeMessages$C2SAcknowledge
[16Oct2025 02:44:42.632] [Netty Epoll Server IO #1/DEBUG] [net.minecraftforge.network.HandshakeHandler/FMLHANDSHAKE]: Received acknowledgement from client
[16Oct2025 02:44:42.640] [Server thread/DEBUG] [net.minecraftforge.network.HandshakeHandler/FMLHANDSHAKE]: Sending ticking packet info 'Config securitycraft-server.toml' to 'fml:handshake' sequence 21
[16Oct2025 02:44:42.679] [Netty Epoll Server IO #1/DEBUG] [net.minecraftforge.network.LoginWrapper/FMLHANDSHAKE]: Recieved login wrapper packet event for channel fml:handshake with index 19
[16Oct2025 02:44:42.679] [Netty Epoll Server IO #1/DEBUG] [net.minecraftforge.network.HandshakeHandler/FMLHANDSHAKE]: Received client indexed reply 19 of type net.minecraftforge.network.HandshakeMessages$C2SAcknowledge
[16Oct2025 02:44:42.679] [Netty Epoll Server IO #1/DEBUG] [net.minecraftforge.network.HandshakeHandler/FMLHANDSHAKE]: Received acknowledgement from client
[16Oct2025 02:44:42.689] [Server thread/DEBUG] [net.minecraftforge.network.HandshakeHandler/FMLHANDSHAKE]: Sending ticking packet info 'Config journeymap-server.toml' to 'fml:handshake' sequence 22
[16Oct2025 02:44:42.742] [Server thread/DEBUG] [net.minecraftforge.network.HandshakeHandler/FMLHANDSHAKE]: Sending ticking packet info 'Config curios-server.toml' to 'fml:handshake' sequence 23
[16Oct2025 02:44:42.790] [Server thread/DEBUG] [net.minecraftforge.network.HandshakeHandler/FMLHANDSHAKE]: Sending ticking packet info 'Config paraglider-server.toml' to 'fml:handshake' sequence 24
[16Oct2025 02:44:42.840] [Server thread/DEBUG] [net.minecraftforge.network.HandshakeHandler/FMLHANDSHAKE]: Sending ticking packet info 'Config jei-server.toml' to 'fml:handshake' sequence 25
[16Oct2025 02:44:42.890] [Server thread/DEBUG] [net.minecraftforge.network.HandshakeHandler/FMLHANDSHAKE]: Sending ticking packet info 'Config forge-server.toml' to 'fml:handshake' sequence 26
[16Oct2025 02:44:43.571] [Netty Epoll Server IO #1/DEBUG] [net.minecraftforge.network.LoginWrapper/FMLHANDSHAKE]: Recieved login wrapper packet event for channel fml:handshake with index 20
[16Oct2025 02:44:43.571] [Netty Epoll Server IO #1/DEBUG] [net.minecraftforge.network.HandshakeHandler/FMLHANDSHAKE]: Received client indexed reply 20 of type net.minecraftforge.network.HandshakeMessages$C2SAcknowledge
[16Oct2025 02:44:43.571] [Netty Epoll Server IO #1/DEBUG] [net.minecraftforge.network.HandshakeHandler/FMLHANDSHAKE]: Received acknowledgement from client
[16Oct2025 02:44:43.572] [Netty Epoll Server IO #1/DEBUG] [net.minecraftforge.network.LoginWrapper/FMLHANDSHAKE]: Recieved login wrapper packet event for channel fml:handshake with index 21
[16Oct2025 02:44:43.572] [Netty Epoll Server IO #1/DEBUG] [net.minecraftforge.network.HandshakeHandler/FMLHANDSHAKE]: Received client indexed reply 21 of type net.minecraftforge.network.HandshakeMessages$C2SAcknowledge
[16Oct2025 02:44:43.572] [Netty Epoll Server IO #1/DEBUG] [net.minecraftforge.network.HandshakeHandler/FMLHANDSHAKE]: Received acknowledgement from client
[16Oct2025 02:44:43.573] [Netty Epoll Server IO #1/DEBUG] [net.minecraftforge.network.LoginWrapper/FMLHANDSHAKE]: Recieved login wrapper packet event for channel fml:handshake with index 22
[16Oct2025 02:44:43.573] [Netty Epoll Server IO #1/DEBUG] [net.minecraftforge.network.HandshakeHandler/FMLHANDSHAKE]: Received client indexed reply 22 of type net.minecraftforge.network.HandshakeMessages$C2SAcknowledge
[16Oct2025 02:44:43.573] [Netty Epoll Server IO #1/DEBUG] [net.minecraftforge.network.HandshakeHandler/FMLHANDSHAKE]: Received acknowledgement from client
[16Oct2025 02:44:43.573] [Netty Epoll Server IO #1/DEBUG] [net.minecraftforge.network.LoginWrapper/FMLHANDSHAKE]: Recieved login wrapper packet event for channel fml:handshake with index 23
[16Oct2025 02:44:43.573] [Netty Epoll Server IO #1/DEBUG] [net.minecraftforge.network.HandshakeHandler/FMLHANDSHAKE]: Received client indexed reply 23 of type net.minecraftforge.network.HandshakeMessages$C2SAcknowledge
[16Oct2025 02:44:43.573] [Netty Epoll Server IO #1/DEBUG] [net.minecraftforge.network.HandshakeHandler/FMLHANDSHAKE]: Received acknowledgement from client
[16Oct2025 02:44:43.574] [Netty Epoll Server IO #1/DEBUG] [net.minecraftforge.network.LoginWrapper/FMLHANDSHAKE]: Recieved login wrapper packet event for channel fml:handshake with index 24
[16Oct2025 02:44:43.574] [Netty Epoll Server IO #1/DEBUG] [net.minecraftforge.network.HandshakeHandler/FMLHANDSHAKE]: Received client indexed reply 24 of type net.minecraftforge.network.HandshakeMessages$C2SAcknowledge
[16Oct2025 02:44:43.574] [Netty Epoll Server IO #1/DEBUG] [net.minecraftforge.network.HandshakeHandler/FMLHANDSHAKE]: Received acknowledgement from client
[16Oct2025 02:44:43.574] [Netty Epoll Server IO #1/DEBUG] [net.minecraftforge.network.LoginWrapper/FMLHANDSHAKE]: Recieved login wrapper packet event for channel fml:handshake with index 25
[16Oct2025 02:44:43.574] [Netty Epoll Server IO #1/DEBUG] [net.minecraftforge.network.HandshakeHandler/FMLHANDSHAKE]: Received client indexed reply 25 of type net.minecraftforge.network.HandshakeMessages$C2SAcknowledge
[16Oct2025 02:44:43.574] [Netty Epoll Server IO #1/DEBUG] [net.minecraftforge.network.HandshakeHandler/FMLHANDSHAKE]: Received acknowledgement from client
[16Oct2025 02:44:43.576] [Netty Epoll Server IO #1/DEBUG] [net.minecraftforge.network.LoginWrapper/FMLHANDSHAKE]: Recieved login wrapper packet event for channel fml:handshake with index 26
[16Oct2025 02:44:43.576] [Netty Epoll Server IO #1/DEBUG] [net.minecraftforge.network.HandshakeHandler/FMLHANDSHAKE]: Received client indexed reply 26 of type net.minecraftforge.network.HandshakeMessages$C2SAcknowledge
[16Oct2025 02:44:43.576] [Netty Epoll Server IO #1/DEBUG] [net.minecraftforge.network.HandshakeHandler/FMLHANDSHAKE]: Received acknowledgement from client
[16Oct2025 02:44:43.590] [Server thread/DEBUG] [net.minecraftforge.network.HandshakeHandler/FMLHANDSHAKE]: Handshake complete!
[16Oct2025 02:44:43.899] [Server thread/INFO] [net.minecraft.server.players.PlayerList/]: JNewHunter[/127.6.239.152:34633] logged in with entity id 46 at (388.69999998807907, 6.0, -1281.714320283263)
[16Oct2025 02:44:43.914] [Server thread/DEBUG] [net.minecraftforge.network.filters.NetworkFilters/]: Injected net.minecraftforge.network.filters.ForgeConnectionNetworkFilter@6137a1e0 into net.minecraft.network.Connection@35ce2672
[16Oct2025 02:44:43.916] [Server thread/DEBUG] [Paraglider/]: Start adding village structures
[16Oct2025 02:44:43.916] [Server thread/DEBUG] [Paraglider/]: Added 2 elements to template pool 'minecraft:village/desert/houses'
[16Oct2025 02:44:43.916] [Server thread/DEBUG] [Paraglider/]: Added 2 elements to template pool 'minecraft:village/plains/houses'
[16Oct2025 02:44:43.916] [Server thread/DEBUG] [Paraglider/]: Added 2 elements to template pool 'minecraft:village/savanna/houses'
[16Oct2025 02:44:43.920] [Server thread/DEBUG] [Paraglider/]: Added 1 elements to template pool 'minecraft:village/snowy/houses'
[16Oct2025 02:44:43.921] [Server thread/DEBUG] [Paraglider/]: Added 2 elements to template pool 'minecraft:village/taiga/houses'
[16Oct2025 02:44:43.921] [Server thread/DEBUG] [Paraglider/]: Finished adding village structures
[16Oct2025 02:44:43.978] [Server thread/INFO] [net.minecraft.server.MinecraftServer/]: JNewHunter joined the game
[16Oct2025 02:44:47.233] [Server thread/WARN] [net.minecraft.server.MinecraftServer/]: Can't keep up! Is the server overloaded? Running 3497ms or 69 ticks behind
[16Oct2025 02:44:47.261] [Netty Epoll Server IO #3/DEBUG] [net.minecraftforge.network.HandshakeHandler/FMLHANDSHAKE]: Starting new modded impl connection. Found 27 messages to dispatch.
[16Oct2025 02:44:47.266] [Server thread/DEBUG] [net.minecraftforge.network.HandshakeHandler/FMLHANDSHAKE]: Sending ticking packet info 'net.minecraftforge.network.HandshakeMessages$S2CModData' to 'fml:handshake' sequence 0
[16Oct2025 02:44:47.289] [Server thread/DEBUG] [net.minecraftforge.network.HandshakeHandler/FMLHANDSHAKE]: Sending ticking packet info 'net.minecraftforge.network.HandshakeMessages$S2CModList' to 'fml:handshake' sequence 1
[16Oct2025 02:44:47.303] [Server thread/DEBUG] [net.minecraftforge.network.HandshakeHandler/FMLHANDSHAKE]: Sending ticking packet info 'Registry minecraft:command_argument_type' to 'fml:handshake' sequence 2
[16Oct2025 02:44:47.416] [Server thread/DEBUG] [net.minecraftforge.network.HandshakeHandler/FMLHANDSHAKE]: Sending ticking packet info 'Registry minecraft:recipe_serializer' to 'fml:handshake' sequence 3
[16Oct2025 02:44:47.430] [Netty Epoll Server IO #3/DEBUG] [net.minecraftforge.network.LoginWrapper/FMLHANDSHAKE]: Recieved login wrapper packet event for channel fml:handshake with index 1
[16Oct2025 02:44:47.430] [Netty Epoll Server IO #3/DEBUG] [net.minecraftforge.network.HandshakeHandler/FMLHANDSHAKE]: Received client indexed reply 1 of type net.minecraftforge.network.HandshakeMessages$C2SModListReply
[16Oct2025 02:44:47.430] [Netty Epoll Server IO #3/DEBUG] [net.minecraftforge.network.HandshakeHandler/FMLHANDSHAKE]: Received client connection with modlist [luminous_beasts, geckolib, playeranimator, ancore, jei, libraryferret, gnumus, companions, fragmentum, journeymap, citadel, myserveriscompatible, knightlib, relics, iceandfire, azurelib, paraglider, cloth_config, forge, structure_gel, minecraft, ancient_scribes, lowlands_clothing, more_critters, monsterexpansion, moonlight, block_factorys_bosses, bettercombat, combatroll, obscure_tooltips, rpg_backpacks, creativecore, born_in_chaos_v1, faz_roleplay_plus, dungeons_enhanced, curios, securitycraft, legendarycreatures, architectury, octolib, aquaculture, goblins_tyranny, realmrpg_quests, playerrevive, experienced_crops]
[16Oct2025 02:44:47.430] [Netty Epoll Server IO #3/DEBUG] [net.minecraftforge.network.NetworkRegistry/NETREGISTRY]: Channel 'block_factorys_bosses:block_factorys_bosses' : Version test of '1' from client : ACCEPTED
[16Oct2025 02:44:47.430] [Netty Epoll Server IO #3/DEBUG] [net.minecraftforge.network.NetworkRegistry/NETREGISTRY]: Channel 'architectury:network' : Version test of '1' from client : ACCEPTED
[16Oct2025 02:44:47.430] [Netty Epoll Server IO #3/DEBUG] [net.minecraftforge.network.NetworkRegistry/NETREGISTRY]: Channel 'structure_gel:main' : Version test of '7' from client : ACCEPTED
[16Oct2025 02:44:47.430] [Netty Epoll Server IO #3/DEBUG] [net.minecraftforge.network.NetworkRegistry/NETREGISTRY]: Channel 'jei:channel' : Version test of '1.0.0' from client : ACCEPTED
[16Oct2025 02:44:47.430] [Netty Epoll Server IO #3/DEBUG] [net.minecraftforge.network.NetworkRegistry/NETREGISTRY]: Channel 'luminous_beasts:luminous_beasts' : Version test of '1' from client : ACCEPTED
[16Oct2025 02:44:47.430] [Netty Epoll Server IO #3/DEBUG] [net.minecraftforge.network.NetworkRegistry/NETREGISTRY]: Channel 'minecraft:unregister' : Version test of 'FML3' from client : ACCEPTED
[16Oct2025 02:44:47.430] [Netty Epoll Server IO #3/DEBUG] [net.minecraftforge.network.NetworkRegistry/NETREGISTRY]: Channel 'citadel:main_channel' : Version test of '1' from client : ACCEPTED
[16Oct2025 02:44:47.430] [Netty Epoll Server IO #3/DEBUG] [net.minecraftforge.network.NetworkRegistry/NETREGISTRY]: Channel 'securitycraft:securitycraft' : Version test of 'v1.10.0.1' from client : ACCEPTED
[16Oct2025 02:44:47.431] [Netty Epoll Server IO #3/DEBUG] [net.minecraftforge.network.NetworkRegistry/NETREGISTRY]: Channel 'iceandfire:main_channel' : Version test of '1' from client : ACCEPTED
[16Oct2025 02:44:47.431] [Netty Epoll Server IO #3/DEBUG] [net.minecraftforge.network.NetworkRegistry/NETREGISTRY]: Channel 'born_in_chaos_v1:born_in_chaos_v1' : Version test of '1' from client : ACCEPTED
[16Oct2025 02:44:47.431] [Netty Epoll Server IO #3/DEBUG] [net.minecraftforge.network.NetworkRegistry/NETREGISTRY]: Channel 'azurelib:main' : Version test of '1' from client : ACCEPTED
[16Oct2025 02:44:47.431] [Netty Epoll Server IO #3/DEBUG] [net.minecraftforge.network.NetworkRegistry/NETREGISTRY]: Channel 'journeymap:version' : Version test of '1' from client : ACCEPTED
[16Oct2025 02:44:47.431] [Netty Epoll Server IO #3/DEBUG] [net.minecraftforge.network.NetworkRegistry/NETREGISTRY]: Channel 'azurelib:network_channel' : Version test of '2.0.0' from client : ACCEPTED
[16Oct2025 02:44:47.431] [Netty Epoll Server IO #3/DEBUG] [net.minecraftforge.network.NetworkRegistry/NETREGISTRY]: Channel 'curios:main' : Version test of '1' from client : ACCEPTED
[16Oct2025 02:44:47.431] [Netty Epoll Server IO #3/DEBUG] [net.minecraftforge.network.NetworkRegistry/NETREGISTRY]: Channel 'worldinfo:world_id' : Version test of '1' from client : ACCEPTED
[16Oct2025 02:44:47.431] [Netty Epoll Server IO #3/DEBUG] [net.minecraftforge.network.NetworkRegistry/NETREGISTRY]: Channel 'ancore:ancore' : Version test of '1' from client : ACCEPTED
[16Oct2025 02:44:47.431] [Netty Epoll Server IO #3/DEBUG] [net.minecraftforge.network.NetworkRegistry/NETREGISTRY]: Channel 'journeymap:admin_req' : Version test of '1' from client : ACCEPTED
[16Oct2025 02:44:47.431] [Netty Epoll Server IO #3/DEBUG] [net.minecraftforge.network.NetworkRegistry/NETREGISTRY]: Channel 'rpg_backpacks:rpg_backpacks' : Version test of '1' from client : ACCEPTED
[16Oct2025 02:44:47.431] [Netty Epoll Server IO #3/DEBUG] [net.minecraftforge.network.NetworkRegistry/NETREGISTRY]: Channel 'journeymap:mp_options_req' : Version test of '1' from client : ACCEPTED
[16Oct2025 02:44:47.431] [Netty Epoll Server IO #3/DEBUG] [net.minecraftforge.network.NetworkRegistry/NETREGISTRY]: Channel 'journeymap:waypoint' : Version test of '1' from client : ACCEPTED
[16Oct2025 02:44:47.431] [Netty Epoll Server IO #3/DEBUG] [net.minecraftforge.network.NetworkRegistry/NETREGISTRY]: Channel 'fml:loginwrapper' : Version test of 'FML3' from client : ACCEPTED
[16Oct2025 02:44:47.431] [Netty Epoll Server IO #3/DEBUG] [net.minecraftforge.network.NetworkRegistry/NETREGISTRY]: Channel 'forge:tier_sorting' : Version test of '1.0' from client : ACCEPTED
[16Oct2025 02:44:47.431] [Netty Epoll Server IO #3/DEBUG] [net.minecraftforge.network.NetworkRegistry/NETREGISTRY]: Channel 'gnumus:gnumus' : Version test of '1' from client : ACCEPTED
[16Oct2025 02:44:47.431] [Netty Epoll Server IO #3/DEBUG] [net.minecraftforge.network.NetworkRegistry/NETREGISTRY]: Channel 'bettercombat:network' : Version test of '1.0' from client : ACCEPTED
[16Oct2025 02:44:47.431] [Netty Epoll Server IO #3/DEBUG] [net.minecraftforge.network.NetworkRegistry/NETREGISTRY]: Channel 'realmrpg_quests:realmrpg_quests' : Version test of '1' from client : ACCEPTED
[16Oct2025 02:44:47.431] [Netty Epoll Server IO #3/DEBUG] [net.minecraftforge.network.NetworkRegistry/NETREGISTRY]: Channel 'faz_roleplay_plus:faz_roleplay_plus' : Version test of '1' from client : ACCEPTED
[16Oct2025 02:44:47.431] [Netty Epoll Server IO #3/DEBUG] [net.minecraftforge.network.NetworkRegistry/NETREGISTRY]: Channel 'playerrevive:main' : Version test of '1' from client : ACCEPTED
[16Oct2025 02:44:47.431] [Netty Epoll Server IO #3/DEBUG] [net.minecraftforge.network.NetworkRegistry/NETREGISTRY]: Channel 'relics:network' : Version test of '1.0' from client : ACCEPTED
[16Oct2025 02:44:47.431] [Netty Epoll Server IO #3/DEBUG] [net.minecraftforge.network.NetworkRegistry/NETREGISTRY]: Channel 'goblins_tyranny:goblins_tyranny' : Version test of '1' from client : ACCEPTED
[16Oct2025 02:44:47.431] [Netty Epoll Server IO #3/DEBUG] [net.minecraftforge.network.NetworkRegistry/NETREGISTRY]: Channel 'paraglider:master' : Version test of '2.0' from client : ACCEPTED
[16Oct2025 02:44:47.431] [Netty Epoll Server IO #3/DEBUG] [net.minecraftforge.network.NetworkRegistry/NETREGISTRY]: Channel 'fml:play' : Version test of 'FML3' from client : ACCEPTED
[16Oct2025 02:44:47.431] [Netty Epoll Server IO #3/DEBUG] [net.minecraftforge.network.NetworkRegistry/NETREGISTRY]: Channel 'ancient_scribes:ancient_scribes' : Version test of '1' from client : ACCEPTED
[16Oct2025 02:44:47.431] [Netty Epoll Server IO #3/DEBUG] [net.minecraftforge.network.NetworkRegistry/NETREGISTRY]: Channel 'more_critters:more_critters' : Version test of '1' from client : ACCEPTED
[16Oct2025 02:44:47.431] [Netty Epoll Server IO #3/DEBUG] [net.minecraftforge.network.NetworkRegistry/NETREGISTRY]: Channel 'journeymap:player_loc' : Version test of '1' from client : ACCEPTED
[16Oct2025 02:44:47.431] [Netty Epoll Server IO #3/DEBUG] [net.minecraftforge.network.NetworkRegistry/NETREGISTRY]: Channel 'journeymap:admin_save' : Version test of '1' from client : ACCEPTED
[16Oct2025 02:44:47.431] [Netty Epoll Server IO #3/DEBUG] [net.minecraftforge.network.NetworkRegistry/NETREGISTRY]: Channel 'creativecore:main' : Version test of '1' from client : ACCEPTED
[16Oct2025 02:44:47.431] [Netty Epoll Server IO #3/DEBUG] [net.minecraftforge.network.NetworkRegistry/NETREGISTRY]: Channel 'lowlands_clothing:lowlands_clothing' : Version test of '1' from client : ACCEPTED
[16Oct2025 02:44:47.434] [Netty Epoll Server IO #3/DEBUG] [net.minecraftforge.network.NetworkRegistry/NETREGISTRY]: Channel 'monsterexpansion:main' : Version test of '1.0' from client : ACCEPTED
[16Oct2025 02:44:47.434] [Netty Epoll Server IO #3/DEBUG] [net.minecraftforge.network.NetworkRegistry/NETREGISTRY]: Channel 'journeymap:teleport_req' : Version test of '1' from client : ACCEPTED
[16Oct2025 02:44:47.434] [Netty Epoll Server IO #3/DEBUG] [net.minecraftforge.network.NetworkRegistry/NETREGISTRY]: Channel 'fml:handshake' : Version test of 'FML3' from client : ACCEPTED
[16Oct2025 02:44:47.434] [Netty Epoll Server IO #3/DEBUG] [net.minecraftforge.network.NetworkRegistry/NETREGISTRY]: Channel 'combatroll:network' : Version test of '1.0' from client : ACCEPTED
[16Oct2025 02:44:47.434] [Netty Epoll Server IO #3/DEBUG] [net.minecraftforge.network.NetworkRegistry/NETREGISTRY]: Channel 'journeymap:common' : Version test of '1' from client : ACCEPTED
[16Oct2025 02:44:47.435] [Netty Epoll Server IO #3/DEBUG] [net.minecraftforge.network.NetworkRegistry/NETREGISTRY]: Channel 'minecraft:register' : Version test of 'FML3' from client : ACCEPTED
[16Oct2025 02:44:47.435] [Netty Epoll Server IO #3/DEBUG] [net.minecraftforge.network.NetworkRegistry/NETREGISTRY]: Channel 'forge:split' : Version test of '1.1' from client : ACCEPTED
[16Oct2025 02:44:47.435] [Netty Epoll Server IO #3/DEBUG] [net.minecraftforge.network.NetworkRegistry/NETREGISTRY]: Channel 'journeymap:perm_req' : Version test of '1' from client : ACCEPTED
[16Oct2025 02:44:47.435] [Netty Epoll Server IO #3/DEBUG] [net.minecraftforge.network.NetworkRegistry/NETREGISTRY]: Channel 'geckolib:main' : Version test of '1' from client : ACCEPTED
[16Oct2025 02:44:47.435] [Netty Epoll Server IO #3/DEBUG] [net.minecraftforge.network.NetworkRegistry/NETREGISTRY]: Channel 'moonlight:channel' : Version test of '0' from client : ACCEPTED
[16Oct2025 02:44:47.436] [Netty Epoll Server IO #3/DEBUG] [net.minecraftforge.network.NetworkRegistry/NETREGISTRY]: Accepting channel list from client
[16Oct2025 02:44:47.436] [Netty Epoll Server IO #3/DEBUG] [net.minecraftforge.network.HandshakeHandler/FMLHANDSHAKE]: Accepted client connection mod list
[16Oct2025 02:44:47.438] [Netty Epoll Server IO #3/DEBUG] [net.minecraftforge.network.LoginWrapper/FMLHANDSHAKE]: Recieved login wrapper packet event for channel fml:handshake with index 2
[16Oct2025 02:44:47.439] [Netty Epoll Server IO #3/DEBUG] [net.minecraftforge.network.HandshakeHandler/FMLHANDSHAKE]: Received client indexed reply 2 of type net.minecraftforge.network.HandshakeMessages$C2SAcknowledge
[16Oct2025 02:44:47.439] [Netty Epoll Server IO #3/DEBUG] [net.minecraftforge.network.HandshakeHandler/FMLHANDSHAKE]: Received acknowledgement from client
[16Oct2025 02:44:47.440] [Server thread/DEBUG] [net.minecraftforge.network.HandshakeHandler/FMLHANDSHAKE]: Sending ticking packet info 'Registry minecraft:sound_event' to 'fml:handshake' sequence 4
[16Oct2025 02:44:47.458] [Server thread/DEBUG] [net.minecraftforge.network.HandshakeHandler/FMLHANDSHAKE]: Sending ticking packet info 'Registry minecraft:particle_type' to 'fml:handshake' sequence 5
[16Oct2025 02:44:47.549] [Netty Epoll Server IO #3/DEBUG] [net.minecraftforge.network.LoginWrapper/FMLHANDSHAKE]: Recieved login wrapper packet event for channel fml:handshake with index 3
[16Oct2025 02:44:47.549] [Netty Epoll Server IO #3/DEBUG] [net.minecraftforge.network.HandshakeHandler/FMLHANDSHAKE]: Received client indexed reply 3 of type net.minecraftforge.network.HandshakeMessages$C2SAcknowledge
[16Oct2025 02:44:47.550] [Netty Epoll Server IO #3/DEBUG] [net.minecraftforge.network.HandshakeHandler/FMLHANDSHAKE]: Received acknowledgement from client
[16Oct2025 02:44:47.550] [Server thread/DEBUG] [net.minecraftforge.network.HandshakeHandler/FMLHANDSHAKE]: Sending ticking packet info 'Registry minecraft:villager_profession' to 'fml:handshake' sequence 6
[16Oct2025 02:44:47.576] [Server thread/DEBUG] [net.minecraftforge.network.HandshakeHandler/FMLHANDSHAKE]: Sending ticking packet info 'Registry minecraft:item' to 'fml:handshake' sequence 7
[16Oct2025 02:44:47.658] [Server thread/DEBUG] [net.minecraftforge.network.HandshakeHandler/FMLHANDSHAKE]: Sending ticking packet info 'Registry minecraft:potion' to 'fml:handshake' sequence 8
[16Oct2025 02:44:47.711] [Server thread/DEBUG] [net.minecraftforge.network.HandshakeHandler/FMLHANDSHAKE]: Sending ticking packet info 'Registry minecraft:painting_variant' to 'fml:handshake' sequence 9
[16Oct2025 02:44:47.738] [Server thread/DEBUG] [io.netty.util.internal.ThreadLocalRandom/]: -Dio.netty.initialSeedUniquifier: 0x4f3774f76b777570
[16Oct2025 02:44:47.761] [Server thread/DEBUG] [net.minecraftforge.network.HandshakeHandler/FMLHANDSHAKE]: Sending ticking packet info 'Registry forge:fluid_type' to 'fml:handshake' sequence 10
[16Oct2025 02:44:47.803] [Server thread/DEBUG] [net.minecraftforge.network.HandshakeHandler/FMLHANDSHAKE]: Sending ticking packet info 'Registry minecraft:block_entity_type' to 'fml:handshake' sequence 11
[16Oct2025 02:44:47.853] [Netty Epoll Server IO #3/DEBUG] [net.minecraftforge.network.LoginWrapper/FMLHANDSHAKE]: Recieved login wrapper packet event for channel fml:handshake with index 4
[16Oct2025 02:44:47.853] [Netty Epoll Server IO #3/DEBUG] [net.minecraftforge.network.HandshakeHandler/FMLHANDSHAKE]: Received client indexed reply 4 of type net.minecraftforge.network.HandshakeMessages$C2SAcknowledge
[16Oct2025 02:44:47.853] [Netty Epoll Server IO #3/DEBUG] [net.minecraftforge.network.HandshakeHandler/FMLHANDSHAKE]: Received acknowledgement from client
[16Oct2025 02:44:47.854] [Netty Epoll Server IO #3/DEBUG] [net.minecraftforge.network.LoginWrapper/FMLHANDSHAKE]: Recieved login wrapper packet event for channel fml:handshake with index 5
[16Oct2025 02:44:47.854] [Netty Epoll Server IO #3/DEBUG] [net.minecraftforge.network.HandshakeHandler/FMLHANDSHAKE]: Received client indexed reply 5 of type net.minecraftforge.network.HandshakeMessages$C2SAcknowledge
[16Oct2025 02:44:47.854] [Netty Epoll Server IO #3/DEBUG] [net.minecraftforge.network.HandshakeHandler/FMLHANDSHAKE]: Received acknowledgement from client
[16Oct2025 02:44:47.854] [Netty Epoll Server IO #3/DEBUG] [net.minecraftforge.network.LoginWrapper/FMLHANDSHAKE]: Recieved login wrapper packet event for channel fml:handshake with index 6
[16Oct2025 02:44:47.854] [Netty Epoll Server IO #3/DEBUG] [net.minecraftforge.network.HandshakeHandler/FMLHANDSHAKE]: Received client indexed reply 6 of type net.minecraftforge.network.HandshakeMessages$C2SAcknowledge
[16Oct2025 02:44:47.855] [Netty Epoll Server IO #3/DEBUG] [net.minecraftforge.network.HandshakeHandler/FMLHANDSHAKE]: Received acknowledgement from client
[16Oct2025 02:44:47.898] [Server thread/DEBUG] [net.minecraftforge.network.HandshakeHandler/FMLHANDSHAKE]: Sending ticking packet info 'Registry forge:display_contexts' to 'fml:handshake' sequence 12
[16Oct2025 02:44:47.921] [Server thread/DEBUG] [net.minecraftforge.network.HandshakeHandler/FMLHANDSHAKE]: Sending ticking packet info 'Registry minecraft:block' to 'fml:handshake' sequence 13
[16Oct2025 02:44:47.952] [Server thread/DEBUG] [net.minecraftforge.network.HandshakeHandler/FMLHANDSHAKE]: Sending ticking packet info 'Registry forge:entity_data_serializers' to 'fml:handshake' sequence 14
[16Oct2025 02:44:47.989] [Netty Epoll Server IO #3/DEBUG] [net.minecraftforge.network.LoginWrapper/FMLHANDSHAKE]: Recieved login wrapper packet event for channel fml:handshake with index 7
[16Oct2025 02:44:47.989] [Netty Epoll Server IO #3/DEBUG] [net.minecraftforge.network.HandshakeHandler/FMLHANDSHAKE]: Received client indexed reply 7 of type net.minecraftforge.network.HandshakeMessages$C2SAcknowledge
[16Oct2025 02:44:47.989] [Netty Epoll Server IO #3/DEBUG] [net.minecraftforge.network.HandshakeHandler/FMLHANDSHAKE]: Received acknowledgement from client
[16Oct2025 02:44:47.990] [Netty Epoll Server IO #3/DEBUG] [net.minecraftforge.network.LoginWrapper/FMLHANDSHAKE]: Recieved login wrapper packet event for channel fml:handshake with index 8
[16Oct2025 02:44:47.990] [Netty Epoll Server IO #3/DEBUG] [net.minecraftforge.network.HandshakeHandler/FMLHANDSHAKE]: Received client indexed reply 8 of type net.minecraftforge.network.HandshakeMessages$C2SAcknowledge
[16Oct2025 02:44:47.990] [Netty Epoll Server IO #3/DEBUG] [net.minecraftforge.network.HandshakeHandler/FMLHANDSHAKE]: Received acknowledgement from client
[16Oct2025 02:44:47.990] [Netty Epoll Server IO #3/DEBUG] [net.minecraftforge.network.LoginWrapper/FMLHANDSHAKE]: Recieved login wrapper packet event for channel fml:handshake with index 9
[16Oct2025 02:44:47.991] [Netty Epoll Server IO #3/DEBUG] [net.minecraftforge.network.HandshakeHandler/FMLHANDSHAKE]: Received client indexed reply 9 of type net.minecraftforge.network.HandshakeMessages$C2SAcknowledge
[16Oct2025 02:44:47.991] [Netty Epoll Server IO #3/DEBUG] [net.minecraftforge.network.HandshakeHandler/FMLHANDSHAKE]: Received acknowledgement from client
[16Oct2025 02:44:47.991] [Netty Epoll Server IO #3/DEBUG] [net.minecraftforge.network.LoginWrapper/FMLHANDSHAKE]: Recieved login wrapper packet event for channel fml:handshake with index 10
[16Oct2025 02:44:47.991] [Netty Epoll Server IO #3/DEBUG] [net.minecraftforge.network.HandshakeHandler/FMLHANDSHAKE]: Received client indexed reply 10 of type net.minecraftforge.network.HandshakeMessages$C2SAcknowledge
[16Oct2025 02:44:47.991] [Netty Epoll Server IO #3/DEBUG] [net.minecraftforge.network.HandshakeHandler/FMLHANDSHAKE]: Received acknowledgement from client
[16Oct2025 02:44:47.991] [Netty Epoll Server IO #3/DEBUG] [net.minecraftforge.network.LoginWrapper/FMLHANDSHAKE]: Recieved login wrapper packet event for channel fml:handshake with index 11
[16Oct2025 02:44:47.991] [Netty Epoll Server IO #3/DEBUG] [net.minecraftforge.network.HandshakeHandler/FMLHANDSHAKE]: Received client indexed reply 11 of type net.minecraftforge.network.HandshakeMessages$C2SAcknowledge
[16Oct2025 02:44:47.991] [Netty Epoll Server IO #3/DEBUG] [net.minecraftforge.network.HandshakeHandler/FMLHANDSHAKE]: Received acknowledgement from client
[16Oct2025 02:44:48.011] [Server thread/DEBUG] [net.minecraftforge.network.HandshakeHandler/FMLHANDSHAKE]: Sending ticking packet info 'Registry minecraft:mob_effect' to 'fml:handshake' sequence 15
[16Oct2025 02:44:48.031] [Netty Epoll Server IO #3/DEBUG] [net.minecraftforge.network.LoginWrapper/FMLHANDSHAKE]: Recieved login wrapper packet event for channel fml:handshake with index 12
[16Oct2025 02:44:48.031] [Netty Epoll Server IO #3/DEBUG] [net.minecraftforge.network.HandshakeHandler/FMLHANDSHAKE]: Received client indexed reply 12 of type net.minecraftforge.network.HandshakeMessages$C2SAcknowledge
[16Oct2025 02:44:48.031] [Netty Epoll Server IO #3/DEBUG] [net.minecraftforge.network.HandshakeHandler/FMLHANDSHAKE]: Received acknowledgement from client
[16Oct2025 02:44:48.052] [Server thread/DEBUG] [net.minecraftforge.network.HandshakeHandler/FMLHANDSHAKE]: Sending ticking packet info 'Registry minecraft:stat_type' to 'fml:handshake' sequence 16
[16Oct2025 02:44:48.069] [Netty Epoll Server IO #3/DEBUG] [net.minecraftforge.network.LoginWrapper/FMLHANDSHAKE]: Recieved login wrapper packet event for channel fml:handshake with index 13
[16Oct2025 02:44:48.069] [Netty Epoll Server IO #3/DEBUG] [net.minecraftforge.network.HandshakeHandler/FMLHANDSHAKE]: Received client indexed reply 13 of type net.minecraftforge.network.HandshakeMessages$C2SAcknowledge
[16Oct2025 02:44:48.070] [Netty Epoll Server IO #3/DEBUG] [net.minecraftforge.network.HandshakeHandler/FMLHANDSHAKE]: Received acknowledgement from client
[16Oct2025 02:44:48.080] [Netty Epoll Server IO #3/DEBUG] [net.minecraftforge.network.LoginWrapper/FMLHANDSHAKE]: Recieved login wrapper packet event for channel fml:handshake with index 14
[16Oct2025 02:44:48.081] [Netty Epoll Server IO #3/DEBUG] [net.minecraftforge.network.HandshakeHandler/FMLHANDSHAKE]: Received client indexed reply 14 of type net.minecraftforge.network.HandshakeMessages$C2SAcknowledge
[16Oct2025 02:44:48.081] [Netty Epoll Server IO #3/DEBUG] [net.minecraftforge.network.HandshakeHandler/FMLHANDSHAKE]: Received acknowledgement from client
[16Oct2025 02:44:48.119] [Server thread/DEBUG] [net.minecraftforge.network.HandshakeHandler/FMLHANDSHAKE]: Sending ticking packet info 'Registry minecraft:menu' to 'fml:handshake' sequence 17
[16Oct2025 02:44:48.147] [Netty Epoll Server IO #3/DEBUG] [net.minecraftforge.network.LoginWrapper/FMLHANDSHAKE]: Recieved login wrapper packet event for channel fml:handshake with index 15
[16Oct2025 02:44:48.148] [Netty Epoll Server IO #3/DEBUG] [net.minecraftforge.network.HandshakeHandler/FMLHANDSHAKE]: Received client indexed reply 15 of type net.minecraftforge.network.HandshakeMessages$C2SAcknowledge
[16Oct2025 02:44:48.148] [Netty Epoll Server IO #3/DEBUG] [net.minecraftforge.network.HandshakeHandler/FMLHANDSHAKE]: Received acknowledgement from client
[16Oct2025 02:44:48.160] [Server thread/DEBUG] [net.minecraftforge.network.HandshakeHandler/FMLHANDSHAKE]: Sending ticking packet info 'Registry minecraft:enchantment' to 'fml:handshake' sequence 18
[16Oct2025 02:44:48.182] [Netty Epoll Server IO #3/DEBUG] [net.minecraftforge.network.LoginWrapper/FMLHANDSHAKE]: Recieved login wrapper packet event for channel fml:handshake with index 16
[16Oct2025 02:44:48.182] [Netty Epoll Server IO #3/DEBUG] [net.minecraftforge.network.HandshakeHandler/FMLHANDSHAKE]: Received client indexed reply 16 of type net.minecraftforge.network.HandshakeMessages$C2SAcknowledge
[16Oct2025 02:44:48.182] [Netty Epoll Server IO #3/DEBUG] [net.minecraftforge.network.HandshakeHandler/FMLHANDSHAKE]: Received acknowledgement from client
[16Oct2025 02:44:48.190] [Server thread/DEBUG] [net.minecraftforge.network.HandshakeHandler/FMLHANDSHAKE]: Sending ticking packet info 'Registry minecraft:fluid' to 'fml:handshake' sequence 19
[16Oct2025 02:44:48.214] [Server thread/DEBUG] [net.minecraftforge.network.HandshakeHandler/FMLHANDSHAKE]: Sending ticking packet info 'Registry minecraft:entity_type' to 'fml:handshake' sequence 20
[16Oct2025 02:44:48.248] [Netty Epoll Server IO #3/DEBUG] [net.minecraftforge.network.LoginWrapper/FMLHANDSHAKE]: Recieved login wrapper packet event for channel fml:handshake with index 17
[16Oct2025 02:44:48.249] [Netty Epoll Server IO #3/DEBUG] [net.minecraftforge.network.HandshakeHandler/FMLHANDSHAKE]: Received client indexed reply 17 of type net.minecraftforge.network.HandshakeMessages$C2SAcknowledge
[16Oct2025 02:44:48.249] [Netty Epoll Server IO #3/DEBUG] [net.minecraftforge.network.HandshakeHandler/FMLHANDSHAKE]: Received acknowledgement from client
[16Oct2025 02:44:48.292] [Netty Epoll Server IO #3/DEBUG] [net.minecraftforge.network.LoginWrapper/FMLHANDSHAKE]: Recieved login wrapper packet event for channel fml:handshake with index 18
[16Oct2025 02:44:48.292] [Netty Epoll Server IO #3/DEBUG] [net.minecraftforge.network.HandshakeHandler/FMLHANDSHAKE]: Received client indexed reply 18 of type net.minecraftforge.network.HandshakeMessages$C2SAcknowledge
[16Oct2025 02:44:48.293] [Netty Epoll Server IO #3/DEBUG] [net.minecraftforge.network.HandshakeHandler/FMLHANDSHAKE]: Received acknowledgement from client
[16Oct2025 02:44:48.319] [Netty Epoll Server IO #3/DEBUG] [net.minecraftforge.network.LoginWrapper/FMLHANDSHAKE]: Recieved login wrapper packet event for channel fml:handshake with index 19
[16Oct2025 02:44:48.319] [Netty Epoll Server IO #3/DEBUG] [net.minecraftforge.network.HandshakeHandler/FMLHANDSHAKE]: Received client indexed reply 19 of type net.minecraftforge.network.HandshakeMessages$C2SAcknowledge
[16Oct2025 02:44:48.320] [Netty Epoll Server IO #3/DEBUG] [net.minecraftforge.network.HandshakeHandler/FMLHANDSHAKE]: Received acknowledgement from client
[16Oct2025 02:44:48.323] [Server thread/DEBUG] [net.minecraftforge.network.HandshakeHandler/FMLHANDSHAKE]: Sending ticking packet info 'Config securitycraft-server.toml' to 'fml:handshake' sequence 21
[16Oct2025 02:44:48.358] [Server thread/DEBUG] [net.minecraftforge.network.HandshakeHandler/FMLHANDSHAKE]: Sending ticking packet info 'Config journeymap-server.toml' to 'fml:handshake' sequence 22
[16Oct2025 02:44:48.409] [Server thread/DEBUG] [net.minecraftforge.network.HandshakeHandler/FMLHANDSHAKE]: Sending ticking packet info 'Config curios-server.toml' to 'fml:handshake' sequence 23
[16Oct2025 02:44:48.454] [Server thread/DEBUG] [net.minecraftforge.network.HandshakeHandler/FMLHANDSHAKE]: Sending ticking packet info 'Config paraglider-server.toml' to 'fml:handshake' sequence 24
[16Oct2025 02:44:48.486] [Server thread/DEBUG] [net.minecraftforge.network.HandshakeHandler/FMLHANDSHAKE]: Sending ticking packet info 'Config jei-server.toml' to 'fml:handshake' sequence 25
[16Oct2025 02:44:48.515] [Server thread/DEBUG] [net.minecraftforge.network.HandshakeHandler/FMLHANDSHAKE]: Sending ticking packet info 'Config forge-server.toml' to 'fml:handshake' sequence 26
[16Oct2025 02:44:51.241] [Netty Epoll Server IO #3/DEBUG] [net.minecraftforge.network.LoginWrapper/FMLHANDSHAKE]: Recieved login wrapper packet event for channel fml:handshake with index 20
[16Oct2025 02:44:51.241] [Netty Epoll Server IO #3/DEBUG] [net.minecraftforge.network.HandshakeHandler/FMLHANDSHAKE]: Received client indexed reply 20 of type net.minecraftforge.network.HandshakeMessages$C2SAcknowledge
[16Oct2025 02:44:51.241] [Netty Epoll Server IO #3/DEBUG] [net.minecraftforge.network.HandshakeHandler/FMLHANDSHAKE]: Received acknowledgement from client
[16Oct2025 02:44:51.294] [Netty Epoll Server IO #3/DEBUG] [net.minecraftforge.network.LoginWrapper/FMLHANDSHAKE]: Recieved login wrapper packet event for channel fml:handshake with index 21
[16Oct2025 02:44:51.294] [Netty Epoll Server IO #3/DEBUG] [net.minecraftforge.network.HandshakeHandler/FMLHANDSHAKE]: Received client indexed reply 21 of type net.minecraftforge.network.HandshakeMessages$C2SAcknowledge
[16Oct2025 02:44:51.295] [Netty Epoll Server IO #3/DEBUG] [net.minecraftforge.network.HandshakeHandler/FMLHANDSHAKE]: Received acknowledgement from client
[16Oct2025 02:44:51.382] [Netty Epoll Server IO #3/DEBUG] [net.minecraftforge.network.LoginWrapper/FMLHANDSHAKE]: Recieved login wrapper packet event for channel fml:handshake with index 22
[16Oct2025 02:44:51.384] [Netty Epoll Server IO #3/DEBUG] [net.minecraftforge.network.HandshakeHandler/FMLHANDSHAKE]: Received client indexed reply 22 of type net.minecraftforge.network.HandshakeMessages$C2SAcknowledge
[16Oct2025 02:44:51.384] [Netty Epoll Server IO #3/DEBUG] [net.minecraftforge.network.HandshakeHandler/FMLHANDSHAKE]: Received acknowledgement from client
[16Oct2025 02:44:51.384] [Netty Epoll Server IO #3/DEBUG] [net.minecraftforge.network.LoginWrapper/FMLHANDSHAKE]: Recieved login wrapper packet event for channel fml:handshake with index 23
[16Oct2025 02:44:51.384] [Netty Epoll Server IO #3/DEBUG] [net.minecraftforge.network.HandshakeHandler/FMLHANDSHAKE]: Received client indexed reply 23 of type net.minecraftforge.network.HandshakeMessages$C2SAcknowledge
[16Oct2025 02:44:51.384] [Netty Epoll Server IO #3/DEBUG] [net.minecraftforge.network.HandshakeHandler/FMLHANDSHAKE]: Received acknowledgement from client
[16Oct2025 02:44:51.396] [Netty Epoll Server IO #3/DEBUG] [net.minecraftforge.network.LoginWrapper/FMLHANDSHAKE]: Recieved login wrapper packet event for channel fml:handshake with index 24
[16Oct2025 02:44:51.396] [Netty Epoll Server IO #3/DEBUG] [net.minecraftforge.network.HandshakeHandler/FMLHANDSHAKE]: Received client indexed reply 24 of type net.minecraftforge.network.HandshakeMessages$C2SAcknowledge
[16Oct2025 02:44:51.396] [Netty Epoll Server IO #3/DEBUG] [net.minecraftforge.network.HandshakeHandler/FMLHANDSHAKE]: Received acknowledgement from client
[16Oct2025 02:44:51.398] [Netty Epoll Server IO #3/DEBUG] [net.minecraftforge.network.LoginWrapper/FMLHANDSHAKE]: Recieved login wrapper packet event for channel fml:handshake with index 25
[16Oct2025 02:44:51.398] [Netty Epoll Server IO #3/DEBUG] [net.minecraftforge.network.HandshakeHandler/FMLHANDSHAKE]: Received client indexed reply 25 of type net.minecraftforge.network.HandshakeMessages$C2SAcknowledge
[16Oct2025 02:44:51.398] [Netty Epoll Server IO #3/DEBUG] [net.minecraftforge.network.HandshakeHandler/FMLHANDSHAKE]: Received acknowledgement from client
[16Oct2025 02:44:51.474] [Netty Epoll Server IO #3/DEBUG] [net.minecraftforge.network.LoginWrapper/FMLHANDSHAKE]: Recieved login wrapper packet event for channel fml:handshake with index 26
[16Oct2025 02:44:51.475] [Netty Epoll Server IO #3/DEBUG] [net.minecraftforge.network.HandshakeHandler/FMLHANDSHAKE]: Received client indexed reply 26 of type net.minecraftforge.network.HandshakeMessages$C2SAcknowledge
[16Oct2025 02:44:51.475] [Netty Epoll Server IO #3/DEBUG] [net.minecraftforge.network.HandshakeHandler/FMLHANDSHAKE]: Received acknowledgement from client
[16Oct2025 02:44:51.495] [Server thread/DEBUG] [net.minecraftforge.network.HandshakeHandler/FMLHANDSHAKE]: Handshake complete!
[16Oct2025 02:44:51.609] [Server thread/INFO] [net.minecraft.server.players.PlayerList/]: Irregular24[/127.102.188.188:38487] logged in with entity id 175 at (-952.6912994668725, 88.73423560066871, -1598.2439900450609)
[16Oct2025 02:44:51.614] [Server thread/DEBUG] [net.minecraftforge.network.filters.NetworkFilters/]: Injected net.minecraftforge.network.filters.ForgeConnectionNetworkFilter@53d2787d into net.minecraft.network.Connection@2f4a21fe
[16Oct2025 02:44:51.615] [Server thread/DEBUG] [Paraglider/]: Start adding village structures
[16Oct2025 02:44:51.615] [Server thread/DEBUG] [Paraglider/]: Added 2 elements to template pool 'minecraft:village/desert/houses'
[16Oct2025 02:44:51.615] [Server thread/DEBUG] [Paraglider/]: Added 2 elements to template pool 'minecraft:village/plains/houses'
[16Oct2025 02:44:51.615] [Server thread/DEBUG] [Paraglider/]: Added 2 elements to template pool 'minecraft:village/savanna/houses'
[16Oct2025 02:44:51.615] [Server thread/DEBUG] [Paraglider/]: Added 1 elements to template pool 'minecraft:village/snowy/houses'
[16Oct2025 02:44:51.615] [Server thread/DEBUG] [Paraglider/]: Added 2 elements to template pool 'minecraft:village/taiga/houses'
[16Oct2025 02:44:51.615] [Server thread/DEBUG] [Paraglider/]: Finished adding village structures
[16Oct2025 02:44:51.696] [Server thread/INFO] [net.minecraft.server.MinecraftServer/]: Irregular24 joined the game
[16Oct2025 02:44:53.460] [Server thread/DEBUG] [mixin/]: Mixing HoldingPlayerMixin from moonlight-common.mixins.json into net.minecraft.world.level.saveddata.maps.MapItemSavedData$HoldingPlayer
[16Oct2025 02:45:03.732] [Server thread/DEBUG] [mixin/]: Mixing PiglinAiMixin from relics.mixins.json into net.minecraft.world.entity.monster.piglin.PiglinAi
[16Oct2025 02:45:03.732] [Server thread/DEBUG] [mixin/]: relics.mixins.json:PiglinAiMixin: Class version 61 required is higher than the class version supported by the current version of Mixin (JAVA_8 supports class version 52)
[16Oct2025 02:45:03.741] [Server thread/DEBUG] [mixin/]: Mixing MixinPiglinAi from curios.mixins.json into net.minecraft.world.entity.monster.piglin.PiglinAi
[16Oct2025 02:45:08.228] [Server thread/WARN] [net.minecraft.server.MinecraftServer/]: Can't keep up! Is the server overloaded? Running 6042ms or 120 ticks behind
[16Oct2025 02:45:15.181] [Server thread/INFO] [net.msp.ancientscribes.procedures.RarityUpgradeProcedure/]: Central item block.minecraft.air does not have rarity tag
[16Oct2025 02:45:15.583] [Server thread/INFO] [net.msp.ancientscribes.procedures.RarityUpgradeProcedure/]: Central item block.minecraft.air does not have rarity tag
[16Oct2025 02:45:15.588] [Server thread/INFO] [net.msp.ancientscribes.procedures.RarityUpgradeProcedure/]: Central item block.minecraft.air does not have rarity tag
[16Oct2025 02:45:15.591] [Server thread/INFO] [net.msp.ancientscribes.procedures.RarityUpgradeProcedure/]: Central item block.minecraft.air does not have rarity tag
[16Oct2025 02:45:15.593] [Server thread/INFO] [net.msp.ancientscribes.procedures.RarityUpgradeProcedure/]: Central item block.minecraft.air does not have rarity tag
[16Oct2025 02:45:15.596] [Server thread/INFO] [net.msp.ancientscribes.procedures.RarityUpgradeProcedure/]: Central item block.minecraft.air does not have rarity tag
[16Oct2025 02:45:15.598] [Server thread/INFO] [net.msp.ancientscribes.procedures.RarityUpgradeProcedure/]: Central item block.minecraft.air does not have rarity tag
[16Oct2025 02:45:15.601] [Server thread/INFO] [net.msp.ancientscribes.procedures.RarityUpgradeProcedure/]: Central item block.minecraft.air does not have rarity tag
[16Oct2025 02:45:15.603] [Server thread/INFO] [net.msp.ancientscribes.procedures.RarityUpgradeProcedure/]: Central item block.minecraft.air does not have rarity tag
[16Oct2025 02:45:15.605] [Server thread/INFO] [net.msp.ancientscribes.procedures.RarityUpgradeProcedure/]: Central item block.minecraft.air does not have rarity tag
[16Oct2025 02:45:15.607] [Server thread/INFO] [net.msp.ancientscribes.procedures.RarityUpgradeProcedure/]: Central item block.minecraft.air does not have rarity tag
[16Oct2025 02:45:15.609] [Server thread/INFO] [net.msp.ancientscribes.procedures.RarityUpgradeProcedure/]: Central item block.minecraft.air does not have rarity tag
[16Oct2025 02:45:15.611] [Server thread/INFO] [net.msp.ancientscribes.procedures.RarityUpgradeProcedure/]: Central item block.minecraft.air does not have rarity tag
[16Oct2025 02:45:15.614] [Server thread/INFO] [net.msp.ancientscribes.procedures.RarityUpgradeProcedure/]: Central item block.minecraft.air does not have rarity tag
[16Oct2025 02:45:15.616] [Server thread/INFO] [net.msp.ancientscribes.procedures.RarityUpgradeProcedure/]: Central item block.minecraft.air does not have rarity tag
[16Oct2025 02:45:15.620] [Server thread/INFO] [net.msp.ancientscribes.procedures.RarityUpgradeProcedure/]: Central item block.minecraft.air does not have rarity tag
[16Oct2025 02:45:15.625] [Server thread/INFO] [net.msp.ancientscribes.procedures.RarityUpgradeProcedure/]: Central item block.minecraft.air does not have rarity tag
[16Oct2025 02:45:15.627] [Server thread/INFO] [net.msp.ancientscribes.procedures.RarityUpgradeProcedure/]: Central item block.minecraft.air does not have rarity tag
[16Oct2025 02:45:15.630] [Server thread/INFO] [net.msp.ancientscribes.procedures.RarityUpgradeProcedure/]: Central item block.minecraft.air does not have rarity tag
[16Oct2025 02:45:15.632] [Server thread/INFO] [net.msp.ancientscribes.procedures.RarityUpgradeProcedure/]: Central item block.minecraft.air does not have rarity tag
[16Oct2025 02:45:15.633] [Server thread/INFO] [net.msp.ancientscribes.procedures.RarityUpgradeProcedure/]: Central item block.minecraft.air does not have rarity tag
[16Oct2025 02:45:15.635] [Server thread/INFO] [net.msp.ancientscribes.procedures.RarityUpgradeProcedure/]: Central item block.minecraft.air does not have rarity tag
[16Oct2025 02:45:15.638] [Server thread/INFO] [net.msp.ancientscribes.procedures.RarityUpgradeProcedure/]: Central item block.minecraft.air does not have rarity tag
[16Oct2025 02:45:15.641] [Server thread/INFO] [net.msp.ancientscribes.procedures.RarityUpgradeProcedure/]: Central item block.minecraft.air does not have rarity tag
[16Oct2025 02:45:15.648] [Server thread/INFO] [net.msp.ancientscribes.procedures.RarityUpgradeProcedure/]: Central item block.minecraft.air does not have rarity tag
[16Oct2025 02:45:15.651] [Server thread/INFO] [net.msp.ancientscribes.procedures.RarityUpgradeProcedure/]: Central item block.minecraft.air does not have rarity tag
[16Oct2025 02:45:15.653] [Server thread/INFO] [net.msp.ancientscribes.procedures.RarityUpgradeProcedure/]: Central item block.minecraft.air does not have rarity tag
[16Oct2025 02:45:15.655] [Server thread/INFO] [net.msp.ancientscribes.procedures.RarityUpgradeProcedure/]: Central item block.minecraft.air does not have rarity tag
[16Oct2025 02:45:15.657] [Server thread/INFO] [net.msp.ancientscribes.procedures.RarityUpgradeProcedure/]: Central item block.minecraft.air does not have rarity tag
[16Oct2025 02:45:15.660] [Server thread/INFO] [net.msp.ancientscribes.procedures.RarityUpgradeProcedure/]: Central item block.minecraft.air does not have rarity tag
[16Oct2025 02:45:15.662] [Server thread/INFO] [net.msp.ancientscribes.procedures.RarityUpgradeProcedure/]: Central item block.minecraft.air does not have rarity tag
[16Oct2025 02:45:15.664] [Server thread/INFO] [net.msp.ancientscribes.procedures.RarityUpgradeProcedure/]: Central item block.minecraft.air does not have rarity tag
[16Oct2025 02:45:15.665] [Server thread/INFO] [net.msp.ancientscribes.procedures.RarityUpgradeProcedure/]: Central item block.minecraft.air does not have rarity tag
[16Oct2025 02:45:15.668] [Server thread/INFO] [net.msp.ancientscribes.procedures.RarityUpgradeProcedure/]: Central item block.minecraft.air does not have rarity tag
[16Oct2025 02:45:15.670] [Server thread/INFO] [net.msp.ancientscribes.procedures.RarityUpgradeProcedure/]: Central item block.minecraft.air does not have rarity tag
[16Oct2025 02:45:15.673] [Server thread/INFO] [net.msp.ancientscribes.procedures.RarityUpgradeProcedure/]: Central item block.minecraft.air does not have rarity tag
[16Oct2025 02:45:15.679] [Server thread/INFO] [net.msp.ancientscribes.procedures.RarityUpgradeProcedure/]: Central item block.minecraft.air does not have rarity tag
[16Oct2025 02:45:15.683] [Server thread/INFO] [net.msp.ancientscribes.procedures.RarityUpgradeProcedure/]: Central item block.minecraft.air does not have rarity tag
[16Oct2025 02:45:15.691] [Server thread/INFO] [net.msp.ancientscribes.procedures.RarityUpgradeProcedure/]: Central item block.minecraft.air does not have rarity tag
[16Oct2025 02:45:15.692] [Server thread/INFO] [net.msp.ancientscribes.procedures.RarityUpgradeProcedure/]: Central item block.minecraft.air does not have rarity tag
[16Oct2025 02:45:15.696] [Server thread/INFO] [net.msp.ancientscribes.procedures.RarityUpgradeProcedure/]: Central item block.minecraft.air does not have rarity tag
[16Oct2025 02:45:15.698] [Server thread/INFO] [net.msp.ancientscribes.procedures.RarityUpgradeProcedure/]: Central item block.minecraft.air does not have rarity tag
[16Oct2025 02:45:15.702] [Server thread/INFO] [net.msp.ancientscribes.procedures.RarityUpgradeProcedure/]: Central item block.minecraft.air does not have rarity tag
[16Oct2025 02:45:15.704] [Server thread/INFO] [net.msp.ancientscribes.procedures.RarityUpgradeProcedure/]: Central item block.minecraft.air does not have rarity tag
[16Oct2025 02:45:15.708] [Server thread/INFO] [net.msp.ancientscribes.procedures.RarityUpgradeProcedure/]: Central item block.minecraft.air does not have rarity tag
[16Oct2025 02:45:15.711] [Server thread/INFO] [net.msp.ancientscribes.procedures.RarityUpgradeProcedure/]: Central item block.minecraft.air does not have rarity tag
[16Oct2025 02:45:15.712] [Server thread/INFO] [net.msp.ancientscribes.procedures.RarityUpgradeProcedure/]: Central item block.minecraft.air does not have rarity tag
[16Oct2025 02:45:15.715] [Server thread/INFO] [net.msp.ancientscribes.procedures.RarityUpgradeProcedure/]: Central item block.minecraft.air does not have rarity tag
[16Oct2025 02:45:15.716] [Server thread/INFO] [net.msp.ancientscribes.procedures.RarityUpgradeProcedure/]: Central item block.minecraft.air does not have rarity tag
[16Oct2025 02:45:15.720] [Server thread/INFO] [net.msp.ancientscribes.procedures.RarityUpgradeProcedure/]: Central item block.minecraft.air does not have rarity tag
[16Oct2025 02:45:15.723] [Server thread/INFO] [net.msp.ancientscribes.procedures.RarityUpgradeProcedure/]: Central item block.minecraft.air does not have rarity tag
[16Oct2025 02:45:15.726] [Server thread/INFO] [net.msp.ancientscribes.procedures.RarityUpgradeProcedure/]: Central item block.minecraft.air does not have rarity tag
[16Oct2025 02:45:15.727] [Server thread/INFO] [net.msp.ancientscribes.procedures.RarityUpgradeProcedure/]: Central item block.minecraft.air does not have rarity tag
[16Oct2025 02:45:15.735] [Server thread/INFO] [net.msp.ancientscribes.procedures.RarityUpgradeProcedure/]: Central item block.minecraft.air does not have rarity tag
[16Oct2025 02:45:15.735] [Server thread/INFO] [net.msp.ancientscribes.procedures.RarityUpgradeProcedure/]: Central item block.minecraft.air does not have rarity tag
[16Oct2025 02:45:15.738] [Server thread/INFO] [net.msp.ancientscribes.procedures.RarityUpgradeProcedure/]: Central item block.minecraft.air does not have rarity tag
[16Oct2025 02:45:15.741] [Server thread/INFO] [net.msp.ancientscribes.procedures.RarityUpgradeProcedure/]: Central item block.minecraft.air does not have rarity tag
[16Oct2025 02:45:15.744] [Server thread/INFO] [net.msp.ancientscribes.procedures.RarityUpgradeProcedure/]: Central item block.minecraft.air does not have rarity tag
[16Oct2025 02:45:15.747] [Server thread/INFO] [net.msp.ancientscribes.procedures.RarityUpgradeProcedure/]: Central item block.minecraft.air does not have rarity tag
[16Oct2025 02:45:15.749] [Server thread/INFO] [net.msp.ancientscribes.procedures.RarityUpgradeProcedure/]: Central item block.minecraft.air does not have rarity tag
[16Oct2025 02:45:15.752] [Server thread/INFO] [net.msp.ancientscribes.procedures.RarityUpgradeProcedure/]: Central item block.minecraft.air does not have rarity tag
[16Oct2025 02:45:15.756] [Server thread/INFO] [net.msp.ancientscribes.procedures.RarityUpgradeProcedure/]: Central item block.minecraft.air does not have rarity tag
[16Oct2025 02:45:15.759] [Server thread/INFO] [net.msp.ancientscribes.procedures.RarityUpgradeProcedure/]: Central item block.minecraft.air does not have rarity tag
[16Oct2025 02:45:15.761] [Server thread/INFO] [net.msp.ancientscribes.procedures.RarityUpgradeProcedure/]: Central item block.minecraft.air does not have rarity tag
[16Oct2025 02:45:15.765] [Server thread/INFO] [net.msp.ancientscribes.procedures.RarityUpgradeProcedure/]: Central item block.minecraft.air does not have rarity tag
[16Oct2025 02:45:15.766] [Server thread/INFO] [net.msp.ancientscribes.procedures.RarityUpgradeProcedure/]: Central item block.minecraft.air does not have rarity tag
[16Oct2025 02:45:15.771] [Server thread/INFO] [net.msp.ancientscribes.procedures.RarityUpgradeProcedure/]: Central item block.minecraft.air does not have rarity tag
[16Oct2025 02:45:15.772] [Server thread/INFO] [net.msp.ancientscribes.procedures.RarityUpgradeProcedure/]: Central item block.minecraft.air does not have rarity tag
[16Oct2025 02:45:15.779] [Server thread/INFO] [net.msp.ancientscribes.procedures.RarityUpgradeProcedure/]: Central item block.minecraft.air does not have rarity tag
[16Oct2025 02:45:15.787] [Server thread/INFO] [net.msp.ancientscribes.procedures.RarityUpgradeProcedure/]: Central item block.minecraft.air does not have rarity tag
[16Oct2025 02:45:15.788] [Server thread/INFO] [net.msp.ancientscribes.procedures.RarityUpgradeProcedure/]: Central item block.minecraft.air does not have rarity tag
[16Oct2025 02:45:15.793] [Server thread/INFO] [net.msp.ancientscribes.procedures.RarityUpgradeProcedure/]: Central item block.minecraft.air does not have rarity tag
[16Oct2025 02:45:15.797] [Server thread/INFO] [net.msp.ancientscribes.procedures.RarityUpgradeProcedure/]: Central item block.minecraft.air does not have rarity tag
[16Oct2025 02:45:15.800] [Server thread/INFO] [net.msp.ancientscribes.procedures.RarityUpgradeProcedure/]: Central item block.minecraft.air does not have rarity tag
[16Oct2025 02:45:15.801] [Server thread/INFO] [net.msp.ancientscribes.procedures.RarityUpgradeProcedure/]: Central item block.minecraft.air does not have rarity tag
[16Oct2025 02:45:15.804] [Server thread/INFO] [net.msp.ancientscribes.procedures.RarityUpgradeProcedure/]: Central item block.minecraft.air does not have rarity tag
[16Oct2025 02:45:15.805] [Server thread/INFO] [net.msp.ancientscribes.procedures.RarityUpgradeProcedure/]: Central item block.minecraft.air does not have rarity tag
[16Oct2025 02:45:15.808] [Server thread/INFO] [net.msp.ancientscribes.procedures.RarityUpgradeProcedure/]: Central item block.minecraft.air does not have rarity tag
[16Oct2025 02:45:15.809] [Server thread/INFO] [net.msp.ancientscribes.procedures.RarityUpgradeProcedure/]: Central item block.minecraft.air does not have rarity tag
[16Oct2025 02:45:15.813] [Server thread/INFO] [net.msp.ancientscribes.procedures.RarityUpgradeProcedure/]: Central item block.minecraft.air does not have rarity tag
[16Oct2025 02:45:15.814] [Server thread/INFO] [net.msp.ancientscribes.procedures.RarityUpgradeProcedure/]: Central item block.minecraft.air does not have rarity tag
[16Oct2025 02:45:15.816] [Server thread/INFO] [net.msp.ancientscribes.procedures.RarityUpgradeProcedure/]: Central item block.minecraft.air does not have rarity tag
[16Oct2025 02:45:15.819] [Server thread/INFO] [net.msp.ancientscribes.procedures.RarityUpgradeProcedure/]: Central item block.minecraft.air does not have rarity tag
[16Oct2025 02:45:15.820] [Server thread/INFO] [net.msp.ancientscribes.procedures.RarityUpgradeProcedure/]: Central item block.minecraft.air does not have rarity tag
[16Oct2025 02:45:15.821] [Server thread/INFO] [net.msp.ancientscribes.procedures.RarityUpgradeProcedure/]: Central item block.minecraft.air does not have rarity tag
[16Oct2025 02:45:15.824] [Server thread/INFO] [net.msp.ancientscribes.procedures.RarityUpgradeProcedure/]: Central item block.minecraft.air does not have rarity tag
[16Oct2025 02:45:15.828] [Server thread/INFO] [net.msp.ancientscribes.procedures.RarityUpgradeProcedure/]: Central item block.minecraft.air does not have rarity tag
[16Oct2025 02:45:15.829] [Server thread/INFO] [net.msp.ancientscribes.procedures.RarityUpgradeProcedure/]: Central item block.minecraft.air does not have rarity tag
[16Oct2025 02:45:15.832] [Server thread/INFO] [net.msp.ancientscribes.procedures.RarityUpgradeProcedure/]: Central item block.minecraft.air does not have rarity tag
[16Oct2025 02:45:15.833] [Server thread/INFO] [net.msp.ancientscribes.procedures.RarityUpgradeProcedure/]: Central item block.minecraft.air does not have rarity tag
[16Oct2025 02:45:15.834] [Server thread/INFO] [net.msp.ancientscribes.procedures.RarityUpgradeProcedure/]: Central item block.minecraft.air does not have rarity tag
[16Oct2025 02:45:15.837] [Server thread/INFO] [net.msp.ancientscribes.procedures.RarityUpgradeProcedure/]: Central item block.minecraft.air does not have rarity tag
[16Oct2025 02:45:15.838] [Server thread/INFO] [net.msp.ancientscribes.procedures.RarityUpgradeProcedure/]: Central item block.minecraft.air does not have rarity tag
[16Oct2025 02:45:15.841] [Server thread/INFO] [net.msp.ancientscribes.procedures.RarityUpgradeProcedure/]: Central item block.minecraft.air does not have rarity tag
[16Oct2025 02:45:15.842] [Server thread/INFO] [net.msp.ancientscribes.procedures.RarityUpgradeProcedure/]: Central item block.minecraft.air does not have rarity tag
[16Oct2025 02:45:15.845] [Server thread/INFO] [net.msp.ancientscribes.procedures.RarityUpgradeProcedure/]: Central item block.minecraft.air does not have rarity tag
[16Oct2025 02:45:15.846] [Server thread/INFO] [net.msp.ancientscribes.procedures.RarityUpgradeProcedure/]: Central item block.minecraft.air does not have rarity tag
[16Oct2025 02:45:17.345] [Server thread/INFO] [net.msp.ancientscribes.procedures.RarityUpgradeProcedure/]: Central item block.minecraft.air does not have rarity tag
[16Oct2025 02:45:17.349] [Server thread/INFO] [net.msp.ancientscribes.procedures.RarityUpgradeProcedure/]: Central item block.minecraft.air does not have rarity tag
[16Oct2025 02:45:17.589] [Server thread/INFO] [net.msp.ancientscribes.procedures.RarityUpgradeProcedure/]: Central item block.minecraft.air does not have rarity tag
[16Oct2025 02:45:17.597] [Server thread/INFO] [net.msp.ancientscribes.procedures.RarityUpgradeProcedure/]: Central item block.minecraft.air does not have rarity tag
[16Oct2025 02:45:17.699] [Server thread/INFO] [net.msp.ancientscribes.procedures.RarityUpgradeProcedure/]: Central item block.minecraft.air does not have rarity tag
[16Oct2025 02:45:17.700] [Server thread/INFO] [net.msp.ancientscribes.procedures.RarityUpgradeProcedure/]: Central item block.minecraft.air does not have rarity tag
[16Oct2025 02:45:17.844] [Server thread/INFO] [net.msp.ancientscribes.procedures.RarityUpgradeProcedure/]: Central item block.minecraft.air does not have rarity tag
[16Oct2025 02:45:17.850] [Server thread/INFO] [net.msp.ancientscribes.procedures.RarityUpgradeProcedure/]: Central item block.minecraft.air does not have rarity tag
[16Oct2025 02:45:17.999] [Server thread/INFO] [net.msp.ancientscribes.procedures.RarityUpgradeProcedure/]: Central item block.minecraft.air does not have rarity tag
[16Oct2025 02:45:18.004] [Server thread/INFO] [net.msp.ancientscribes.procedures.RarityUpgradeProcedure/]: Central item block.minecraft.air does not have rarity tag
[16Oct2025 02:45:18.157] [Server thread/INFO] [net.msp.ancientscribes.procedures.RarityUpgradeProcedure/]: Central item block.minecraft.air does not have rarity tag
[16Oct2025 02:45:18.161] [Server thread/INFO] [net.msp.ancientscribes.procedures.RarityUpgradeProcedure/]: Central item block.minecraft.air does not have rarity tag
[16Oct2025 02:45:18.312] [Server thread/INFO] [net.msp.ancientscribes.procedures.RarityUpgradeProcedure/]: Central item block.minecraft.air does not have rarity tag
[16Oct2025 02:45:18.319] [Server thread/INFO] [net.msp.ancientscribes.procedures.RarityUpgradeProcedure/]: Central item block.minecraft.air does not have rarity tag
[16Oct2025 02:45:18.429] [Server thread/INFO] [net.msp.ancientscribes.procedures.RarityUpgradeProcedure/]: Central item block.minecraft.air does not have rarity tag
[16Oct2025 02:45:18.435] [Server thread/INFO] [net.msp.ancientscribes.procedures.RarityUpgradeProcedure/]: Central item block.minecraft.air does not have rarity tag
[16Oct2025 02:45:18.578] [Server thread/INFO] [net.msp.ancientscribes.procedures.RarityUpgradeProcedure/]: Central item block.minecraft.air does not have rarity tag
[16Oct2025 02:45:18.583] [Server thread/INFO] [net.msp.ancientscribes.procedures.RarityUpgradeProcedure/]: Central item block.minecraft.air does not have rarity tag
[16Oct2025 02:45:18.738] [Server thread/INFO] [net.msp.ancientscribes.procedures.RarityUpgradeProcedure/]: Central item block.minecraft.air does not have rarity tag
[16Oct2025 02:45:18.741] [Server thread/INFO] [net.msp.ancientscribes.procedures.RarityUpgradeProcedure/]: Central item block.minecraft.air does not have rarity tag
[16Oct2025 02:45:18.904] [Server thread/INFO] [net.msp.ancientscribes.procedures.RarityUpgradeProcedure/]: Central item block.minecraft.air does not have rarity tag
[16Oct2025 02:45:18.906] [Server thread/INFO] [net.msp.ancientscribes.procedures.RarityUpgradeProcedure/]: Central item block.minecraft.air does not have rarity tag
[16Oct2025 02:45:19.084] [Server thread/INFO] [net.msp.ancientscribes.procedures.RarityUpgradeProcedure/]: Central item block.minecraft.air does not have rarity tag
[16Oct2025 02:45:19.085] [Server thread/INFO] [net.msp.ancientscribes.procedures.RarityUpgradeProcedure/]: Central item block.minecraft.air does not have rarity tag
[16Oct2025 02:45:19.216] [Server thread/INFO] [net.msp.ancientscribes.procedures.RarityUpgradeProcedure/]: Central item block.minecraft.air does not have rarity tag
[16Oct2025 02:45:19.222] [Server thread/INFO] [net.msp.ancientscribes.procedures.RarityUpgradeProcedure/]: Central item block.minecraft.air does not have rarity tag
[16Oct2025 02:45:19.348] [Server thread/INFO] [net.msp.ancientscribes.procedures.RarityUpgradeProcedure/]: Central item block.minecraft.air does not have rarity tag
[16Oct2025 02:45:19.351] [Server thread/INFO] [net.msp.ancientscribes.procedures.RarityUpgradeProcedure/]: Central item block.minecraft.air does not have rarity tag
[16Oct2025 02:45:19.542] [Server thread/INFO] [net.msp.ancientscribes.procedures.RarityUpgradeProcedure/]: Central item block.minecraft.air does not have rarity tag
[16Oct2025 02:45:19.545] [Server thread/INFO] [net.msp.ancientscribes.procedures.RarityUpgradeProcedure/]: Central item block.minecraft.air does not have rarity tag
[16Oct2025 02:45:19.731] [Server thread/INFO] [net.msp.ancientscribes.procedures.RarityUpgradeProcedure/]: Central item block.minecraft.air does not have rarity tag
[16Oct2025 02:45:19.734] [Server thread/INFO] [net.msp.ancientscribes.procedures.RarityUpgradeProcedure/]: Central item block.minecraft.air does not have rarity tag
[16Oct2025 02:45:46.125] [Server thread/INFO] [net.msp.ancientscribes.procedures.RarityUpgradeProcedure/]: Central item block.minecraft.air does not have rarity tag
[16Oct2025 02:45:46.498] [Server thread/INFO] [net.msp.ancientscribes.procedures.RarityUpgradeProcedure/]: Central item block.minecraft.air does not have rarity tag
[16Oct2025 02:45:46.499] [Server thread/INFO] [net.msp.ancientscribes.procedures.RarityUpgradeProcedure/]: Central item block.minecraft.air does not have rarity tag
[16Oct2025 02:45:46.503] [Server thread/INFO] [net.msp.ancientscribes.procedures.RarityUpgradeProcedure/]: Central item block.minecraft.air does not have rarity tag
[16Oct2025 02:45:46.509] [Server thread/INFO] [net.msp.ancientscribes.procedures.RarityUpgradeProcedure/]: Central item block.minecraft.air does not have rarity tag
[16Oct2025 02:45:46.510] [Server thread/INFO] [net.msp.ancientscribes.procedures.RarityUpgradeProcedure/]: Central item block.minecraft.air does not have rarity tag
[16Oct2025 02:45:46.514] [Server thread/INFO] [net.msp.ancientscribes.procedures.RarityUpgradeProcedure/]: Central item block.minecraft.air does not have rarity tag
[16Oct2025 02:45:46.519] [Server thread/INFO] [net.msp.ancientscribes.procedures.RarityUpgradeProcedure/]: Central item block.minecraft.air does not have rarity tag
[16Oct2025 02:45:46.522] [Server thread/INFO] [net.msp.ancientscribes.procedures.RarityUpgradeProcedure/]: Central item block.minecraft.air does not have rarity tag
[16Oct2025 02:45:46.528] [Server thread/INFO] [net.msp.ancientscribes.procedures.RarityUpgradeProcedure/]: Central item block.minecraft.air does not have rarity tag
[16Oct2025 02:45:46.533] [Server thread/INFO] [net.msp.ancientscribes.procedures.RarityUpgradeProcedure/]: Central item block.minecraft.air does not have rarity tag
[16Oct2025 02:45:46.537] [Server thread/INFO] [net.msp.ancientscribes.procedures.RarityUpgradeProcedure/]: Central item block.minecraft.air does not have rarity tag
[16Oct2025 02:45:46.541] [Server thread/INFO] [net.msp.ancientscribes.procedures.RarityUpgradeProcedure/]: Central item block.minecraft.air does not have rarity tag
[16Oct2025 02:45:46.544] [Server thread/INFO] [net.msp.ancientscribes.procedures.RarityUpgradeProcedure/]: Central item block.minecraft.air does not have rarity tag
[16Oct2025 02:45:46.548] [Server thread/INFO] [net.msp.ancientscribes.procedures.RarityUpgradeProcedure/]: Central item block.minecraft.air does not have rarity tag
[16Oct2025 02:45:46.552] [Server thread/INFO] [net.msp.ancientscribes.procedures.RarityUpgradeProcedure/]: Central item block.minecraft.air does not have rarity tag
[16Oct2025 02:45:46.555] [Server thread/INFO] [net.msp.ancientscribes.procedures.RarityUpgradeProcedure/]: Central item block.minecraft.air does not have rarity tag
[16Oct2025 02:45:46.556] [Server thread/INFO] [net.msp.ancientscribes.procedures.RarityUpgradeProcedure/]: Central item block.minecraft.air does not have rarity tag
[16Oct2025 02:45:46.559] [Server thread/INFO] [net.msp.ancientscribes.procedures.RarityUpgradeProcedure/]: Central item block.minecraft.air does not have rarity tag
[16Oct2025 02:45:46.562] [Server thread/INFO] [net.msp.ancientscribes.procedures.RarityUpgradeProcedure/]: Central item block.minecraft.air does not have rarity tag
[16Oct2025 02:45:46.564] [Server thread/INFO] [net.msp.ancientscribes.procedures.RarityUpgradeProcedure/]: Central item block.minecraft.air does not have rarity tag
[16Oct2025 02:45:46.568] [Server thread/INFO] [net.msp.ancientscribes.procedures.RarityUpgradeProcedure/]: Central item block.minecraft.air does not have rarity tag
[16Oct2025 02:45:46.569] [Server thread/INFO] [net.msp.ancientscribes.procedures.RarityUpgradeProcedure/]: Central item block.minecraft.air does not have rarity tag
[16Oct2025 02:45:46.572] [Server thread/INFO] [net.msp.ancientscribes.procedures.RarityUpgradeProcedure/]: Central item block.minecraft.air does not have rarity tag
[16Oct2025 02:45:46.575] [Server thread/INFO] [net.msp.ancientscribes.procedures.RarityUpgradeProcedure/]: Central item block.minecraft.air does not have rarity tag
[16Oct2025 02:45:46.579] [Server thread/INFO] [net.msp.ancientscribes.procedures.RarityUpgradeProcedure/]: Central item block.minecraft.air does not have rarity tag
[16Oct2025 02:45:46.581] [Server thread/INFO] [net.msp.ancientscribes.procedures.RarityUpgradeProcedure/]: Central item block.minecraft.air does not have rarity tag
[16Oct2025 02:45:46.586] [Server thread/INFO] [net.msp.ancientscribes.procedures.RarityUpgradeProcedure/]: Central item block.minecraft.air does not have rarity tag
[16Oct2025 02:45:46.587] [Server thread/INFO] [net.msp.ancientscribes.procedures.RarityUpgradeProcedure/]: Central item block.minecraft.air does not have rarity tag
[16Oct2025 02:45:46.593] [Server thread/INFO] [net.msp.ancientscribes.procedures.RarityUpgradeProcedure/]: Central item block.minecraft.air does not have rarity tag
[16Oct2025 02:45:46.595] [Server thread/INFO] [net.msp.ancientscribes.procedures.RarityUpgradeProcedure/]: Central item block.minecraft.air does not have rarity tag
[16Oct2025 02:45:46.599] [Server thread/INFO] [net.msp.ancientscribes.procedures.RarityUpgradeProcedure/]: Central item block.minecraft.air does not have rarity tag
[16Oct2025 02:45:46.601] [Server thread/INFO] [net.msp.ancientscribes.procedures.RarityUpgradeProcedure/]: Central item block.minecraft.air does not have rarity tag
[16Oct2025 02:45:46.602] [Server thread/INFO] [net.msp.ancientscribes.procedures.RarityUpgradeProcedure/]: Central item block.minecraft.air does not have rarity tag
[16Oct2025 02:45:46.607] [Server thread/INFO] [net.msp.ancientscribes.procedures.RarityUpgradeProcedure/]: Central item block.minecraft.air does not have rarity tag
[16Oct2025 02:45:46.609] [Server thread/INFO] [net.msp.ancientscribes.procedures.RarityUpgradeProcedure/]: Central item block.minecraft.air does not have rarity tag
[16Oct2025 02:45:46.612] [Server thread/INFO] [net.msp.ancientscribes.procedures.RarityUpgradeProcedure/]: Central item block.minecraft.air does not have rarity tag
[16Oct2025 02:45:46.614] [Server thread/INFO] [net.msp.ancientscribes.procedures.RarityUpgradeProcedure/]: Central item block.minecraft.air does not have rarity tag
[16Oct2025 02:45:46.615] [Server thread/INFO] [net.msp.ancientscribes.procedures.RarityUpgradeProcedure/]: Central item block.minecraft.air does not have rarity tag
[16Oct2025 02:45:46.615] [Server thread/INFO] [net.msp.ancientscribes.procedures.RarityUpgradeProcedure/]: Central item block.minecraft.air does not have rarity tag
[16Oct2025 02:45:46.621] [Server thread/INFO] [net.msp.ancientscribes.procedures.RarityUpgradeProcedure/]: Central item block.minecraft.air does not have rarity tag
[16Oct2025 02:45:46.623] [Server thread/INFO] [net.msp.ancientscribes.procedures.RarityUpgradeProcedure/]: Central item block.minecraft.air does not have rarity tag
[16Oct2025 02:45:46.624] [Server thread/INFO] [net.msp.ancientscribes.procedures.RarityUpgradeProcedure/]: Central item block.minecraft.air does not have rarity tag
[16Oct2025 02:45:46.627] [Server thread/INFO] [net.msp.ancientscribes.procedures.RarityUpgradeProcedure/]: Central item block.minecraft.air does not have rarity tag
[16Oct2025 02:45:46.628] [Server thread/INFO] [net.msp.ancientscribes.procedures.RarityUpgradeProcedure/]: Central item block.minecraft.air does not have rarity tag
[16Oct2025 02:45:46.631] [Server thread/INFO] [net.msp.ancientscribes.procedures.RarityUpgradeProcedure/]: Central item block.minecraft.air does not have rarity tag
[16Oct2025 02:45:46.634] [Server thread/INFO] [net.msp.ancientscribes.procedures.RarityUpgradeProcedure/]: Central item block.minecraft.air does not have rarity tag
[16Oct2025 02:45:46.638] [Server thread/INFO] [net.msp.ancientscribes.procedures.RarityUpgradeProcedure/]: Central item block.minecraft.air does not have rarity tag
[16Oct2025 02:45:46.640] [Server thread/INFO] [net.msp.ancientscribes.procedures.RarityUpgradeProcedure/]: Central item block.minecraft.air does not have rarity tag
[16Oct2025 02:45:46.642] [Server thread/INFO] [net.msp.ancientscribes.procedures.RarityUpgradeProcedure/]: Central item block.minecraft.air does not have rarity tag
[16Oct2025 02:45:46.644] [Server thread/INFO] [net.msp.ancientscribes.procedures.RarityUpgradeProcedure/]: Central item block.minecraft.air does not have rarity tag
[16Oct2025 02:45:46.646] [Server thread/INFO] [net.msp.ancientscribes.procedures.RarityUpgradeProcedure/]: Central item block.minecraft.air does not have rarity tag
[16Oct2025 02:45:46.649] [Server thread/INFO] [net.msp.ancientscribes.procedures.RarityUpgradeProcedure/]: Central item block.minecraft.air does not have rarity tag
[16Oct2025 02:45:46.654] [Server thread/INFO] [net.msp.ancientscribes.procedures.RarityUpgradeProcedure/]: Central item block.minecraft.air does not have rarity tag
[16Oct2025 02:45:46.656] [Server thread/INFO] [net.msp.ancientscribes.procedures.RarityUpgradeProcedure/]: Central item block.minecraft.air does not have rarity tag
[16Oct2025 02:45:46.663] [Server thread/INFO] [net.msp.ancientscribes.procedures.RarityUpgradeProcedure/]: Central item block.minecraft.air does not have rarity tag
[16Oct2025 02:45:46.665] [Server thread/INFO] [net.msp.ancientscribes.procedures.RarityUpgradeProcedure/]: Central item block.minecraft.air does not have rarity tag
[16Oct2025 02:45:46.666] [Server thread/INFO] [net.msp.ancientscribes.procedures.RarityUpgradeProcedure/]: Central item block.minecraft.air does not have rarity tag
[16Oct2025 02:45:46.669] [Server thread/INFO] [net.msp.ancientscribes.procedures.RarityUpgradeProcedure/]: Central item block.minecraft.air does not have rarity tag
[16Oct2025 02:45:46.674] [Server thread/INFO] [net.msp.ancientscribes.procedures.RarityUpgradeProcedure/]: Central item block.minecraft.air does not have rarity tag
[16Oct2025 02:45:46.677] [Server thread/INFO] [net.msp.ancientscribes.procedures.RarityUpgradeProcedure/]: Central item block.minecraft.air does not have rarity tag
[16Oct2025 02:45:46.678] [Server thread/INFO] [net.msp.ancientscribes.procedures.RarityUpgradeProcedure/]: Central item block.minecraft.air does not have rarity tag
[16Oct2025 02:45:46.681] [Server thread/INFO] [net.msp.ancientscribes.procedures.RarityUpgradeProcedure/]: Central item block.minecraft.air does not have rarity tag
[16Oct2025 02:45:46.684] [Server thread/INFO] [net.msp.ancientscribes.procedures.RarityUpgradeProcedure/]: Central item block.minecraft.air does not have rarity tag
[16Oct2025 02:45:46.685] [Server thread/INFO] [net.msp.ancientscribes.procedures.RarityUpgradeProcedure/]: Central item block.minecraft.air does not have rarity tag
[16Oct2025 02:45:46.686] [Server thread/INFO] [net.msp.ancientscribes.procedures.RarityUpgradeProcedure/]: Central item block.minecraft.air does not have rarity tag
[16Oct2025 02:45:46.688] [Server thread/INFO] [net.msp.ancientscribes.procedures.RarityUpgradeProcedure/]: Central item block.minecraft.air does not have rarity tag
[16Oct2025 02:45:46.690] [Server thread/INFO] [net.msp.ancientscribes.procedures.RarityUpgradeProcedure/]: Central item block.minecraft.air does not have rarity tag
[16Oct2025 02:45:46.692] [Server thread/INFO] [net.msp.ancientscribes.procedures.RarityUpgradeProcedure/]: Central item block.minecraft.air does not have rarity tag
[16Oct2025 02:45:46.693] [Server thread/INFO] [net.msp.ancientscribes.procedures.RarityUpgradeProcedure/]: Central item block.minecraft.air does not have rarity tag
[16Oct2025 02:45:46.695] [Server thread/INFO] [net.msp.ancientscribes.procedures.RarityUpgradeProcedure/]: Central item block.minecraft.air does not have rarity tag
[16Oct2025 02:45:46.696] [Server thread/INFO] [net.msp.ancientscribes.procedures.RarityUpgradeProcedure/]: Central item block.minecraft.air does not have rarity tag
[16Oct2025 02:45:46.698] [Server thread/INFO] [net.msp.ancientscribes.procedures.RarityUpgradeProcedure/]: Central item block.minecraft.air does not have rarity tag
[16Oct2025 02:45:46.700] [Server thread/INFO] [net.msp.ancientscribes.procedures.RarityUpgradeProcedure/]: Central item block.minecraft.air does not have rarity tag
[16Oct2025 02:45:46.702] [Server thread/INFO] [net.msp.ancientscribes.procedures.RarityUpgradeProcedure/]: Central item block.minecraft.air does not have rarity tag
[16Oct2025 02:45:46.704] [Server thread/INFO] [net.msp.ancientscribes.procedures.RarityUpgradeProcedure/]: Central item block.minecraft.air does not have rarity tag
[16Oct2025 02:45:46.706] [Server thread/INFO] [net.msp.ancientscribes.procedures.RarityUpgradeProcedure/]: Central item block.minecraft.air does not have rarity tag
[16Oct2025 02:45:46.708] [Server thread/INFO] [net.msp.ancientscribes.procedures.RarityUpgradeProcedure/]: Central item block.minecraft.air does not have rarity tag
[16Oct2025 02:45:46.709] [Server thread/INFO] [net.msp.ancientscribes.procedures.RarityUpgradeProcedure/]: Central item block.minecraft.air does not have rarity tag
[16Oct2025 02:45:46.711] [Server thread/INFO] [net.msp.ancientscribes.procedures.RarityUpgradeProcedure/]: Central item block.minecraft.air does not have rarity tag
[16Oct2025 02:45:46.714] [Server thread/INFO] [net.msp.ancientscribes.procedures.RarityUpgradeProcedure/]: Central item block.minecraft.air does not have rarity tag
[16Oct2025 02:45:46.717] [Server thread/INFO] [net.msp.ancientscribes.procedures.RarityUpgradeProcedure/]: Central item block.minecraft.air does not have rarity tag
[16Oct2025 02:45:46.719] [Server thread/INFO] [net.msp.ancientscribes.procedures.RarityUpgradeProcedure/]: Central item block.minecraft.air does not have rarity tag
[16Oct2025 02:45:46.724] [Server thread/INFO] [net.msp.ancientscribes.procedures.RarityUpgradeProcedure/]: Central item block.minecraft.air does not have rarity tag
[16Oct2025 02:45:46.726] [Server thread/INFO] [net.msp.ancientscribes.procedures.RarityUpgradeProcedure/]: Central item block.minecraft.air does not have rarity tag
[16Oct2025 02:45:46.728] [Server thread/INFO] [net.msp.ancientscribes.procedures.RarityUpgradeProcedure/]: Central item block.minecraft.air does not have rarity tag
[16Oct2025 02:45:46.731] [Server thread/INFO] [net.msp.ancientscribes.procedures.RarityUpgradeProcedure/]: Central item block.minecraft.air does not have rarity tag
[16Oct2025 02:45:46.733] [Server thread/INFO] [net.msp.ancientscribes.procedures.RarityUpgradeProcedure/]: Central item block.minecraft.air does not have rarity tag
[16Oct2025 02:45:46.735] [Server thread/INFO] [net.msp.ancientscribes.procedures.RarityUpgradeProcedure/]: Central item block.minecraft.air does not have rarity tag
[16Oct2025 02:45:46.738] [Server thread/INFO] [net.msp.ancientscribes.procedures.RarityUpgradeProcedure/]: Central item block.minecraft.air does not have rarity tag
[16Oct2025 02:45:46.739] [Server thread/INFO] [net.msp.ancientscribes.procedures.RarityUpgradeProcedure/]: Central item block.minecraft.air does not have rarity tag
[16Oct2025 02:45:46.740] [Server thread/INFO] [net.msp.ancientscribes.procedures.RarityUpgradeProcedure/]: Central item block.minecraft.air does not have rarity tag
[16Oct2025 02:45:46.743] [Server thread/INFO] [net.msp.ancientscribes.procedures.RarityUpgradeProcedure/]: Central item block.minecraft.air does not have rarity tag
[16Oct2025 02:45:46.745] [Server thread/INFO] [net.msp.ancientscribes.procedures.RarityUpgradeProcedure/]: Central item block.minecraft.air does not have rarity tag
[16Oct2025 02:45:46.746] [Server thread/INFO] [net.msp.ancientscribes.procedures.RarityUpgradeProcedure/]: Central item block.minecraft.air does not have rarity tag
[16Oct2025 02:45:46.747] [Server thread/INFO] [net.msp.ancientscribes.procedures.RarityUpgradeProcedure/]: Central item block.minecraft.air does not have rarity tag
[16Oct2025 02:45:50.083] [Server thread/INFO] [net.msp.ancientscribes.procedures.RarityUpgradeProcedure/]: Central item block.minecraft.air does not have rarity tag
[16Oct2025 02:45:50.458] [Server thread/INFO] [net.msp.ancientscribes.procedures.RarityUpgradeProcedure/]: Central item block.minecraft.air does not have rarity tag
[16Oct2025 02:45:50.459] [Server thread/INFO] [net.msp.ancientscribes.procedures.RarityUpgradeProcedure/]: Central item block.minecraft.air does not have rarity tag
[16Oct2025 02:45:50.459] [Server thread/INFO] [net.msp.ancientscribes.procedures.RarityUpgradeProcedure/]: Central item block.minecraft.air does not have rarity tag
[16Oct2025 02:45:50.460] [Server thread/INFO] [net.msp.ancientscribes.procedures.RarityUpgradeProcedure/]: Central item block.minecraft.air does not have rarity tag
[16Oct2025 02:45:50.463] [Server thread/INFO] [net.msp.ancientscribes.procedures.RarityUpgradeProcedure/]: Central item block.minecraft.air does not have rarity tag
[16Oct2025 02:45:50.463] [Server thread/INFO] [net.msp.ancientscribes.procedures.RarityUpgradeProcedure/]: Central item block.minecraft.air does not have rarity tag
[16Oct2025 02:45:50.464] [Server thread/INFO] [net.msp.ancientscribes.procedures.RarityUpgradeProcedure/]: Central item block.minecraft.air does not have rarity tag
[16Oct2025 02:45:50.464] [Server thread/INFO] [net.msp.ancientscribes.procedures.RarityUpgradeProcedure/]: Central item block.minecraft.air does not have rarity tag
[16Oct2025 02:45:50.464] [Server thread/INFO] [net.msp.ancientscribes.procedures.RarityUpgradeProcedure/]: Central item block.minecraft.air does not have rarity tag
[16Oct2025 02:45:50.465] [Server thread/INFO] [net.msp.ancientscribes.procedures.RarityUpgradeProcedure/]: Central item block.minecraft.air does not have rarity tag
[16Oct2025 02:45:50.465] [Server thread/INFO] [net.msp.ancientscribes.procedures.RarityUpgradeProcedure/]: Central item block.minecraft.air does not have rarity tag
[16Oct2025 02:45:50.466] [Server thread/INFO] [net.msp.ancientscribes.procedures.RarityUpgradeProcedure/]: Central item block.minecraft.air does not have rarity tag
[16Oct2025 02:45:50.466] [Server thread/INFO] [net.msp.ancientscribes.procedures.RarityUpgradeProcedure/]: Central item block.minecraft.air does not have rarity tag
[16Oct2025 02:45:50.467] [Server thread/INFO] [net.msp.ancientscribes.procedures.RarityUpgradeProcedure/]: Central item block.minecraft.air does not have rarity tag
[16Oct2025 02:45:50.467] [Server thread/INFO] [net.msp.ancientscribes.procedures.RarityUpgradeProcedure/]: Central item block.minecraft.air does not have rarity tag
[16Oct2025 02:45:50.468] [Server thread/INFO] [net.msp.ancientscribes.procedures.RarityUpgradeProcedure/]: Central item block.minecraft.air does not have rarity tag
[16Oct2025 02:45:50.468] [Server thread/INFO] [net.msp.ancientscribes.procedures.RarityUpgradeProcedure/]: Central item block.minecraft.air does not have rarity tag
[16Oct2025 02:45:50.469] [Server thread/INFO] [net.msp.ancientscribes.procedures.RarityUpgradeProcedure/]: Central item block.minecraft.air does not have rarity tag
[16Oct2025 02:45:50.469] [Server thread/INFO] [net.msp.ancientscribes.procedures.RarityUpgradeProcedure/]: Central item block.minecraft.air does not have rarity tag
[16Oct2025 02:45:50.470] [Server thread/INFO] [net.msp.ancientscribes.procedures.RarityUpgradeProcedure/]: Central item block.minecraft.air does not have rarity tag
[16Oct2025 02:45:50.470] [Server thread/INFO] [net.msp.ancientscribes.procedures.RarityUpgradeProcedure/]: Central item block.minecraft.air does not have rarity tag
[16Oct2025 02:45:50.471] [Server thread/INFO] [net.msp.ancientscribes.procedures.RarityUpgradeProcedure/]: Central item block.minecraft.air does not have rarity tag
[16Oct2025 02:45:50.471] [Server thread/INFO] [net.msp.ancientscribes.procedures.RarityUpgradeProcedure/]: Central item block.minecraft.air does not have rarity tag
[16Oct2025 02:45:50.472] [Server thread/INFO] [net.msp.ancientscribes.procedures.RarityUpgradeProcedure/]: Central item block.minecraft.air does not have rarity tag
[16Oct2025 02:45:50.473] [Server thread/INFO] [net.msp.ancientscribes.procedures.RarityUpgradeProcedure/]: Central item block.minecraft.air does not have rarity tag
[16Oct2025 02:45:50.473] [Server thread/INFO] [net.msp.ancientscribes.procedures.RarityUpgradeProcedure/]: Central item block.minecraft.air does not have rarity tag
[16Oct2025 02:45:50.474] [Server thread/INFO] [net.msp.ancientscribes.procedures.RarityUpgradeProcedure/]: Central item block.minecraft.air does not have rarity tag
[16Oct2025 02:45:50.474] [Server thread/INFO] [net.msp.ancientscribes.procedures.RarityUpgradeProcedure/]: Central item block.minecraft.air does not have rarity tag
[16Oct2025 02:45:50.475] [Server thread/INFO] [net.msp.ancientscribes.procedures.RarityUpgradeProcedure/]: Central item block.minecraft.air does not have rarity tag
[16Oct2025 02:45:50.475] [Server thread/INFO] [net.msp.ancientscribes.procedures.RarityUpgradeProcedure/]: Central item block.minecraft.air does not have rarity tag
[16Oct2025 02:45:50.476] [Server thread/INFO] [net.msp.ancientscribes.procedures.RarityUpgradeProcedure/]: Central item block.minecraft.air does not have rarity tag
[16Oct2025 02:45:50.476] [Server thread/INFO] [net.msp.ancientscribes.procedures.RarityUpgradeProcedure/]: Central item block.minecraft.air does not have rarity tag
[16Oct2025 02:45:50.477] [Server thread/INFO] [net.msp.ancientscribes.procedures.RarityUpgradeProcedure/]: Central item block.minecraft.air does not have rarity tag
[16Oct2025 02:45:50.478] [Server thread/INFO] [net.msp.ancientscribes.procedures.RarityUpgradeProcedure/]: Central item block.minecraft.air does not have rarity tag
[16Oct2025 02:45:50.478] [Server thread/INFO] [net.msp.ancientscribes.procedures.RarityUpgradeProcedure/]: Central item block.minecraft.air does not have rarity tag
[16Oct2025 02:45:50.479] [Server thread/INFO] [net.msp.ancientscribes.procedures.RarityUpgradeProcedure/]: Central item block.minecraft.air does not have rarity tag
[16Oct2025 02:45:50.479] [Server thread/INFO] [net.msp.ancientscribes.procedures.RarityUpgradeProcedure/]: Central item block.minecraft.air does not have rarity tag
[16Oct2025 02:45:50.480] [Server thread/INFO] [net.msp.ancientscribes.procedures.RarityUpgradeProcedure/]: Central item block.minecraft.air does not have rarity tag
[16Oct2025 02:45:50.480] [Server thread/INFO] [net.msp.ancientscribes.procedures.RarityUpgradeProcedure/]: Central item block.minecraft.air does not have rarity tag
[16Oct2025 02:45:50.481] [Server thread/INFO] [net.msp.ancientscribes.procedures.RarityUpgradeProcedure/]: Central item block.minecraft.air does not have rarity tag
[16Oct2025 02:45:50.481] [Server thread/INFO] [net.msp.ancientscribes.procedures.RarityUpgradeProcedure/]: Central item block.minecraft.air does not have rarity tag
[16Oct2025 02:45:50.482] [Server thread/INFO] [net.msp.ancientscribes.procedures.RarityUpgradeProcedure/]: Central item block.minecraft.air does not have rarity tag
[16Oct2025 02:45:50.482] [Server thread/INFO] [net.msp.ancientscribes.procedures.RarityUpgradeProcedure/]: Central item block.minecraft.air does not have rarity tag
[16Oct2025 02:45:50.483] [Server thread/INFO] [net.msp.ancientscribes.procedures.RarityUpgradeProcedure/]: Central item block.minecraft.air does not have rarity tag
[16Oct2025 02:45:50.483] [Server thread/INFO] [net.msp.ancientscribes.procedures.RarityUpgradeProcedure/]: Central item block.minecraft.air does not have rarity tag
[16Oct2025 02:45:50.484] [Server thread/INFO] [net.msp.ancientscribes.procedures.RarityUpgradeProcedure/]: Central item block.minecraft.air does not have rarity tag
[16Oct2025 02:45:50.484] [Server thread/INFO] [net.msp.ancientscribes.procedures.RarityUpgradeProcedure/]: Central item block.minecraft.air does not have rarity tag
[16Oct2025 02:45:50.485] [Server thread/INFO] [net.msp.ancientscribes.procedures.RarityUpgradeProcedure/]: Central item block.minecraft.air does not have rarity tag
[16Oct2025 02:45:50.485] [Server thread/INFO] [net.msp.ancientscribes.procedures.RarityUpgradeProcedure/]: Central item block.minecraft.air does not have rarity tag
[16Oct2025 02:45:50.486] [Server thread/INFO] [net.msp.ancientscribes.procedures.RarityUpgradeProcedure/]: Central item block.minecraft.air does not have rarity tag
[16Oct2025 02:45:50.486] [Server thread/INFO] [net.msp.ancientscribes.procedures.RarityUpgradeProcedure/]: Central item block.minecraft.air does not have rarity tag
[16Oct2025 02:45:50.489] [Server thread/INFO] [net.msp.ancientscribes.procedures.RarityUpgradeProcedure/]: Central item block.minecraft.air does not have rarity tag
[16Oct2025 02:45:50.489] [Server thread/INFO] [net.msp.ancientscribes.procedures.RarityUpgradeProcedure/]: Central item block.minecraft.air does not have rarity tag
[16Oct2025 02:45:50.491] [Server thread/INFO] [net.msp.ancientscribes.procedures.RarityUpgradeProcedure/]: Central item block.minecraft.air does not have rarity tag
[16Oct2025 02:45:50.491] [Server thread/INFO] [net.msp.ancientscribes.procedures.RarityUpgradeProcedure/]: Central item block.minecraft.air does not have rarity tag
[16Oct2025 02:45:50.493] [Server thread/INFO] [net.msp.ancientscribes.procedures.RarityUpgradeProcedure/]: Central item block.minecraft.air does not have rarity tag
[16Oct2025 02:45:50.496] [Server thread/INFO] [net.msp.ancientscribes.procedures.RarityUpgradeProcedure/]: Central item block.minecraft.air does not have rarity tag
[16Oct2025 02:45:50.496] [Server thread/INFO] [net.msp.ancientscribes.procedures.RarityUpgradeProcedure/]: Central item block.minecraft.air does not have rarity tag
[16Oct2025 02:45:50.497] [Server thread/INFO] [net.msp.ancientscribes.procedures.RarityUpgradeProcedure/]: Central item block.minecraft.air does not have rarity tag
[16Oct2025 02:45:50.497] [Server thread/INFO] [net.msp.ancientscribes.procedures.RarityUpgradeProcedure/]: Central item block.minecraft.air does not have rarity tag
[16Oct2025 02:45:50.497] [Server thread/INFO] [net.msp.ancientscribes.procedures.RarityUpgradeProcedure/]: Central item block.minecraft.air does not have rarity tag
[16Oct2025 02:45:50.500] [Server thread/INFO] [net.msp.ancientscribes.procedures.RarityUpgradeProcedure/]: Central item block.minecraft.air does not have rarity tag
[16Oct2025 02:45:50.500] [Server thread/INFO] [net.msp.ancientscribes.procedures.RarityUpgradeProcedure/]: Central item block.minecraft.air does not have rarity tag
[16Oct2025 02:45:50.501] [Server thread/INFO] [net.msp.ancientscribes.procedures.RarityUpgradeProcedure/]: Central item block.minecraft.air does not have rarity tag
[16Oct2025 02:45:50.501] [Server thread/INFO] [net.msp.ancientscribes.procedures.RarityUpgradeProcedure/]: Central item block.minecraft.air does not have rarity tag
[16Oct2025 02:45:50.504] [Server thread/INFO] [net.msp.ancientscribes.procedures.RarityUpgradeProcedure/]: Central item block.minecraft.air does not have rarity tag
[16Oct2025 02:45:50.504] [Server thread/INFO] [net.msp.ancientscribes.procedures.RarityUpgradeProcedure/]: Central item block.minecraft.air does not have rarity tag
[16Oct2025 02:45:50.505] [Server thread/INFO] [net.msp.ancientscribes.procedures.RarityUpgradeProcedure/]: Central item block.minecraft.air does not have rarity tag
[16Oct2025 02:45:50.507] [Server thread/INFO] [net.msp.ancientscribes.procedures.RarityUpgradeProcedure/]: Central item block.minecraft.air does not have rarity tag
[16Oct2025 02:45:50.507] [Server thread/INFO] [net.msp.ancientscribes.procedures.RarityUpgradeProcedure/]: Central item block.minecraft.air does not have rarity tag
[16Oct2025 02:45:50.508] [Server thread/INFO] [net.msp.ancientscribes.procedures.RarityUpgradeProcedure/]: Central item block.minecraft.air does not have rarity tag
[16Oct2025 02:45:50.508] [Server thread/INFO] [net.msp.ancientscribes.procedures.RarityUpgradeProcedure/]: Central item block.minecraft.air does not have rarity tag
[16Oct2025 02:45:50.508] [Server thread/INFO] [net.msp.ancientscribes.procedures.RarityUpgradeProcedure/]: Central item block.minecraft.air does not have rarity tag
[16Oct2025 02:45:50.510] [Server thread/INFO] [net.msp.ancientscribes.procedures.RarityUpgradeProcedure/]: Central item block.minecraft.air does not have rarity tag
[16Oct2025 02:45:50.511] [Server thread/INFO] [net.msp.ancientscribes.procedures.RarityUpgradeProcedure/]: Central item block.minecraft.air does not have rarity tag
[16Oct2025 02:45:50.512] [Server thread/INFO] [net.msp.ancientscribes.procedures.RarityUpgradeProcedure/]: Central item block.minecraft.air does not have rarity tag
[16Oct2025 02:45:50.513] [Server thread/INFO] [net.msp.ancientscribes.procedures.RarityUpgradeProcedure/]: Central item block.minecraft.air does not have rarity tag
[16Oct2025 02:45:50.515] [Server thread/INFO] [net.msp.ancientscribes.procedures.RarityUpgradeProcedure/]: Central item block.minecraft.air does not have rarity tag
[16Oct2025 02:45:50.515] [Server thread/INFO] [net.msp.ancientscribes.procedures.RarityUpgradeProcedure/]: Central item block.minecraft.air does not have rarity tag
[16Oct2025 02:45:50.517] [Server thread/INFO] [net.msp.ancientscribes.procedures.RarityUpgradeProcedure/]: Central item block.minecraft.air does not have rarity tag
[16Oct2025 02:45:50.518] [Server thread/INFO] [net.msp.ancientscribes.procedures.RarityUpgradeProcedure/]: Central item block.minecraft.air does not have rarity tag
[16Oct2025 02:45:50.520] [Server thread/INFO] [net.msp.ancientscribes.procedures.RarityUpgradeProcedure/]: Central item block.minecraft.air does not have rarity tag
[16Oct2025 02:45:50.520] [Server thread/INFO] [net.msp.ancientscribes.procedures.RarityUpgradeProcedure/]: Central item block.minecraft.air does not have rarity tag
[16Oct2025 02:45:50.522] [Server thread/INFO] [net.msp.ancientscribes.procedures.RarityUpgradeProcedure/]: Central item block.minecraft.air does not have rarity tag
[16Oct2025 02:45:50.522] [Server thread/INFO] [net.msp.ancientscribes.procedures.RarityUpgradeProcedure/]: Central item block.minecraft.air does not have rarity tag
[16Oct2025 02:45:50.523] [Server thread/INFO] [net.msp.ancientscribes.procedures.RarityUpgradeProcedure/]: Central item block.minecraft.air does not have rarity tag
[16Oct2025 02:45:50.525] [Server thread/INFO] [net.msp.ancientscribes.procedures.RarityUpgradeProcedure/]: Central item block.minecraft.air does not have rarity tag
[16Oct2025 02:45:50.526] [Server thread/INFO] [net.msp.ancientscribes.procedures.RarityUpgradeProcedure/]: Central item block.minecraft.air does not have rarity tag
[16Oct2025 02:45:50.528] [Server thread/INFO] [net.msp.ancientscribes.procedures.RarityUpgradeProcedure/]: Central item block.minecraft.air does not have rarity tag
[16Oct2025 02:45:50.530] [Server thread/INFO] [net.msp.ancientscribes.procedures.RarityUpgradeProcedure/]: Central item block.minecraft.air does not have rarity tag
[16Oct2025 02:45:50.530] [Server thread/INFO] [net.msp.ancientscribes.procedures.RarityUpgradeProcedure/]: Central item block.minecraft.air does not have rarity tag
[16Oct2025 02:45:50.530] [Server thread/INFO] [net.msp.ancientscribes.procedures.RarityUpgradeProcedure/]: Central item block.minecraft.air does not have rarity tag
[16Oct2025 02:45:50.532] [Server thread/INFO] [net.msp.ancientscribes.procedures.RarityUpgradeProcedure/]: Central item block.minecraft.air does not have rarity tag
[16Oct2025 02:45:50.534] [Server thread/INFO] [net.msp.ancientscribes.procedures.RarityUpgradeProcedure/]: Central item block.minecraft.air does not have rarity tag
[16Oct2025 02:45:50.535] [Server thread/INFO] [net.msp.ancientscribes.procedures.RarityUpgradeProcedure/]: Central item block.minecraft.air does not have rarity tag
[16Oct2025 02:45:52.136] [Server thread/INFO] [net.msp.ancientscribes.procedures.RarityUpgradeProcedure/]: Central item block.minecraft.air does not have rarity tag
[16Oct2025 02:45:52.499] [Server thread/INFO] [net.msp.ancientscribes.procedures.RarityUpgradeProcedure/]: Central item block.minecraft.air does not have rarity tag
[16Oct2025 02:45:52.500] [Server thread/INFO] [net.msp.ancientscribes.procedures.RarityUpgradeProcedure/]: Central item block.minecraft.air does not have rarity tag
[16Oct2025 02:45:52.503] [Server thread/INFO] [net.msp.ancientscribes.procedures.RarityUpgradeProcedure/]: Central item block.minecraft.air does not have rarity tag
[16Oct2025 02:45:52.505] [Server thread/INFO] [net.msp.ancientscribes.procedures.RarityUpgradeProcedure/]: Central item block.minecraft.air does not have rarity tag
[16Oct2025 02:45:52.507] [Server thread/INFO] [net.msp.ancientscribes.procedures.RarityUpgradeProcedure/]: Central item block.minecraft.air does not have rarity tag
[16Oct2025 02:45:52.509] [Server thread/INFO] [net.msp.ancientscribes.procedures.RarityUpgradeProcedure/]: Central item block.minecraft.air does not have rarity tag
[16Oct2025 02:45:52.511] [Server thread/INFO] [net.msp.ancientscribes.procedures.RarityUpgradeProcedure/]: Central item block.minecraft.air does not have rarity tag
[16Oct2025 02:45:52.512] [Server thread/INFO] [net.msp.ancientscribes.procedures.RarityUpgradeProcedure/]: Central item block.minecraft.air does not have rarity tag
[16Oct2025 02:45:52.514] [Server thread/INFO] [net.msp.ancientscribes.procedures.RarityUpgradeProcedure/]: Central item block.minecraft.air does not have rarity tag
[16Oct2025 02:45:52.515] [Server thread/INFO] [net.msp.ancientscribes.procedures.RarityUpgradeProcedure/]: Central item block.minecraft.air does not have rarity tag
[16Oct2025 02:45:52.517] [Server thread/INFO] [net.msp.ancientscribes.procedures.RarityUpgradeProcedure/]: Central item block.minecraft.air does not have rarity tag
[16Oct2025 02:45:52.518] [Server thread/INFO] [net.msp.ancientscribes.procedures.RarityUpgradeProcedure/]: Central item block.minecraft.air does not have rarity tag
[16Oct2025 02:45:52.519] [Server thread/INFO] [net.msp.ancientscribes.procedures.RarityUpgradeProcedure/]: Central item block.minecraft.air does not have rarity tag
[16Oct2025 02:45:52.519] [Server thread/INFO] [net.msp.ancientscribes.procedures.RarityUpgradeProcedure/]: Central item block.minecraft.air does not have rarity tag
[16Oct2025 02:45:52.520] [Server thread/INFO] [net.msp.ancientscribes.procedures.RarityUpgradeProcedure/]: Central item block.minecraft.air does not have rarity tag
[16Oct2025 02:45:52.522] [Server thread/INFO] [net.msp.ancientscribes.procedures.RarityUpgradeProcedure/]: Central item block.minecraft.air does not have rarity tag
[16Oct2025 02:45:52.523] [Server thread/INFO] [net.msp.ancientscribes.procedures.RarityUpgradeProcedure/]: Central item block.minecraft.air does not have rarity tag
[16Oct2025 02:45:52.524] [Server thread/INFO] [net.msp.ancientscribes.procedures.RarityUpgradeProcedure/]: Central item block.minecraft.air does not have rarity tag
[16Oct2025 02:45:52.524] [Server thread/INFO] [net.msp.ancientscribes.procedures.RarityUpgradeProcedure/]: Central item block.minecraft.air does not have rarity tag
[16Oct2025 02:45:52.524] [Server thread/INFO] [net.msp.ancientscribes.procedures.RarityUpgradeProcedure/]: Central item block.minecraft.air does not have rarity tag
[16Oct2025 02:45:52.527] [Server thread/INFO] [net.msp.ancientscribes.procedures.RarityUpgradeProcedure/]: Central item block.minecraft.air does not have rarity tag
[16Oct2025 02:45:52.528] [Server thread/INFO] [net.msp.ancientscribes.procedures.RarityUpgradeProcedure/]: Central item block.minecraft.air does not have rarity tag
[16Oct2025 02:45:52.529] [Server thread/INFO] [net.msp.ancientscribes.procedures.RarityUpgradeProcedure/]: Central item block.minecraft.air does not have rarity tag
[16Oct2025 02:45:52.531] [Server thread/INFO] [net.msp.ancientscribes.procedures.RarityUpgradeProcedure/]: Central item block.minecraft.air does not have rarity tag
[16Oct2025 02:45:52.532] [Server thread/INFO] [net.msp.ancientscribes.procedures.RarityUpgradeProcedure/]: Central item block.minecraft.air does not have rarity tag
[16Oct2025 02:45:52.534] [Server thread/INFO] [net.msp.ancientscribes.procedures.RarityUpgradeProcedure/]: Central item block.minecraft.air does not have rarity tag
[16Oct2025 02:45:52.535] [Server thread/INFO] [net.msp.ancientscribes.procedures.RarityUpgradeProcedure/]: Central item block.minecraft.air does not have rarity tag
[16Oct2025 02:45:52.536] [Server thread/INFO] [net.msp.ancientscribes.procedures.RarityUpgradeProcedure/]: Central item block.minecraft.air does not have rarity tag
[16Oct2025 02:45:52.537] [Server thread/INFO] [net.msp.ancientscribes.procedures.RarityUpgradeProcedure/]: Central item block.minecraft.air does not have rarity tag
[16Oct2025 02:45:52.539] [Server thread/INFO] [net.msp.ancientscribes.procedures.RarityUpgradeProcedure/]: Central item block.minecraft.air does not have rarity tag
[16Oct2025 02:45:52.541] [Server thread/INFO] [net.msp.ancientscribes.procedures.RarityUpgradeProcedure/]: Central item block.minecraft.air does not have rarity tag
[16Oct2025 02:45:52.544] [Server thread/INFO] [net.msp.ancientscribes.procedures.RarityUpgradeProcedure/]: Central item block.minecraft.air does not have rarity tag
[16Oct2025 02:45:52.544] [Server thread/INFO] [net.msp.ancientscribes.procedures.RarityUpgradeProcedure/]: Central item block.minecraft.air does not have rarity tag
[16Oct2025 02:45:52.545] [Server thread/INFO] [net.msp.ancientscribes.procedures.RarityUpgradeProcedure/]: Central item block.minecraft.air does not have rarity tag
[16Oct2025 02:45:52.546] [Server thread/INFO] [net.msp.ancientscribes.procedures.RarityUpgradeProcedure/]: Central item block.minecraft.air does not have rarity tag
[16Oct2025 02:45:52.548] [Server thread/INFO] [net.msp.ancientscribes.procedures.RarityUpgradeProcedure/]: Central item block.minecraft.air does not have rarity tag
[16Oct2025 02:45:52.549] [Server thread/INFO] [net.msp.ancientscribes.procedures.RarityUpgradeProcedure/]: Central item block.minecraft.air does not have rarity tag
[16Oct2025 02:45:52.551] [Server thread/INFO] [net.msp.ancientscribes.procedures.RarityUpgradeProcedure/]: Central item block.minecraft.air does not have rarity tag
[16Oct2025 02:45:52.552] [Server thread/INFO] [net.msp.ancientscribes.procedures.RarityUpgradeProcedure/]: Central item block.minecraft.air does not have rarity tag
[16Oct2025 02:45:52.554] [Server thread/INFO] [net.msp.ancientscribes.procedures.RarityUpgradeProcedure/]: Central item block.minecraft.air does not have rarity tag
[16Oct2025 02:45:52.555] [Server thread/INFO] [net.msp.ancientscribes.procedures.RarityUpgradeProcedure/]: Central item block.minecraft.air does not have rarity tag
[16Oct2025 02:45:52.557] [Server thread/INFO] [net.msp.ancientscribes.procedures.RarityUpgradeProcedure/]: Central item block.minecraft.air does not have rarity tag
[16Oct2025 02:45:52.557] [Server thread/INFO] [net.msp.ancientscribes.procedures.RarityUpgradeProcedure/]: Central item block.minecraft.air does not have rarity tag
[16Oct2025 02:45:52.559] [Server thread/INFO] [net.msp.ancientscribes.procedures.RarityUpgradeProcedure/]: Central item block.minecraft.air does not have rarity tag
[16Oct2025 02:45:52.560] [Server thread/INFO] [net.msp.ancientscribes.procedures.RarityUpgradeProcedure/]: Central item block.minecraft.air does not have rarity tag
[16Oct2025 02:45:52.562] [Server thread/INFO] [net.msp.ancientscribes.procedures.RarityUpgradeProcedure/]: Central item block.minecraft.air does not have rarity tag
[16Oct2025 02:45:52.563] [Server thread/INFO] [net.msp.ancientscribes.procedures.RarityUpgradeProcedure/]: Central item block.minecraft.air does not have rarity tag
[16Oct2025 02:45:52.563] [Server thread/INFO] [net.msp.ancientscribes.procedures.RarityUpgradeProcedure/]: Central item block.minecraft.air does not have rarity tag
[16Oct2025 02:45:52.565] [Server thread/INFO] [net.msp.ancientscribes.procedures.RarityUpgradeProcedure/]: Central item block.minecraft.air does not have rarity tag
[16Oct2025 02:45:52.566] [Server thread/INFO] [net.msp.ancientscribes.procedures.RarityUpgradeProcedure/]: Central item block.minecraft.air does not have rarity tag
[16Oct2025 02:45:52.567] [Server thread/INFO] [net.msp.ancientscribes.procedures.RarityUpgradeProcedure/]: Central item block.minecraft.air does not have rarity tag
[16Oct2025 02:45:52.567] [Server thread/INFO] [net.msp.ancientscribes.procedures.RarityUpgradeProcedure/]: Central item block.minecraft.air does not have rarity tag
[16Oct2025 02:45:52.569] [Server thread/INFO] [net.msp.ancientscribes.procedures.RarityUpgradeProcedure/]: Central item block.minecraft.air does not have rarity tag
[16Oct2025 02:45:52.570] [Server thread/INFO] [net.msp.ancientscribes.procedures.RarityUpgradeProcedure/]: Central item block.minecraft.air does not have rarity tag
[16Oct2025 02:45:52.571] [Server thread/INFO] [net.msp.ancientscribes.procedures.RarityUpgradeProcedure/]: Central item block.minecraft.air does not have rarity tag
[16Oct2025 02:45:52.572] [Server thread/INFO] [net.msp.ancientscribes.procedures.RarityUpgradeProcedure/]: Central item block.minecraft.air does not have rarity tag
[16Oct2025 02:45:52.573] [Server thread/INFO] [net.msp.ancientscribes.procedures.RarityUpgradeProcedure/]: Central item block.minecraft.air does not have rarity tag
[16Oct2025 02:45:52.574] [Server thread/INFO] [net.msp.ancientscribes.procedures.RarityUpgradeProcedure/]: Central item block.minecraft.air does not have rarity tag
[16Oct2025 02:45:52.574] [Server thread/INFO] [net.msp.ancientscribes.procedures.RarityUpgradeProcedure/]: Central item block.minecraft.air does not have rarity tag
[16Oct2025 02:45:52.575] [Server thread/INFO] [net.msp.ancientscribes.procedures.RarityUpgradeProcedure/]: Central item block.minecraft.air does not have rarity tag
[16Oct2025 02:45:52.578] [Server thread/INFO] [net.msp.ancientscribes.procedures.RarityUpgradeProcedure/]: Central item block.minecraft.air does not have rarity tag
[16Oct2025 02:45:52.579] [Server thread/INFO] [net.msp.ancientscribes.procedures.RarityUpgradeProcedure/]: Central item block.minecraft.air does not have rarity tag
[16Oct2025 02:45:52.581] [Server thread/INFO] [net.msp.ancientscribes.procedures.RarityUpgradeProcedure/]: Central item block.minecraft.air does not have rarity tag
[16Oct2025 02:45:52.582] [Server thread/INFO] [net.msp.ancientscribes.procedures.RarityUpgradeProcedure/]: Central item block.minecraft.air does not have rarity tag
[16Oct2025 02:45:52.584] [Server thread/INFO] [net.msp.ancientscribes.procedures.RarityUpgradeProcedure/]: Central item block.minecraft.air does not have rarity tag
[16Oct2025 02:45:52.585] [Server thread/INFO] [net.msp.ancientscribes.procedures.RarityUpgradeProcedure/]: Central item block.minecraft.air does not have rarity tag
[16Oct2025 02:45:52.589] [Server thread/INFO] [net.msp.ancientscribes.procedures.RarityUpgradeProcedure/]: Central item block.minecraft.air does not have rarity tag
[16Oct2025 02:45:52.590] [Server thread/INFO] [net.msp.ancientscribes.procedures.RarityUpgradeProcedure/]: Central item block.minecraft.air does not have rarity tag
[16Oct2025 02:45:52.590] [Server thread/INFO] [net.msp.ancientscribes.procedures.RarityUpgradeProcedure/]: Central item block.minecraft.air does not have rarity tag
[16Oct2025 02:45:52.590] [Server thread/INFO] [net.msp.ancientscribes.procedures.RarityUpgradeProcedure/]: Central item block.minecraft.air does not have rarity tag
[16Oct2025 02:45:52.594] [Server thread/INFO] [net.msp.ancientscribes.procedures.RarityUpgradeProcedure/]: Central item block.minecraft.air does not have rarity tag
[16Oct2025 02:45:52.594] [Server thread/INFO] [net.msp.ancientscribes.procedures.RarityUpgradeProcedure/]: Central item block.minecraft.air does not have rarity tag
[16Oct2025 02:45:52.595] [Server thread/INFO] [net.msp.ancientscribes.procedures.RarityUpgradeProcedure/]: Central item block.minecraft.air does not have rarity tag
[16Oct2025 02:45:52.597] [Server thread/INFO] [net.msp.ancientscribes.procedures.RarityUpgradeProcedure/]: Central item block.minecraft.air does not have rarity tag
[16Oct2025 02:45:52.598] [Server thread/INFO] [net.msp.ancientscribes.procedures.RarityUpgradeProcedure/]: Central item block.minecraft.air does not have rarity tag
[16Oct2025 02:45:52.599] [Server thread/INFO] [net.msp.ancientscribes.procedures.RarityUpgradeProcedure/]: Central item block.minecraft.air does not have rarity tag
[16Oct2025 02:45:52.600] [Server thread/INFO] [net.msp.ancientscribes.procedures.RarityUpgradeProcedure/]: Central item block.minecraft.air does not have rarity tag
[16Oct2025 02:45:52.601] [Server thread/INFO] [net.msp.ancientscribes.procedures.RarityUpgradeProcedure/]: Central item block.minecraft.air does not have rarity tag
[16Oct2025 02:45:52.602] [Server thread/INFO] [net.msp.ancientscribes.procedures.RarityUpgradeProcedure/]: Central item block.minecraft.air does not have rarity tag
[16Oct2025 02:45:52.603] [Server thread/INFO] [net.msp.ancientscribes.procedures.RarityUpgradeProcedure/]: Central item block.minecraft.air does not have rarity tag
[16Oct2025 02:45:52.604] [Server thread/INFO] [net.msp.ancientscribes.procedures.RarityUpgradeProcedure/]: Central item block.minecraft.air does not have rarity tag
[16Oct2025 02:45:52.605] [Server thread/INFO] [net.msp.ancientscribes.procedures.RarityUpgradeProcedure/]: Central item block.minecraft.air does not have rarity tag
[16Oct2025 02:45:52.605] [Server thread/INFO] [net.msp.ancientscribes.procedures.RarityUpgradeProcedure/]: Central item block.minecraft.air does not have rarity tag
[16Oct2025 02:45:52.606] [Server thread/INFO] [net.msp.ancientscribes.procedures.RarityUpgradeProcedure/]: Central item block.minecraft.air does not have rarity tag
[16Oct2025 02:45:52.606] [Server thread/INFO] [net.msp.ancientscribes.procedures.RarityUpgradeProcedure/]: Central item block.minecraft.air does not have rarity tag
[16Oct2025 02:45:52.607] [Server thread/INFO] [net.msp.ancientscribes.procedures.RarityUpgradeProcedure/]: Central item block.minecraft.air does not have rarity tag
[16Oct2025 02:45:52.608] [Server thread/INFO] [net.msp.ancientscribes.procedures.RarityUpgradeProcedure/]: Central item block.minecraft.air does not have rarity tag
[16Oct2025 02:45:52.610] [Server thread/INFO] [net.msp.ancientscribes.procedures.RarityUpgradeProcedure/]: Central item block.minecraft.air does not have rarity tag
[16Oct2025 02:45:52.610] [Server thread/INFO] [net.msp.ancientscribes.procedures.RarityUpgradeProcedure/]: Central item block.minecraft.air does not have rarity tag
[16Oct2025 02:45:52.611] [Server thread/INFO] [net.msp.ancientscribes.procedures.RarityUpgradeProcedure/]: Central item block.minecraft.air does not have rarity tag
[16Oct2025 02:45:52.613] [Server thread/INFO] [net.msp.ancientscribes.procedures.RarityUpgradeProcedure/]: Central item block.minecraft.air does not have rarity tag
[16Oct2025 02:45:52.613] [Server thread/INFO] [net.msp.ancientscribes.procedures.RarityUpgradeProcedure/]: Central item block.minecraft.air does not have rarity tag
[16Oct2025 02:45:52.615] [Server thread/INFO] [net.msp.ancientscribes.procedures.RarityUpgradeProcedure/]: Central item block.minecraft.air does not have rarity tag
[16Oct2025 02:45:52.616] [Server thread/INFO] [net.msp.ancientscribes.procedures.RarityUpgradeProcedure/]: Central item block.minecraft.air does not have rarity tag
[16Oct2025 02:45:52.616] [Server thread/INFO] [net.msp.ancientscribes.procedures.RarityUpgradeProcedure/]: Central item block.minecraft.air does not have rarity tag
[16Oct2025 02:45:59.361] [Server thread/INFO] [net.msp.ancientscribes.procedures.RarityUpgradeProcedure/]: Central item block.minecraft.air does not have rarity tag
[16Oct2025 02:45:59.361] [Server thread/INFO] [net.msp.ancientscribes.procedures.RarityUpgradeProcedure/]: Central item block.minecraft.air does not have rarity tag
[16Oct2025 02:45:59.830] [Server thread/INFO] [net.msp.ancientscribes.procedures.RarityUpgradeProcedure/]: Central item block.minecraft.air does not have rarity tag
[16Oct2025 02:46:00.359] [Server thread/INFO] [net.msp.ancientscribes.procedures.RarityUpgradeProcedure/]: Central item block.minecraft.air does not have rarity tag
[16Oct2025 02:46:00.359] [Server thread/INFO] [net.msp.ancientscribes.procedures.RarityUpgradeProcedure/]: Central item block.minecraft.air does not have rarity tag
[16Oct2025 02:46:00.360] [Server thread/INFO] [net.msp.ancientscribes.procedures.RarityUpgradeProcedure/]: Central item block.minecraft.air does not have rarity tag
[16Oct2025 02:46:00.360] [Server thread/INFO] [net.msp.ancientscribes.procedures.RarityUpgradeProcedure/]: Central item block.minecraft.air does not have rarity tag
[16Oct2025 02:46:00.361] [Server thread/INFO] [net.msp.ancientscribes.procedures.RarityUpgradeProcedure/]: Central item block.minecraft.air does not have rarity tag
[16Oct2025 02:46:00.361] [Server thread/INFO] [net.msp.ancientscribes.procedures.RarityUpgradeProcedure/]: Central item block.minecraft.air does not have rarity tag
[16Oct2025 02:46:00.361] [Server thread/INFO] [net.msp.ancientscribes.procedures.RarityUpgradeProcedure/]: Central item block.minecraft.air does not have rarity tag
[16Oct2025 02:46:00.362] [Server thread/INFO] [net.msp.ancientscribes.procedures.RarityUpgradeProcedure/]: Central item block.minecraft.air does not have rarity tag
[16Oct2025 02:46:00.362] [Server thread/INFO] [net.msp.ancientscribes.procedures.RarityUpgradeProcedure/]: Central item block.minecraft.air does not have rarity tag
[16Oct2025 02:46:00.363] [Server thread/INFO] [net.msp.ancientscribes.procedures.RarityUpgradeProcedure/]: Central item block.minecraft.air does not have rarity tag
[16Oct2025 02:46:00.363] [Server thread/INFO] [net.msp.ancientscribes.procedures.RarityUpgradeProcedure/]: Central item block.minecraft.air does not have rarity tag
[16Oct2025 02:46:00.363] [Server thread/INFO] [net.msp.ancientscribes.procedures.RarityUpgradeProcedure/]: Central item block.minecraft.air does not have rarity tag
[16Oct2025 02:46:00.364] [Server thread/INFO] [net.msp.ancientscribes.procedures.RarityUpgradeProcedure/]: Central item block.minecraft.air does not have rarity tag
[16Oct2025 02:46:00.364] [Server thread/INFO] [net.msp.ancientscribes.procedures.RarityUpgradeProcedure/]: Central item block.minecraft.air does not have rarity tag
[16Oct2025 02:46:00.364] [Server thread/INFO] [net.msp.ancientscribes.procedures.RarityUpgradeProcedure/]: Central item block.minecraft.air does not have rarity tag
[16Oct2025 02:46:00.365] [Server thread/INFO] [net.msp.ancientscribes.procedures.RarityUpgradeProcedure/]: Central item block.minecraft.air does not have rarity tag
[16Oct2025 02:46:00.365] [Server thread/INFO] [net.msp.ancientscribes.procedures.RarityUpgradeProcedure/]: Central item block.minecraft.air does not have rarity tag
[16Oct2025 02:46:00.366] [Server thread/INFO] [net.msp.ancientscribes.procedures.RarityUpgradeProcedure/]: Central item block.minecraft.air does not have rarity tag
[16Oct2025 02:46:00.366] [Server thread/INFO] [net.msp.ancientscribes.procedures.RarityUpgradeProcedure/]: Central item block.minecraft.air does not have rarity tag
[16Oct2025 02:46:00.366] [Server thread/INFO] [net.msp.ancientscribes.procedures.RarityUpgradeProcedure/]: Central item block.minecraft.air does not have rarity tag
[16Oct2025 02:46:00.367] [Server thread/INFO] [net.msp.ancientscribes.procedures.RarityUpgradeProcedure/]: Central item block.minecraft.air does not have rarity tag
[16Oct2025 02:46:00.367] [Server thread/INFO] [net.msp.ancientscribes.procedures.RarityUpgradeProcedure/]: Central item block.minecraft.air does not have rarity tag
[16Oct2025 02:46:00.367] [Server thread/INFO] [net.msp.ancientscribes.procedures.RarityUpgradeProcedure/]: Central item block.minecraft.air does not have rarity tag
[16Oct2025 02:46:00.368] [Server thread/INFO] [net.msp.ancientscribes.procedures.RarityUpgradeProcedure/]: Central item block.minecraft.air does not have rarity tag
[16Oct2025 02:46:00.368] [Server thread/INFO] [net.msp.ancientscribes.procedures.RarityUpgradeProcedure/]: Central item block.minecraft.air does not have rarity tag
[16Oct2025 02:46:00.368] [Server thread/INFO] [net.msp.ancientscribes.procedures.RarityUpgradeProcedure/]: Central item block.minecraft.air does not have rarity tag
[16Oct2025 02:46:00.369] [Server thread/INFO] [net.msp.ancientscribes.procedures.RarityUpgradeProcedure/]: Central item block.minecraft.air does not have rarity tag
[16Oct2025 02:46:00.369] [Server thread/INFO] [net.msp.ancientscribes.procedures.RarityUpgradeProcedure/]: Central item block.minecraft.air does not have rarity tag
[16Oct2025 02:46:00.370] [Server thread/INFO] [net.msp.ancientscribes.procedures.RarityUpgradeProcedure/]: Central item block.minecraft.air does not have rarity tag
[16Oct2025 02:46:00.370] [Server thread/INFO] [net.msp.ancientscribes.procedures.RarityUpgradeProcedure/]: Central item block.minecraft.air does not have rarity tag
[16Oct2025 02:46:00.370] [Server thread/INFO] [net.msp.ancientscribes.procedures.RarityUpgradeProcedure/]: Central item block.minecraft.air does not have rarity tag
[16Oct2025 02:46:00.371] [Server thread/INFO] [net.msp.ancientscribes.procedures.RarityUpgradeProcedure/]: Central item block.minecraft.air does not have rarity tag
[16Oct2025 02:46:00.371] [Server thread/INFO] [net.msp.ancientscribes.procedures.RarityUpgradeProcedure/]: Central item block.minecraft.air does not have rarity tag
[16Oct2025 02:46:00.372] [Server thread/INFO] [net.msp.ancientscribes.procedures.RarityUpgradeProcedure/]: Central item block.minecraft.air does not have rarity tag
[16Oct2025 02:46:00.372] [Server thread/INFO] [net.msp.ancientscribes.procedures.RarityUpgradeProcedure/]: Central item block.minecraft.air does not have rarity tag
[16Oct2025 02:46:00.372] [Server thread/INFO] [net.msp.ancientscribes.procedures.RarityUpgradeProcedure/]: Central item block.minecraft.air does not have rarity tag
[16Oct2025 02:46:00.373] [Server thread/INFO] [net.msp.ancientscribes.procedures.RarityUpgradeProcedure/]: Central item block.minecraft.air does not have rarity tag
[16Oct2025 02:46:00.373] [Server thread/INFO] [net.msp.ancientscribes.procedures.RarityUpgradeProcedure/]: Central item block.minecraft.air does not have rarity tag
[16Oct2025 02:46:00.374] [Server thread/INFO] [net.msp.ancientscribes.procedures.RarityUpgradeProcedure/]: Central item block.minecraft.air does not have rarity tag
[16Oct2025 02:46:00.374] [Server thread/INFO] [net.msp.ancientscribes.procedures.RarityUpgradeProcedure/]: Central item block.minecraft.air does not have rarity tag
[16Oct2025 02:46:00.374] [Server thread/INFO] [net.msp.ancientscribes.procedures.RarityUpgradeProcedure/]: Central item block.minecraft.air does not have rarity tag
[16Oct2025 02:46:00.375] [Server thread/INFO] [net.msp.ancientscribes.procedures.RarityUpgradeProcedure/]: Central item block.minecraft.air does not have rarity tag
[16Oct2025 02:46:00.375] [Server thread/INFO] [net.msp.ancientscribes.procedures.RarityUpgradeProcedure/]: Central item block.minecraft.air does not have rarity tag
[16Oct2025 02:46:00.375] [Server thread/INFO] [net.msp.ancientscribes.procedures.RarityUpgradeProcedure/]: Central item block.minecraft.air does not have rarity tag
[16Oct2025 02:46:00.376] [Server thread/INFO] [net.msp.ancientscribes.procedures.RarityUpgradeProcedure/]: Central item block.minecraft.air does not have rarity tag
[16Oct2025 02:46:00.376] [Server thread/INFO] [net.msp.ancientscribes.procedures.RarityUpgradeProcedure/]: Central item block.minecraft.air does not have rarity tag
[16Oct2025 02:46:00.377] [Server thread/INFO] [net.msp.ancientscribes.procedures.RarityUpgradeProcedure/]: Central item block.minecraft.air does not have rarity tag
[16Oct2025 02:46:00.377] [Server thread/INFO] [net.msp.ancientscribes.procedures.RarityUpgradeProcedure/]: Central item block.minecraft.air does not have rarity tag
[16Oct2025 02:46:00.378] [Server thread/INFO] [net.msp.ancientscribes.procedures.RarityUpgradeProcedure/]: Central item block.minecraft.air does not have rarity tag
[16Oct2025 02:46:00.378] [Server thread/INFO] [net.msp.ancientscribes.procedures.RarityUpgradeProcedure/]: Central item block.minecraft.air does not have rarity tag
[16Oct2025 02:46:00.378] [Server thread/INFO] [net.msp.ancientscribes.procedures.RarityUpgradeProcedure/]: Central item block.minecraft.air does not have rarity tag
[16Oct2025 02:46:00.379] [Server thread/INFO] [net.msp.ancientscribes.procedures.RarityUpgradeProcedure/]: Central item block.minecraft.air does not have rarity tag
[16Oct2025 02:46:00.379] [Server thread/INFO] [net.msp.ancientscribes.procedures.RarityUpgradeProcedure/]: Central item block.minecraft.air does not have rarity tag
[16Oct2025 02:46:00.380] [Server thread/INFO] [net.msp.ancientscribes.procedures.RarityUpgradeProcedure/]: Central item block.minecraft.air does not have rarity tag
[16Oct2025 02:46:00.380] [Server thread/INFO] [net.msp.ancientscribes.procedures.RarityUpgradeProcedure/]: Central item block.minecraft.air does not have rarity tag
[16Oct2025 02:46:00.381] [Server thread/INFO] [net.msp.ancientscribes.procedures.RarityUpgradeProcedure/]: Central item block.minecraft.air does not have rarity tag
[16Oct2025 02:46:00.381] [Server thread/INFO] [net.msp.ancientscribes.procedures.RarityUpgradeProcedure/]: Central item block.minecraft.air does not have rarity tag
[16Oct2025 02:46:00.381] [Server thread/INFO] [net.msp.ancientscribes.procedures.RarityUpgradeProcedure/]: Central item block.minecraft.air does not have rarity tag
[16Oct2025 02:46:00.382] [Server thread/INFO] [net.msp.ancientscribes.procedures.RarityUpgradeProcedure/]: Central item block.minecraft.air does not have rarity tag
[16Oct2025 02:46:00.382] [Server thread/INFO] [net.msp.ancientscribes.procedures.RarityUpgradeProcedure/]: Central item block.minecraft.air does not have rarity tag
[16Oct2025 02:46:00.383] [Server thread/INFO] [net.msp.ancientscribes.procedures.RarityUpgradeProcedure/]: Central item block.minecraft.air does not have rarity tag
[16Oct2025 02:46:00.383] [Server thread/INFO] [net.msp.ancientscribes.procedures.RarityUpgradeProcedure/]: Central item block.minecraft.air does not have rarity tag
[16Oct2025 02:46:00.384] [Server thread/INFO] [net.msp.ancientscribes.procedures.RarityUpgradeProcedure/]: Central item block.minecraft.air does not have rarity tag
[16Oct2025 02:46:00.384] [Server thread/INFO] [net.msp.ancientscribes.procedures.RarityUpgradeProcedure/]: Central item block.minecraft.air does not have rarity tag
[16Oct2025 02:46:00.384] [Server thread/INFO] [net.msp.ancientscribes.procedures.RarityUpgradeProcedure/]: Central item block.minecraft.air does not have rarity tag
[16Oct2025 02:46:00.385] [Server thread/INFO] [net.msp.ancientscribes.procedures.RarityUpgradeProcedure/]: Central item block.minecraft.air does not have rarity tag
[16Oct2025 02:46:00.385] [Server thread/INFO] [net.msp.ancientscribes.procedures.RarityUpgradeProcedure/]: Central item block.minecraft.air does not have rarity tag
[16Oct2025 02:46:00.386] [Server thread/INFO] [net.msp.ancientscribes.procedures.RarityUpgradeProcedure/]: Central item block.minecraft.air does not have rarity tag
[16Oct2025 02:46:00.386] [Server thread/INFO] [net.msp.ancientscribes.procedures.RarityUpgradeProcedure/]: Central item block.minecraft.air does not have rarity tag
[16Oct2025 02:46:00.387] [Server thread/INFO] [net.msp.ancientscribes.procedures.RarityUpgradeProcedure/]: Central item block.minecraft.air does not have rarity tag
[16Oct2025 02:46:00.387] [Server thread/INFO] [net.msp.ancientscribes.procedures.RarityUpgradeProcedure/]: Central item block.minecraft.air does not have rarity tag
[16Oct2025 02:46:00.388] [Server thread/INFO] [net.msp.ancientscribes.procedures.RarityUpgradeProcedure/]: Central item block.minecraft.air does not have rarity tag
[16Oct2025 02:46:00.388] [Server thread/INFO] [net.msp.ancientscribes.procedures.RarityUpgradeProcedure/]: Central item block.minecraft.air does not have rarity tag
[16Oct2025 02:46:00.388] [Server thread/INFO] [net.msp.ancientscribes.procedures.RarityUpgradeProcedure/]: Central item block.minecraft.air does not have rarity tag
[16Oct2025 02:46:00.389] [Server thread/INFO] [net.msp.ancientscribes.procedures.RarityUpgradeProcedure/]: Central item block.minecraft.air does not have rarity tag
[16Oct2025 02:46:00.389] [Server thread/INFO] [net.msp.ancientscribes.procedures.RarityUpgradeProcedure/]: Central item block.minecraft.air does not have rarity tag
[16Oct2025 02:46:00.390] [Server thread/INFO] [net.msp.ancientscribes.procedures.RarityUpgradeProcedure/]: Central item block.minecraft.air does not have rarity tag
[16Oct2025 02:46:00.390] [Server thread/INFO] [net.msp.ancientscribes.procedures.RarityUpgradeProcedure/]: Central item block.minecraft.air does not have rarity tag
[16Oct2025 02:46:00.391] [Server thread/INFO] [net.msp.ancientscribes.procedures.RarityUpgradeProcedure/]: Central item block.minecraft.air does not have rarity tag
[16Oct2025 02:46:00.391] [Server thread/INFO] [net.msp.ancientscribes.procedures.RarityUpgradeProcedure/]: Central item block.minecraft.air does not have rarity tag
[16Oct2025 02:46:00.392] [Server thread/INFO] [net.msp.ancientscribes.procedures.RarityUpgradeProcedure/]: Central item block.minecraft.air does not have rarity tag
[16Oct2025 02:46:00.392] [Server thread/INFO] [net.msp.ancientscribes.procedures.RarityUpgradeProcedure/]: Central item block.minecraft.air does not have rarity tag
[16Oct2025 02:46:00.393] [Server thread/INFO] [net.msp.ancientscribes.procedures.RarityUpgradeProcedure/]: Central item block.minecraft.air does not have rarity tag
[16Oct2025 02:46:00.393] [Server thread/INFO] [net.msp.ancientscribes.procedures.RarityUpgradeProcedure/]: Central item block.minecraft.air does not have rarity tag
[16Oct2025 02:46:00.394] [Server thread/INFO] [net.msp.ancientscribes.procedures.RarityUpgradeProcedure/]: Central item block.minecraft.air does not have rarity tag
[16Oct2025 02:46:00.394] [Server thread/INFO] [net.msp.ancientscribes.procedures.RarityUpgradeProcedure/]: Central item block.minecraft.air does not have rarity tag
[16Oct2025 02:46:00.395] [Server thread/INFO] [net.msp.ancientscribes.procedures.RarityUpgradeProcedure/]: Central item block.minecraft.air does not have rarity tag
[16Oct2025 02:46:00.395] [Server thread/INFO] [net.msp.ancientscribes.procedures.RarityUpgradeProcedure/]: Central item block.minecraft.air does not have rarity tag
[16Oct2025 02:46:00.395] [Server thread/INFO] [net.msp.ancientscribes.procedures.RarityUpgradeProcedure/]: Central item block.minecraft.air does not have rarity tag
[16Oct2025 02:46:00.396] [Server thread/INFO] [net.msp.ancientscribes.procedures.RarityUpgradeProcedure/]: Central item block.minecraft.air does not have rarity tag
[16Oct2025 02:46:00.396] [Server thread/INFO] [net.msp.ancientscribes.procedures.RarityUpgradeProcedure/]: Central item block.minecraft.air does not have rarity tag
[16Oct2025 02:46:00.397] [Server thread/INFO] [net.msp.ancientscribes.procedures.RarityUpgradeProcedure/]: Central item block.minecraft.air does not have rarity tag
[16Oct2025 02:46:00.397] [Server thread/INFO] [net.msp.ancientscribes.procedures.RarityUpgradeProcedure/]: Central item block.minecraft.air does not have rarity tag
[16Oct2025 02:46:00.398] [Server thread/INFO] [net.msp.ancientscribes.procedures.RarityUpgradeProcedure/]: Central item block.minecraft.air does not have rarity tag
[16Oct2025 02:46:00.398] [Server thread/INFO] [net.msp.ancientscribes.procedures.RarityUpgradeProcedure/]: Central item block.minecraft.air does not have rarity tag
[16Oct2025 02:47:54.343] [Server thread/INFO] [net.minecraft.server.MinecraftServer/]: [Not Secure] <Irregular24> zzzzzzzzzzz
[16Oct2025 02:49:47.137] [Server thread/DEBUG] [net.minecraftforge.common.ForgeHooks/WP]: Gathering id map for writing to world save world
[16Oct2025 02:49:47.164] [Server thread/DEBUG] [net.minecraftforge.common.ForgeHooks/WP]: ID Map collection complete world
[16Oct2025 02:54:47.575] [Server thread/DEBUG] [net.minecraftforge.common.ForgeHooks/WP]: Gathering id map for writing to world save world
[16Oct2025 02:54:47.617] [Server thread/DEBUG] [net.minecraftforge.common.ForgeHooks/WP]: ID Map collection complete world
[16Oct2025 02:59:46.975] [Server thread/DEBUG] [net.minecraftforge.common.ForgeHooks/WP]: Gathering id map for writing to world save world
[16Oct2025 02:59:46.990] [Server thread/DEBUG] [net.minecraftforge.common.ForgeHooks/WP]: ID Map collection complete world
[16Oct2025 03:04:28.938] [Server console handler/ERROR] [net.minecraft.server.dedicated.DedicatedServer/]: Caught previously unhandled exception :
java.io.IOError: java.io.IOException: Error executing 'stty -a': stty: 'standard input': Input/output error
	at org.jline.terminal.impl.AbstractPosixTerminal.setAttributes(AbstractPosixTerminal.java:54) ~[jline-terminal-3.12.1.jar%2364!/:?]
	at org.jline.reader.impl.LineReaderImpl.readLine(LineReaderImpl.java:650) ~[jline-reader-3.12.1.jar%2363!/:?]
	at org.jline.reader.impl.LineReaderImpl.readLine(LineReaderImpl.java:418) ~[jline-reader-3.12.1.jar%2363!/:?]
	at net.minecraftforge.server.console.TerminalHandler.handleCommands(TerminalHandler.java:46) ~[forge-1.20.1-47.3.7-universal.jar%23194!/:?]
	at net.minecraft.server.dedicated.DedicatedServer$1.run(DedicatedServer.java:84) ~[server-1.20.1-20230612.114412-srg.jar%23189!/:?]
Caused by: java.io.IOException: Error executing 'stty -a': stty: 'standard input': Input/output error
	at org.jline.utils.ExecHelper.exec(ExecHelper.java:42) ~[jline-terminal-3.12.1.jar%2364!/:?]
	at org.jline.terminal.impl.ExecPty.doGetConfig(ExecPty.java:175) ~[jline-terminal-3.12.1.jar%2364!/:?]
	at org.jline.terminal.impl.ExecPty.getAttr(ExecPty.java:87) ~[jline-terminal-3.12.1.jar%2364!/:?]
	at org.jline.terminal.impl.ExecPty.doSetAttr(ExecPty.java:93) ~[jline-terminal-3.12.1.jar%2364!/:?]
	at org.jline.terminal.impl.AbstractPty.setAttr(AbstractPty.java:29) ~[jline-terminal-3.12.1.jar%2364!/:?]
	at org.jline.terminal.impl.AbstractPosixTerminal.setAttributes(AbstractPosixTerminal.java:52) ~[jline-terminal-3.12.1.jar%2364!/:?]
	... 4 more
[16Oct2025 03:04:28.923] [Server thread/INFO] [net.minecraft.server.network.ServerGamePacketListenerImpl/]: JNewHunter lost connection: Disconnected
[16Oct2025 03:04:28.947] [Server thread/INFO] [net.minecraft.server.MinecraftServer/]: JNewHunter left the game
[16Oct2025 03:04:28.964] [Server thread/INFO] [net.minecraft.server.network.ServerGamePacketListenerImpl/]: Irregular24 lost connection: Disconnected
[16Oct2025 03:04:28.967] [Server thread/INFO] [net.minecraft.server.MinecraftServer/]: Irregular24 left the game
[16Oct2025 03:04:29.039] [Server thread/INFO] [net.minecraft.server.MinecraftServer/]: Stopping server
[16Oct2025 03:04:29.043] [Server thread/INFO] [net.minecraft.server.MinecraftServer/]: Saving players
[16Oct2025 03:04:29.043] [Server thread/INFO] [net.minecraft.server.MinecraftServer/]: Saving worlds
[16Oct2025 03:04:29.901] [Server thread/INFO] [net.minecraft.server.MinecraftServer/]: Saving chunks for level 'ServerLevel[world]'/minecraft:overworld
[16Oct2025 03:04:30.894] [Server thread/INFO] [net.minecraft.server.MinecraftServer/]: Saving chunks for level 'ServerLevel[world]'/minecraft:the_nether
[16Oct2025 03:04:30.896] [Server thread/INFO] [net.minecraft.server.MinecraftServer/]: Saving chunks for level 'ServerLevel[world]'/minecraft:the_end
[16Oct2025 03:04:30.898] [Server thread/DEBUG] [net.minecraftforge.common.ForgeHooks/WP]: Gathering id map for writing to world save world
[16Oct2025 03:04:30.913] [Server thread/DEBUG] [net.minecraftforge.common.ForgeHooks/WP]: ID Map collection complete world
[16Oct2025 03:04:30.943] [Server thread/INFO] [net.minecraft.server.MinecraftServer/]: ThreadedAnvilChunkStorage (world): All chunks are saved
[16Oct2025 03:04:30.943] [Server thread/INFO] [net.minecraft.server.MinecraftServer/]: ThreadedAnvilChunkStorage (DIM-1): All chunks are saved
[16Oct2025 03:04:30.943] [Server thread/INFO] [net.minecraft.server.MinecraftServer/]: ThreadedAnvilChunkStorage (DIM1): All chunks are saved
[16Oct2025 03:04:30.943] [Server thread/INFO] [net.minecraft.server.MinecraftServer/]: ThreadedAnvilChunkStorage: All dimensions are saved
[16Oct2025 03:04:31.111] [Server thread/DEBUG] [net.minecraftforge.fml.config.ConfigTracker/CONFIG]: Unloading configs type SERVER
[16Oct2025 03:04:31.118] [Server thread/INFO] [journeymap/]: Loading JourneyMap Forge Configs
